Watching for file changes with StatReloader
[06/Apr/2026 19:05:18] "GET /health/ HTTP/1.1" 200 56
[06/Apr/2026 19:05:18,194] - Broken pipe from ('127.0.0.1', 52143)
[06/Apr/2026 19:05:29] "GET /dataset/ HTTP/1.1" 200 493
[06/Apr/2026 19:05:29,484] - Broken pipe from ('127.0.0.1', 52146)
C:\Users\acer\AppData\Local\Programs\Python\Python312\Lib\site-packages\sklearn\base.py:442: InconsistentVersionWarning: Trying to unpickle estimator LinearRegression from version 1.8.0 when using version 1.7.2. This might lead to breaking code or invalid results. Use at your own risk. For more info please refer to:
https://scikit-learn.org/stable/model_persistence.html#security-maintainability-limitations
  warnings.warn(
C:\Users\acer\AppData\Local\Programs\Python\Python312\Lib\site-packages\sklearn\utils\validation.py:2749: UserWarning: X does not have valid feature names, but LinearRegression was fitted with feature names
  warnings.warn(
[06/Apr/2026 19:05:39,230] - Broken pipe from ('127.0.0.1', 52147)
C:\Users\acer\AppData\Local\Programs\Python\Python312\Lib\site-packages\sklearn\base.py:442: InconsistentVersionWarning: Trying to unpickle estimator LinearRegression from version 1.8.0 when using version 1.7.2. This might lead to breaking code or invalid results. Use at your own risk. For more info please refer to:
https://scikit-learn.org/stable/model_persistence.html#security-maintainability-limitations
  warnings.warn(
C:\Users\acer\AppData\Local\Programs\Python\Python312\Lib\site-packages\sklearn\utils\validation.py:2749: UserWarning: X does not have valid feature names, but LinearRegression was fitted with feature names
  warnings.warn(
[06/Apr/2026 19:05:48] "POST /predict/ HTTP/1.1" 200 52
[06/Apr/2026 19:05:48,123] - Broken pipe from ('127.0.0.1', 52148)
C:\Users\acer\AppData\Local\Programs\Python\Python312\Lib\site-packages\sklearn\base.py:442: InconsistentVersionWarning: Trying to unpickle estimator LinearRegression from version 1.8.0 when using version 1.7.2. This might lead to breaking code or invalid results. Use at your own risk. For more info please refer to:
https://scikit-learn.org/stable/model_persistence.html#security-maintainability-limitations
  warnings.warn(
C:\Users\acer\AppData\Local\Programs\Python\Python312\Lib\site-packages\sklearn\utils\validation.py:2749: UserWarning: X does not have valid feature names, but LinearRegression was fitted with feature names
  warnings.warn(
C:\Users\acer\AppData\Local\Programs\Python\Python312\Lib\site-packages\sklearn\utils\validation.py:2749: UserWarning: X does not have valid feature names, but LinearRegression was fitted with feature names
  warnings.warn(
[06/Apr/2026 19:06:41] "GET /status/marketplaces/ HTTP/1.1" 200 565
C:\Users\acer\AppData\Local\Programs\Python\Python312\Lib\site-packages\sklearn\base.py:442: InconsistentVersionWarning: Trying to unpickle estimator LinearRegression from version 1.8.0 when using version 1.7.2. This might lead to breaking code or invalid results. Use at your own risk. For more info please refer to:
https://scikit-learn.org/stable/model_persistence.html#security-maintainability-limitations
  warnings.warn(
C:\Users\acer\AppData\Local\Programs\Python\Python312\Lib\site-packages\sklearn\utils\validation.py:2749: UserWarning: X does not have valid feature names, but LinearRegression was fitted with feature names
  warnings.warn(
C:\Users\acer\AppData\Local\Programs\Python\Python312\Lib\site-packages\sklearn\utils\validation.py:2749: UserWarning: X does not have valid feature names, but LinearRegression was fitted with feature names
  warnings.warn(
[06/Apr/2026 19:06:43] "GET /status/marketplaces/ HTTP/1.1" 200 565
C:\Users\acer\AppData\Local\Programs\Python\Python312\Lib\site-packages\sklearn\base.py:442: InconsistentVersionWarning: Trying to unpickle estimator LinearRegression from version 1.8.0 when using version 1.7.2. This might lead to breaking code or invalid results. Use at your own risk. For more info please refer to:
https://scikit-learn.org/stable/model_persistence.html#security-maintainability-limitations
  warnings.warn(
C:\Users\acer\AppData\Local\Programs\Python\Python312\Lib\site-packages\sklearn\utils\validation.py:2749: UserWarning: X does not have valid feature names, but LinearRegression was fitted with feature names
  warnings.warn(
C:\Users\acer\AppData\Local\Programs\Python\Python312\Lib\site-packages\sklearn\utils\validation.py:2749: UserWarning: X does not have valid feature names, but LinearRegression was fitted with feature names
  warnings.warn(
[06/Apr/2026 19:06:45] "GET /status/marketplaces/ HTTP/1.1" 200 565
C:\Users\acer\AppData\Local\Programs\Python\Python312\Lib\site-packages\sklearn\base.py:442: InconsistentVersionWarning: Trying to unpickle estimator LinearRegression from version 1.8.0 when using version 1.7.2. This might lead to breaking code or invalid results. Use at your own risk. For more info please refer to:
https://scikit-learn.org/stable/model_persistence.html#security-maintainability-limitations
  warnings.warn(
C:\Users\acer\AppData\Local\Programs\Python\Python312\Lib\site-packages\sklearn\utils\validation.py:2749: UserWarning: X does not have valid feature names, but LinearRegression was fitted with feature names
  warnings.warn(
C:\Users\acer\AppData\Local\Programs\Python\Python312\Lib\site-packages\sklearn\utils\validation.py:2749: UserWarning: X does not have valid feature names, but LinearRegression was fitted with feature names
  warnings.warn(
[06/Apr/2026 19:06:48] "GET /status/marketplaces/ HTTP/1.1" 200 565
C:\Users\acer\AppData\Local\Programs\Python\Python312\Lib\site-packages\sklearn\base.py:442: InconsistentVersionWarning: Trying to unpickle estimator LinearRegression from version 1.8.0 when using version 1.7.2. This might lead to breaking code or invalid results. Use at your own risk. For more info please refer to:
https://scikit-learn.org/stable/model_persistence.html#security-maintainability-limitations
  warnings.warn(
C:\Users\acer\AppData\Local\Programs\Python\Python312\Lib\site-packages\sklearn\utils\validation.py:2749: UserWarning: X does not have valid feature names, but LinearRegression was fitted with feature names
  warnings.warn(
C:\Users\acer\AppData\Local\Programs\Python\Python312\Lib\site-packages\sklearn\utils\validation.py:2749: UserWarning: X does not have valid feature names, but LinearRegression was fitted with feature names
  warnings.warn(
[06/Apr/2026 19:06:51] "GET /status/marketplaces/ HTTP/1.1" 200 565
C:\Users\acer\AppData\Local\Programs\Python\Python312\Lib\site-packages\sklearn\base.py:442: InconsistentVersionWarning: Trying to unpickle estimator LinearRegression from version 1.8.0 when using version 1.7.2. This might lead to breaking code or invalid results. Use at your own risk. For more info please refer to:
https://scikit-learn.org/stable/model_persistence.html#security-maintainability-limitations
  warnings.warn(
C:\Users\acer\AppData\Local\Programs\Python\Python312\Lib\site-packages\sklearn\utils\validation.py:2749: UserWarning: X does not have valid feature names, but LinearRegression was fitted with feature names
  warnings.warn(
C:\Users\acer\AppData\Local\Programs\Python\Python312\Lib\site-packages\sklearn\utils\validation.py:2749: UserWarning: X does not have valid feature names, but LinearRegression was fitted with feature names
  warnings.warn(
[06/Apr/2026 19:06:54] "GET /status/marketplaces/ HTTP/1.1" 200 565
[06/Apr/2026 19:06:55] "OPTIONS /predict/ HTTP/1.1" 200 0
C:\Users\acer\AppData\Local\Programs\Python\Python312\Lib\site-packages\sklearn\base.py:442: InconsistentVersionWarning: Trying to unpickle estimator LinearRegression from version 1.8.0 when using version 1.7.2. This might lead to breaking code or invalid results. Use at your own risk. For more info please refer to:
https://scikit-learn.org/stable/model_persistence.html#security-maintainability-limitations
  warnings.warn(
C:\Users\acer\AppData\Local\Programs\Python\Python312\Lib\site-packages\sklearn\utils\validation.py:2749: UserWarning: X does not have valid feature names, but LinearRegression was fitted with feature names
  warnings.warn(
[06/Apr/2026 19:06:55] "POST /predict/ HTTP/1.1" 200 52
[06/Apr/2026 19:06:55] "OPTIONS /predict/marketplace/ HTTP/1.1" 200 0
[06/Apr/2026 19:06:55] "OPTIONS /predict/marketplace/ HTTP/1.1" 200 0
C:\Users\acer\AppData\Local\Programs\Python\Python312\Lib\site-packages\sklearn\base.py:442: InconsistentVersionWarning: Trying to unpickle estimator LinearRegression from version 1.8.0 when using version 1.7.2. This might lead to breaking code or invalid results. Use at your own risk. For more info please refer to:
https://scikit-learn.org/stable/model_persistence.html#security-maintainability-limitations
  warnings.warn(
C:\Users\acer\AppData\Local\Programs\Python\Python312\Lib\site-packages\sklearn\utils\validation.py:2749: UserWarning: X does not have valid feature names, but LinearRegression was fitted with feature names
  warnings.warn(
[06/Apr/2026 19:06:55] "POST /predict/marketplace/ HTTP/1.1" 201 272
C:\Users\acer\AppData\Local\Programs\Python\Python312\Lib\site-packages\sklearn\base.py:442: InconsistentVersionWarning: Trying to unpickle estimator LinearRegression from version 1.8.0 when using version 1.7.2. This might lead to breaking code or invalid results. Use at your own risk. For more info please refer to:
https://scikit-learn.org/stable/model_persistence.html#security-maintainability-limitations
  warnings.warn(
C:\Users\acer\AppData\Local\Programs\Python\Python312\Lib\site-packages\sklearn\utils\validation.py:2749: UserWarning: X does not have valid feature names, but LinearRegression was fitted with feature names
  warnings.warn(
[06/Apr/2026 19:06:55] "POST /predict/marketplace/ HTTP/1.1" 201 276
C:\Users\acer\AppData\Local\Programs\Python\Python312\Lib\site-packages\sklearn\base.py:442: InconsistentVersionWarning: Trying to unpickle estimator LinearRegression from version 1.8.0 when using version 1.7.2. This might lead to breaking code or invalid results. Use at your own risk. For more info please refer to:
https://scikit-learn.org/stable/model_persistence.html#security-maintainability-limitations
  warnings.warn(
C:\Users\acer\AppData\Local\Programs\Python\Python312\Lib\site-packages\sklearn\utils\validation.py:2749: UserWarning: X does not have valid feature names, but LinearRegression was fitted with feature names
  warnings.warn(
C:\Users\acer\AppData\Local\Programs\Python\Python312\Lib\site-packages\sklearn\utils\validation.py:2749: UserWarning: X does not have valid feature names, but LinearRegression was fitted with feature names
  warnings.warn(
[06/Apr/2026 19:06:55] "GET /status/marketplaces/ HTTP/1.1" 200 569
C:\Users\acer\AppData\Local\Programs\Python\Python312\Lib\site-packages\sklearn\base.py:442: InconsistentVersionWarning: Trying to unpickle estimator LinearRegression from version 1.8.0 when using version 1.7.2. This might lead to breaking code or invalid results. Use at your own risk. For more info please refer to:
https://scikit-learn.org/stable/model_persistence.html#security-maintainability-limitations
  warnings.warn(
C:\Users\acer\AppData\Local\Programs\Python\Python312\Lib\site-packages\sklearn\utils\validation.py:2749: UserWarning: X does not have valid feature names, but LinearRegression was fitted with feature names
  warnings.warn(
C:\Users\acer\AppData\Local\Programs\Python\Python312\Lib\site-packages\sklearn\utils\validation.py:2749: UserWarning: X does not have valid feature names, but LinearRegression was fitted with feature names
  warnings.warn(
[06/Apr/2026 19:06:57] "GET /status/marketplaces/ HTTP/1.1" 200 569
C:\Users\acer\AppData\Local\Programs\Python\Python312\Lib\site-packages\sklearn\base.py:442: InconsistentVersionWarning: Trying to unpickle estimator LinearRegression from version 1.8.0 when using version 1.7.2. This might lead to breaking code or invalid results. Use at your own risk. For more info please refer to:
https://scikit-learn.org/stable/model_persistence.html#security-maintainability-limitations
  warnings.warn(
C:\Users\acer\AppData\Local\Programs\Python\Python312\Lib\site-packages\sklearn\utils\validation.py:2749: UserWarning: X does not have valid feature names, but LinearRegression was fitted with feature names
  warnings.warn(
C:\Users\acer\AppData\Local\Programs\Python\Python312\Lib\site-packages\sklearn\utils\validation.py:2749: UserWarning: X does not have valid feature names, but LinearRegression was fitted with feature names
  warnings.warn(
[06/Apr/2026 19:07:00] "GET /status/marketplaces/ HTTP/1.1" 200 569
C:\Users\acer\AppData\Local\Programs\Python\Python312\Lib\site-packages\sklearn\base.py:442: InconsistentVersionWarning: Trying to unpickle estimator LinearRegression from version 1.8.0 when using version 1.7.2. This might lead to breaking code or invalid results. Use at your own risk. For more info please refer to:
https://scikit-learn.org/stable/model_persistence.html#security-maintainability-limitations
  warnings.warn(
C:\Users\acer\AppData\Local\Programs\Python\Python312\Lib\site-packages\sklearn\utils\validation.py:2749: UserWarning: X does not have valid feature names, but LinearRegression was fitted with feature names
  warnings.warn(
C:\Users\acer\AppData\Local\Programs\Python\Python312\Lib\site-packages\sklearn\utils\validation.py:2749: UserWarning: X does not have valid feature names, but LinearRegression was fitted with feature names
  warnings.warn(
[06/Apr/2026 19:07:03] "GET /status/marketplaces/ HTTP/1.1" 200 569
C:\Users\acer\AppData\Local\Programs\Python\Python312\Lib\site-packages\sklearn\base.py:442: InconsistentVersionWarning: Trying to unpickle estimator LinearRegression from version 1.8.0 when using version 1.7.2. This might lead to breaking code or invalid results. Use at your own risk. For more info please refer to:
https://scikit-learn.org/stable/model_persistence.html#security-maintainability-limitations
  warnings.warn(
C:\Users\acer\AppData\Local\Programs\Python\Python312\Lib\site-packages\sklearn\utils\validation.py:2749: UserWarning: X does not have valid feature names, but LinearRegression was fitted with feature names
  warnings.warn(
[06/Apr/2026 19:07:06] "POST /predict/ HTTP/1.1" 200 52
C:\Users\acer\AppData\Local\Programs\Python\Python312\Lib\site-packages\sklearn\base.py:442: InconsistentVersionWarning: Trying to unpickle estimator LinearRegression from version 1.8.0 when using version 1.7.2. This might lead to breaking code or invalid results. Use at your own risk. For more info please refer to:
https://scikit-learn.org/stable/model_persistence.html#security-maintainability-limitations
  warnings.warn(
C:\Users\acer\AppData\Local\Programs\Python\Python312\Lib\site-packages\sklearn\utils\validation.py:2749: UserWarning: X does not have valid feature names, but LinearRegression was fitted with feature names
  warnings.warn(
[06/Apr/2026 19:07:06] "POST /predict/marketplace/ HTTP/1.1" 201 276
C:\Users\acer\AppData\Local\Programs\Python\Python312\Lib\site-packages\sklearn\base.py:442: InconsistentVersionWarning: Trying to unpickle estimator LinearRegression from version 1.8.0 when using version 1.7.2. This might lead to breaking code or invalid results. Use at your own risk. For more info please refer to:
https://scikit-learn.org/stable/model_persistence.html#security-maintainability-limitations
  warnings.warn(
C:\Users\acer\AppData\Local\Programs\Python\Python312\Lib\site-packages\sklearn\utils\validation.py:2749: UserWarning: X does not have valid feature names, but LinearRegression was fitted with feature names
  warnings.warn(
[06/Apr/2026 19:07:06] "POST /predict/marketplace/ HTTP/1.1" 201 272
C:\Users\acer\AppData\Local\Programs\Python\Python312\Lib\site-packages\sklearn\base.py:442: InconsistentVersionWarning: Trying to unpickle estimator LinearRegression from version 1.8.0 when using version 1.7.2. This might lead to breaking code or invalid results. Use at your own risk. For more info please refer to:
https://scikit-learn.org/stable/model_persistence.html#security-maintainability-limitations
  warnings.warn(
C:\Users\acer\AppData\Local\Programs\Python\Python312\Lib\site-packages\sklearn\utils\validation.py:2749: UserWarning: X does not have valid feature names, but LinearRegression was fitted with feature names
  warnings.warn(
C:\Users\acer\AppData\Local\Programs\Python\Python312\Lib\site-packages\sklearn\utils\validation.py:2749: UserWarning: X does not have valid feature names, but LinearRegression was fitted with feature names
  warnings.warn(
[06/Apr/2026 19:07:06] "GET /status/marketplaces/ HTTP/1.1" 200 559
C:\Users\acer\AppData\Local\Programs\Python\Python312\Lib\site-packages\sklearn\base.py:442: InconsistentVersionWarning: Trying to unpickle estimator LinearRegression from version 1.8.0 when using version 1.7.2. This might lead to breaking code or invalid results. Use at your own risk. For more info please refer to:
https://scikit-learn.org/stable/model_persistence.html#security-maintainability-limitations
  warnings.warn(
C:\Users\acer\AppData\Local\Programs\Python\Python312\Lib\site-packages\sklearn\utils\validation.py:2749: UserWarning: X does not have valid feature names, but LinearRegression was fitted with feature names
  warnings.warn(
C:\Users\acer\AppData\Local\Programs\Python\Python312\Lib\site-packages\sklearn\utils\validation.py:2749: UserWarning: X does not have valid feature names, but LinearRegression was fitted with feature names
  warnings.warn(
[06/Apr/2026 19:07:06] "GET /status/marketplaces/ HTTP/1.1" 200 559
C:\Users\acer\AppData\Local\Programs\Python\Python312\Lib\site-packages\sklearn\base.py:442: InconsistentVersionWarning: Trying to unpickle estimator LinearRegression from version 1.8.0 when using version 1.7.2. This might lead to breaking code or invalid results. Use at your own risk. For more info please refer to:
https://scikit-learn.org/stable/model_persistence.html#security-maintainability-limitations
  warnings.warn(
C:\Users\acer\AppData\Local\Programs\Python\Python312\Lib\site-packages\sklearn\utils\validation.py:2749: UserWarning: X does not have valid feature names, but LinearRegression was fitted with feature names
  warnings.warn(
C:\Users\acer\AppData\Local\Programs\Python\Python312\Lib\site-packages\sklearn\utils\validation.py:2749: UserWarning: X does not have valid feature names, but LinearRegression was fitted with feature names
  warnings.warn(
[06/Apr/2026 19:07:09] "GET /status/marketplaces/ HTTP/1.1" 200 559
C:\Users\acer\AppData\Local\Programs\Python\Python312\Lib\site-packages\sklearn\base.py:442: InconsistentVersionWarning: Trying to unpickle estimator LinearRegression from version 1.8.0 when using version 1.7.2. This might lead to breaking code or invalid results. Use at your own risk. For more info please refer to:
https://scikit-learn.org/stable/model_persistence.html#security-maintainability-limitations
  warnings.warn(
C:\Users\acer\AppData\Local\Programs\Python\Python312\Lib\site-packages\sklearn\utils\validation.py:2749: UserWarning: X does not have valid feature names, but LinearRegression was fitted with feature names
  warnings.warn(
C:\Users\acer\AppData\Local\Programs\Python\Python312\Lib\site-packages\sklearn\utils\validation.py:2749: UserWarning: X does not have valid feature names, but LinearRegression was fitted with feature names
  warnings.warn(
[06/Apr/2026 19:07:12] "GET /status/marketplaces/ HTTP/1.1" 200 559
C:\Users\acer\AppData\Local\Programs\Python\Python312\Lib\site-packages\sklearn\base.py:442: InconsistentVersionWarning: Trying to unpickle estimator LinearRegression from version 1.8.0 when using version 1.7.2. This might lead to breaking code or invalid results. Use at your own risk. For more info please refer to:
https://scikit-learn.org/stable/model_persistence.html#security-maintainability-limitations
  warnings.warn(
C:\Users\acer\AppData\Local\Programs\Python\Python312\Lib\site-packages\sklearn\utils\validation.py:2749: UserWarning: X does not have valid feature names, but LinearRegression was fitted with feature names
  warnings.warn(
[06/Apr/2026 19:07:13] "POST /predict/ HTTP/1.1" 200 52
C:\Users\acer\AppData\Local\Programs\Python\Python312\Lib\site-packages\sklearn\base.py:442: InconsistentVersionWarning: Trying to unpickle estimator LinearRegression from version 1.8.0 when using version 1.7.2. This might lead to breaking code or invalid results. Use at your own risk. For more info please refer to:
https://scikit-learn.org/stable/model_persistence.html#security-maintainability-limitations
  warnings.warn(
C:\Users\acer\AppData\Local\Programs\Python\Python312\Lib\site-packages\sklearn\utils\validation.py:2749: UserWarning: X does not have valid feature names, but LinearRegression was fitted with feature names
  warnings.warn(
[06/Apr/2026 19:07:13] "POST /predict/marketplace/ HTTP/1.1" 201 273
C:\Users\acer\AppData\Local\Programs\Python\Python312\Lib\site-packages\sklearn\base.py:442: InconsistentVersionWarning: Trying to unpickle estimator LinearRegression from version 1.8.0 when using version 1.7.2. This might lead to breaking code or invalid results. Use at your own risk. For more info please refer to:
https://scikit-learn.org/stable/model_persistence.html#security-maintainability-limitations
  warnings.warn(
C:\Users\acer\AppData\Local\Programs\Python\Python312\Lib\site-packages\sklearn\utils\validation.py:2749: UserWarning: X does not have valid feature names, but LinearRegression was fitted with feature names
  warnings.warn(
[06/Apr/2026 19:07:13] "POST /predict/marketplace/ HTTP/1.1" 201 277
C:\Users\acer\AppData\Local\Programs\Python\Python312\Lib\site-packages\sklearn\base.py:442: InconsistentVersionWarning: Trying to unpickle estimator LinearRegression from version 1.8.0 when using version 1.7.2. This might lead to breaking code or invalid results. Use at your own risk. For more info please refer to:
https://scikit-learn.org/stable/model_persistence.html#security-maintainability-limitations
  warnings.warn(
C:\Users\acer\AppData\Local\Programs\Python\Python312\Lib\site-packages\sklearn\utils\validation.py:2749: UserWarning: X does not have valid feature names, but LinearRegression was fitted with feature names
  warnings.warn(
C:\Users\acer\AppData\Local\Programs\Python\Python312\Lib\site-packages\sklearn\utils\validation.py:2749: UserWarning: X does not have valid feature names, but LinearRegression was fitted with feature names
  warnings.warn(
[06/Apr/2026 19:07:13] "GET /status/marketplaces/ HTTP/1.1" 200 565
C:\Users\acer\AppData\Local\Programs\Python\Python312\Lib\site-packages\sklearn\base.py:442: InconsistentVersionWarning: Trying to unpickle estimator LinearRegression from version 1.8.0 when using version 1.7.2. This might lead to breaking code or invalid results. Use at your own risk. For more info please refer to:
https://scikit-learn.org/stable/model_persistence.html#security-maintainability-limitations
  warnings.warn(
C:\Users\acer\AppData\Local\Programs\Python\Python312\Lib\site-packages\sklearn\utils\validation.py:2749: UserWarning: X does not have valid feature names, but LinearRegression was fitted with feature names
  warnings.warn(
C:\Users\acer\AppData\Local\Programs\Python\Python312\Lib\site-packages\sklearn\utils\validation.py:2749: UserWarning: X does not have valid feature names, but LinearRegression was fitted with feature names
  warnings.warn(
[06/Apr/2026 19:07:15] "GET /status/marketplaces/ HTTP/1.1" 200 565
C:\Users\acer\AppData\Local\Programs\Python\Python312\Lib\site-packages\sklearn\base.py:442: InconsistentVersionWarning: Trying to unpickle estimator LinearRegression from version 1.8.0 when using version 1.7.2. This might lead to breaking code or invalid results. Use at your own risk. For more info please refer to:
https://scikit-learn.org/stable/model_persistence.html#security-maintainability-limitations
  warnings.warn(
C:\Users\acer\AppData\Local\Programs\Python\Python312\Lib\site-packages\sklearn\utils\validation.py:2749: UserWarning: X does not have valid feature names, but LinearRegression was fitted with feature names
  warnings.warn(
C:\Users\acer\AppData\Local\Programs\Python\Python312\Lib\site-packages\sklearn\utils\validation.py:2749: UserWarning: X does not have valid feature names, but LinearRegression was fitted with feature names
  warnings.warn(
[06/Apr/2026 19:07:19] "GET /status/marketplaces/ HTTP/1.1" 200 565
C:\Users\acer\AppData\Local\Programs\Python\Python312\Lib\site-packages\sklearn\base.py:442: InconsistentVersionWarning: Trying to unpickle estimator LinearRegression from version 1.8.0 when using version 1.7.2. This might lead to breaking code or invalid results. Use at your own risk. For more info please refer to:
https://scikit-learn.org/stable/model_persistence.html#security-maintainability-limitations
  warnings.warn(
C:\Users\acer\AppData\Local\Programs\Python\Python312\Lib\site-packages\sklearn\utils\validation.py:2749: UserWarning: X does not have valid feature names, but LinearRegression was fitted with feature names
  warnings.warn(
C:\Users\acer\AppData\Local\Programs\Python\Python312\Lib\site-packages\sklearn\utils\validation.py:2749: UserWarning: X does not have valid feature names, but LinearRegression was fitted with feature names
  warnings.warn(
[06/Apr/2026 19:07:22] "GET /status/marketplaces/ HTTP/1.1" 200 565
C:\Users\acer\AppData\Local\Programs\Python\Python312\Lib\site-packages\sklearn\base.py:442: InconsistentVersionWarning: Trying to unpickle estimator LinearRegression from version 1.8.0 when using version 1.7.2. This might lead to breaking code or invalid results. Use at your own risk. For more info please refer to:
https://scikit-learn.org/stable/model_persistence.html#security-maintainability-limitations
  warnings.warn(
C:\Users\acer\AppData\Local\Programs\Python\Python312\Lib\site-packages\sklearn\utils\validation.py:2749: UserWarning: X does not have valid feature names, but LinearRegression was fitted with feature names
  warnings.warn(
C:\Users\acer\AppData\Local\Programs\Python\Python312\Lib\site-packages\sklearn\utils\validation.py:2749: UserWarning: X does not have valid feature names, but LinearRegression was fitted with feature names
  warnings.warn(
[06/Apr/2026 19:07:25] "GET /status/marketplaces/ HTTP/1.1" 200 565
C:\Users\acer\AppData\Local\Programs\Python\Python312\Lib\site-packages\sklearn\base.py:442: InconsistentVersionWarning: Trying to unpickle estimator LinearRegression from version 1.8.0 when using version 1.7.2. This might lead to breaking code or invalid results. Use at your own risk. For more info please refer to:
https://scikit-learn.org/stable/model_persistence.html#security-maintainability-limitations
  warnings.warn(
C:\Users\acer\AppData\Local\Programs\Python\Python312\Lib\site-packages\sklearn\utils\validation.py:2749: UserWarning: X does not have valid feature names, but LinearRegression was fitted with feature names
  warnings.warn(
C:\Users\acer\AppData\Local\Programs\Python\Python312\Lib\site-packages\sklearn\utils\validation.py:2749: UserWarning: X does not have valid feature names, but LinearRegression was fitted with feature names
  warnings.warn(
[06/Apr/2026 19:07:28] "GET /status/marketplaces/ HTTP/1.1" 200 565
C:\Users\acer\AppData\Local\Programs\Python\Python312\Lib\site-packages\sklearn\base.py:442: InconsistentVersionWarning: Trying to unpickle estimator LinearRegression from version 1.8.0 when using version 1.7.2. This might lead to breaking code or invalid results. Use at your own risk. For more info please refer to:
https://scikit-learn.org/stable/model_persistence.html#security-maintainability-limitations
  warnings.warn(
C:\Users\acer\AppData\Local\Programs\Python\Python312\Lib\site-packages\sklearn\utils\validation.py:2749: UserWarning: X does not have valid feature names, but LinearRegression was fitted with feature names
  warnings.warn(
C:\Users\acer\AppData\Local\Programs\Python\Python312\Lib\site-packages\sklearn\utils\validation.py:2749: UserWarning: X does not have valid feature names, but LinearRegression was fitted with feature names
  warnings.warn(
[06/Apr/2026 19:07:31] "GET /status/marketplaces/ HTTP/1.1" 200 565
C:\Users\acer\AppData\Local\Programs\Python\Python312\Lib\site-packages\sklearn\base.py:442: InconsistentVersionWarning: Trying to unpickle estimator LinearRegression from version 1.8.0 when using version 1.7.2. This might lead to breaking code or invalid results. Use at your own risk. For more info please refer to:
https://scikit-learn.org/stable/model_persistence.html#security-maintainability-limitations
  warnings.warn(
C:\Users\acer\AppData\Local\Programs\Python\Python312\Lib\site-packages\sklearn\utils\validation.py:2749: UserWarning: X does not have valid feature names, but LinearRegression was fitted with feature names
  warnings.warn(
C:\Users\acer\AppData\Local\Programs\Python\Python312\Lib\site-packages\sklearn\utils\validation.py:2749: UserWarning: X does not have valid feature names, but LinearRegression was fitted with feature names
  warnings.warn(
[06/Apr/2026 19:07:34] "GET /status/marketplaces/ HTTP/1.1" 200 565
C:\Users\acer\AppData\Local\Programs\Python\Python312\Lib\site-packages\sklearn\base.py:442: InconsistentVersionWarning: Trying to unpickle estimator LinearRegression from version 1.8.0 when using version 1.7.2. This might lead to breaking code or invalid results. Use at your own risk. For more info please refer to:
https://scikit-learn.org/stable/model_persistence.html#security-maintainability-limitations
  warnings.warn(
C:\Users\acer\AppData\Local\Programs\Python\Python312\Lib\site-packages\sklearn\utils\validation.py:2749: UserWarning: X does not have valid feature names, but LinearRegression was fitted with feature names
  warnings.warn(
C:\Users\acer\AppData\Local\Programs\Python\Python312\Lib\site-packages\sklearn\utils\validation.py:2749: UserWarning: X does not have valid feature names, but LinearRegression was fitted with feature names
  warnings.warn(
[06/Apr/2026 19:07:37] "GET /status/marketplaces/ HTTP/1.1" 200 565
C:\Users\acer\AppData\Local\Programs\Python\Python312\Lib\site-packages\sklearn\base.py:442: InconsistentVersionWarning: Trying to unpickle estimator LinearRegression from version 1.8.0 when using version 1.7.2. This might lead to breaking code or invalid results. Use at your own risk. For more info please refer to:
https://scikit-learn.org/stable/model_persistence.html#security-maintainability-limitations
  warnings.warn(
C:\Users\acer\AppData\Local\Programs\Python\Python312\Lib\site-packages\sklearn\utils\validation.py:2749: UserWarning: X does not have valid feature names, but LinearRegression was fitted with feature names
  warnings.warn(
C:\Users\acer\AppData\Local\Programs\Python\Python312\Lib\site-packages\sklearn\utils\validation.py:2749: UserWarning: X does not have valid feature names, but LinearRegression was fitted with feature names
  warnings.warn(
[06/Apr/2026 19:07:40] "GET /status/marketplaces/ HTTP/1.1" 200 565
C:\Users\acer\AppData\Local\Programs\Python\Python312\Lib\site-packages\sklearn\base.py:442: InconsistentVersionWarning: Trying to unpickle estimator LinearRegression from version 1.8.0 when using version 1.7.2. This might lead to breaking code or invalid results. Use at your own risk. For more info please refer to:
https://scikit-learn.org/stable/model_persistence.html#security-maintainability-limitations
  warnings.warn(
C:\Users\acer\AppData\Local\Programs\Python\Python312\Lib\site-packages\sklearn\utils\validation.py:2749: UserWarning: X does not have valid feature names, but LinearRegression was fitted with feature names
  warnings.warn(
C:\Users\acer\AppData\Local\Programs\Python\Python312\Lib\site-packages\sklearn\utils\validation.py:2749: UserWarning: X does not have valid feature names, but LinearRegression was fitted with feature names
  warnings.warn(
[06/Apr/2026 19:07:43] "GET /status/marketplaces/ HTTP/1.1" 200 565
C:\Users\acer\AppData\Local\Programs\Python\Python312\Lib\site-packages\sklearn\base.py:442: InconsistentVersionWarning: Trying to unpickle estimator LinearRegression from version 1.8.0 when using version 1.7.2. This might lead to breaking code or invalid results. Use at your own risk. For more info please refer to:
https://scikit-learn.org/stable/model_persistence.html#security-maintainability-limitations
  warnings.warn(
C:\Users\acer\AppData\Local\Programs\Python\Python312\Lib\site-packages\sklearn\utils\validation.py:2749: UserWarning: X does not have valid feature names, but LinearRegression was fitted with feature names
  warnings.warn(
C:\Users\acer\AppData\Local\Programs\Python\Python312\Lib\site-packages\sklearn\utils\validation.py:2749: UserWarning: X does not have valid feature names, but LinearRegression was fitted with feature names
  warnings.warn(
[06/Apr/2026 19:07:46] "GET /status/marketplaces/ HTTP/1.1" 200 565
C:\Users\acer\AppData\Local\Programs\Python\Python312\Lib\site-packages\sklearn\base.py:442: InconsistentVersionWarning: Trying to unpickle estimator LinearRegression from version 1.8.0 when using version 1.7.2. This might lead to breaking code or invalid results. Use at your own risk. For more info please refer to:
https://scikit-learn.org/stable/model_persistence.html#security-maintainability-limitations
  warnings.warn(
C:\Users\acer\AppData\Local\Programs\Python\Python312\Lib\site-packages\sklearn\utils\validation.py:2749: UserWarning: X does not have valid feature names, but LinearRegression was fitted with feature names
  warnings.warn(
C:\Users\acer\AppData\Local\Programs\Python\Python312\Lib\site-packages\sklearn\utils\validation.py:2749: UserWarning: X does not have valid feature names, but LinearRegression was fitted with feature names
  warnings.warn(
[06/Apr/2026 19:07:49] "GET /status/marketplaces/ HTTP/1.1" 200 565
C:\Users\acer\AppData\Local\Programs\Python\Python312\Lib\site-packages\sklearn\base.py:442: InconsistentVersionWarning: Trying to unpickle estimator LinearRegression from version 1.8.0 when using version 1.7.2. This might lead to breaking code or invalid results. Use at your own risk. For more info please refer to:
https://scikit-learn.org/stable/model_persistence.html#security-maintainability-limitations
  warnings.warn(
C:\Users\acer\AppData\Local\Programs\Python\Python312\Lib\site-packages\sklearn\utils\validation.py:2749: UserWarning: X does not have valid feature names, but LinearRegression was fitted with feature names
  warnings.warn(
C:\Users\acer\AppData\Local\Programs\Python\Python312\Lib\site-packages\sklearn\utils\validation.py:2749: UserWarning: X does not have valid feature names, but LinearRegression was fitted with feature names
  warnings.warn(
[06/Apr/2026 19:07:52] "GET /status/marketplaces/ HTTP/1.1" 200 565
C:\Users\acer\AppData\Local\Programs\Python\Python312\Lib\site-packages\sklearn\base.py:442: InconsistentVersionWarning: Trying to unpickle estimator LinearRegression from version 1.8.0 when using version 1.7.2. This might lead to breaking code or invalid results. Use at your own risk. For more info please refer to:
https://scikit-learn.org/stable/model_persistence.html#security-maintainability-limitations
  warnings.warn(
C:\Users\acer\AppData\Local\Programs\Python\Python312\Lib\site-packages\sklearn\utils\validation.py:2749: UserWarning: X does not have valid feature names, but LinearRegression was fitted with feature names
  warnings.warn(
C:\Users\acer\AppData\Local\Programs\Python\Python312\Lib\site-packages\sklearn\utils\validation.py:2749: UserWarning: X does not have valid feature names, but LinearRegression was fitted with feature names
  warnings.warn(
[06/Apr/2026 19:07:55] "GET /status/marketplaces/ HTTP/1.1" 200 565
C:\Users\acer\AppData\Local\Programs\Python\Python312\Lib\site-packages\sklearn\base.py:442: InconsistentVersionWarning: Trying to unpickle estimator LinearRegression from version 1.8.0 when using version 1.7.2. This might lead to breaking code or invalid results. Use at your own risk. For more info please refer to:
https://scikit-learn.org/stable/model_persistence.html#security-maintainability-limitations
  warnings.warn(
C:\Users\acer\AppData\Local\Programs\Python\Python312\Lib\site-packages\sklearn\utils\validation.py:2749: UserWarning: X does not have valid feature names, but LinearRegression was fitted with feature names
  warnings.warn(
C:\Users\acer\AppData\Local\Programs\Python\Python312\Lib\site-packages\sklearn\utils\validation.py:2749: UserWarning: X does not have valid feature names, but LinearRegression was fitted with feature names
  warnings.warn(
[06/Apr/2026 19:07:58] "GET /status/marketplaces/ HTTP/1.1" 200 565
C:\Users\acer\AppData\Local\Programs\Python\Python312\Lib\site-packages\sklearn\base.py:442: InconsistentVersionWarning: Trying to unpickle estimator LinearRegression from version 1.8.0 when using version 1.7.2. This might lead to breaking code or invalid results. Use at your own risk. For more info please refer to:
https://scikit-learn.org/stable/model_persistence.html#security-maintainability-limitations
  warnings.warn(
C:\Users\acer\AppData\Local\Programs\Python\Python312\Lib\site-packages\sklearn\utils\validation.py:2749: UserWarning: X does not have valid feature names, but LinearRegression was fitted with feature names
  warnings.warn(
C:\Users\acer\AppData\Local\Programs\Python\Python312\Lib\site-packages\sklearn\utils\validation.py:2749: UserWarning: X does not have valid feature names, but LinearRegression was fitted with feature names
  warnings.warn(
[06/Apr/2026 19:08:01] "GET /status/marketplaces/ HTTP/1.1" 200 565
C:\Users\acer\AppData\Local\Programs\Python\Python312\Lib\site-packages\sklearn\base.py:442: InconsistentVersionWarning: Trying to unpickle estimator LinearRegression from version 1.8.0 when using version 1.7.2. This might lead to breaking code or invalid results. Use at your own risk. For more info please refer to:
https://scikit-learn.org/stable/model_persistence.html#security-maintainability-limitations
  warnings.warn(
C:\Users\acer\AppData\Local\Programs\Python\Python312\Lib\site-packages\sklearn\utils\validation.py:2749: UserWarning: X does not have valid feature names, but LinearRegression was fitted with feature names
  warnings.warn(
C:\Users\acer\AppData\Local\Programs\Python\Python312\Lib\site-packages\sklearn\utils\validation.py:2749: UserWarning: X does not have valid feature names, but LinearRegression was fitted with feature names
  warnings.warn(
[06/Apr/2026 19:08:03] "GET /status/marketplaces/ HTTP/1.1" 200 565
C:\Users\acer\AppData\Local\Programs\Python\Python312\Lib\site-packages\sklearn\base.py:442: InconsistentVersionWarning: Trying to unpickle estimator LinearRegression from version 1.8.0 when using version 1.7.2. This might lead to breaking code or invalid results. Use at your own risk. For more info please refer to:
https://scikit-learn.org/stable/model_persistence.html#security-maintainability-limitations
  warnings.warn(
C:\Users\acer\AppData\Local\Programs\Python\Python312\Lib\site-packages\sklearn\utils\validation.py:2749: UserWarning: X does not have valid feature names, but LinearRegression was fitted with feature names
  warnings.warn(
[06/Apr/2026 19:08:05] "POST /predict/ HTTP/1.1" 200 52
C:\Users\acer\AppData\Local\Programs\Python\Python312\Lib\site-packages\sklearn\base.py:442: InconsistentVersionWarning: Trying to unpickle estimator LinearRegression from version 1.8.0 when using version 1.7.2. This might lead to breaking code or invalid results. Use at your own risk. For more info please refer to:
https://scikit-learn.org/stable/model_persistence.html#security-maintainability-limitations
  warnings.warn(
C:\Users\acer\AppData\Local\Programs\Python\Python312\Lib\site-packages\sklearn\utils\validation.py:2749: UserWarning: X does not have valid feature names, but LinearRegression was fitted with feature names
  warnings.warn(
[06/Apr/2026 19:08:05] "POST /predict/marketplace/ HTTP/1.1" 201 273
C:\Users\acer\AppData\Local\Programs\Python\Python312\Lib\site-packages\sklearn\base.py:442: InconsistentVersionWarning: Trying to unpickle estimator LinearRegression from version 1.8.0 when using version 1.7.2. This might lead to breaking code or invalid results. Use at your own risk. For more info please refer to:
https://scikit-learn.org/stable/model_persistence.html#security-maintainability-limitations
  warnings.warn(
C:\Users\acer\AppData\Local\Programs\Python\Python312\Lib\site-packages\sklearn\utils\validation.py:2749: UserWarning: X does not have valid feature names, but LinearRegression was fitted with feature names
  warnings.warn(
[06/Apr/2026 19:08:05] "POST /predict/marketplace/ HTTP/1.1" 201 277
C:\Users\acer\AppData\Local\Programs\Python\Python312\Lib\site-packages\sklearn\base.py:442: InconsistentVersionWarning: Trying to unpickle estimator LinearRegression from version 1.8.0 when using version 1.7.2. This might lead to breaking code or invalid results. Use at your own risk. For more info please refer to:
https://scikit-learn.org/stable/model_persistence.html#security-maintainability-limitations
  warnings.warn(
C:\Users\acer\AppData\Local\Programs\Python\Python312\Lib\site-packages\sklearn\utils\validation.py:2749: UserWarning: X does not have valid feature names, but LinearRegression was fitted with feature names
  warnings.warn(
C:\Users\acer\AppData\Local\Programs\Python\Python312\Lib\site-packages\sklearn\utils\validation.py:2749: UserWarning: X does not have valid feature names, but LinearRegression was fitted with feature names
  warnings.warn(
[06/Apr/2026 19:08:05] "GET /status/marketplaces/ HTTP/1.1" 200 565
C:\Users\acer\AppData\Local\Programs\Python\Python312\Lib\site-packages\sklearn\base.py:442: InconsistentVersionWarning: Trying to unpickle estimator LinearRegression from version 1.8.0 when using version 1.7.2. This might lead to breaking code or invalid results. Use at your own risk. For more info please refer to:
https://scikit-learn.org/stable/model_persistence.html#security-maintainability-limitations
  warnings.warn(
C:\Users\acer\AppData\Local\Programs\Python\Python312\Lib\site-packages\sklearn\utils\validation.py:2749: UserWarning: X does not have valid feature names, but LinearRegression was fitted with feature names
  warnings.warn(
C:\Users\acer\AppData\Local\Programs\Python\Python312\Lib\site-packages\sklearn\utils\validation.py:2749: UserWarning: X does not have valid feature names, but LinearRegression was fitted with feature names
  warnings.warn(
[06/Apr/2026 19:08:06] "GET /status/marketplaces/ HTTP/1.1" 200 565
C:\Users\acer\AppData\Local\Programs\Python\Python312\Lib\site-packages\sklearn\base.py:442: InconsistentVersionWarning: Trying to unpickle estimator LinearRegression from version 1.8.0 when using version 1.7.2. This might lead to breaking code or invalid results. Use at your own risk. For more info please refer to:
https://scikit-learn.org/stable/model_persistence.html#security-maintainability-limitations
  warnings.warn(
C:\Users\acer\AppData\Local\Programs\Python\Python312\Lib\site-packages\sklearn\utils\validation.py:2749: UserWarning: X does not have valid feature names, but LinearRegression was fitted with feature names
  warnings.warn(
[06/Apr/2026 19:08:09] "POST /predict/ HTTP/1.1" 200 52
C:\Users\acer\AppData\Local\Programs\Python\Python312\Lib\site-packages\sklearn\base.py:442: InconsistentVersionWarning: Trying to unpickle estimator LinearRegression from version 1.8.0 when using version 1.7.2. This might lead to breaking code or invalid results. Use at your own risk. For more info please refer to:
https://scikit-learn.org/stable/model_persistence.html#security-maintainability-limitations
  warnings.warn(
C:\Users\acer\AppData\Local\Programs\Python\Python312\Lib\site-packages\sklearn\utils\validation.py:2749: UserWarning: X does not have valid feature names, but LinearRegression was fitted with feature names
  warnings.warn(
[06/Apr/2026 19:08:09] "POST /predict/marketplace/ HTTP/1.1" 201 273
C:\Users\acer\AppData\Local\Programs\Python\Python312\Lib\site-packages\sklearn\base.py:442: InconsistentVersionWarning: Trying to unpickle estimator LinearRegression from version 1.8.0 when using version 1.7.2. This might lead to breaking code or invalid results. Use at your own risk. For more info please refer to:
https://scikit-learn.org/stable/model_persistence.html#security-maintainability-limitations
  warnings.warn(
C:\Users\acer\AppData\Local\Programs\Python\Python312\Lib\site-packages\sklearn\utils\validation.py:2749: UserWarning: X does not have valid feature names, but LinearRegression was fitted with feature names
  warnings.warn(
[06/Apr/2026 19:08:09] "POST /predict/marketplace/ HTTP/1.1" 201 277
C:\Users\acer\AppData\Local\Programs\Python\Python312\Lib\site-packages\sklearn\base.py:442: InconsistentVersionWarning: Trying to unpickle estimator LinearRegression from version 1.8.0 when using version 1.7.2. This might lead to breaking code or invalid results. Use at your own risk. For more info please refer to:
https://scikit-learn.org/stable/model_persistence.html#security-maintainability-limitations
  warnings.warn(
C:\Users\acer\AppData\Local\Programs\Python\Python312\Lib\site-packages\sklearn\utils\validation.py:2749: UserWarning: X does not have valid feature names, but LinearRegression was fitted with feature names
  warnings.warn(
C:\Users\acer\AppData\Local\Programs\Python\Python312\Lib\site-packages\sklearn\utils\validation.py:2749: UserWarning: X does not have valid feature names, but LinearRegression was fitted with feature names
  warnings.warn(
[06/Apr/2026 19:08:09] "GET /status/marketplaces/ HTTP/1.1" 200 565
C:\Users\acer\AppData\Local\Programs\Python\Python312\Lib\site-packages\sklearn\base.py:442: InconsistentVersionWarning: Trying to unpickle estimator LinearRegression from version 1.8.0 when using version 1.7.2. This might lead to breaking code or invalid results. Use at your own risk. For more info please refer to:
https://scikit-learn.org/stable/model_persistence.html#security-maintainability-limitations
  warnings.warn(
C:\Users\acer\AppData\Local\Programs\Python\Python312\Lib\site-packages\sklearn\utils\validation.py:2749: UserWarning: X does not have valid feature names, but LinearRegression was fitted with feature names
  warnings.warn(
C:\Users\acer\AppData\Local\Programs\Python\Python312\Lib\site-packages\sklearn\utils\validation.py:2749: UserWarning: X does not have valid feature names, but LinearRegression was fitted with feature names
  warnings.warn(
[06/Apr/2026 19:08:09] "GET /status/marketplaces/ HTTP/1.1" 200 565
C:\Users\acer\AppData\Local\Programs\Python\Python312\Lib\site-packages\sklearn\base.py:442: InconsistentVersionWarning: Trying to unpickle estimator LinearRegression from version 1.8.0 when using version 1.7.2. This might lead to breaking code or invalid results. Use at your own risk. For more info please refer to:
https://scikit-learn.org/stable/model_persistence.html#security-maintainability-limitations
  warnings.warn(
C:\Users\acer\AppData\Local\Programs\Python\Python312\Lib\site-packages\sklearn\utils\validation.py:2749: UserWarning: X does not have valid feature names, but LinearRegression was fitted with feature names
  warnings.warn(
C:\Users\acer\AppData\Local\Programs\Python\Python312\Lib\site-packages\sklearn\utils\validation.py:2749: UserWarning: X does not have valid feature names, but LinearRegression was fitted with feature names
  warnings.warn(
[06/Apr/2026 19:08:12] "GET /status/marketplaces/ HTTP/1.1" 200 565
C:\Users\acer\AppData\Local\Programs\Python\Python312\Lib\site-packages\sklearn\base.py:442: InconsistentVersionWarning: Trying to unpickle estimator LinearRegression from version 1.8.0 when using version 1.7.2. This might lead to breaking code or invalid results. Use at your own risk. For more info please refer to:
https://scikit-learn.org/stable/model_persistence.html#security-maintainability-limitations
  warnings.warn(
C:\Users\acer\AppData\Local\Programs\Python\Python312\Lib\site-packages\sklearn\utils\validation.py:2749: UserWarning: X does not have valid feature names, but LinearRegression was fitted with feature names
  warnings.warn(
C:\Users\acer\AppData\Local\Programs\Python\Python312\Lib\site-packages\sklearn\utils\validation.py:2749: UserWarning: X does not have valid feature names, but LinearRegression was fitted with feature names
  warnings.warn(
[06/Apr/2026 19:08:15] "GET /status/marketplaces/ HTTP/1.1" 200 565
C:\Users\acer\AppData\Local\Programs\Python\Python312\Lib\site-packages\sklearn\base.py:442: InconsistentVersionWarning: Trying to unpickle estimator LinearRegression from version 1.8.0 when using version 1.7.2. This might lead to breaking code or invalid results. Use at your own risk. For more info please refer to:
https://scikit-learn.org/stable/model_persistence.html#security-maintainability-limitations
  warnings.warn(
C:\Users\acer\AppData\Local\Programs\Python\Python312\Lib\site-packages\sklearn\utils\validation.py:2749: UserWarning: X does not have valid feature names, but LinearRegression was fitted with feature names
  warnings.warn(
C:\Users\acer\AppData\Local\Programs\Python\Python312\Lib\site-packages\sklearn\utils\validation.py:2749: UserWarning: X does not have valid feature names, but LinearRegression was fitted with feature names
  warnings.warn(
[06/Apr/2026 19:08:18] "GET /status/marketplaces/ HTTP/1.1" 200 565
C:\Users\acer\AppData\Local\Programs\Python\Python312\Lib\site-packages\sklearn\base.py:442: InconsistentVersionWarning: Trying to unpickle estimator LinearRegression from version 1.8.0 when using version 1.7.2. This might lead to breaking code or invalid results. Use at your own risk. For more info please refer to:
https://scikit-learn.org/stable/model_persistence.html#security-maintainability-limitations
  warnings.warn(
C:\Users\acer\AppData\Local\Programs\Python\Python312\Lib\site-packages\sklearn\utils\validation.py:2749: UserWarning: X does not have valid feature names, but LinearRegression was fitted with feature names
  warnings.warn(
C:\Users\acer\AppData\Local\Programs\Python\Python312\Lib\site-packages\sklearn\utils\validation.py:2749: UserWarning: X does not have valid feature names, but LinearRegression was fitted with feature names
  warnings.warn(
[06/Apr/2026 19:08:21] "GET /status/marketplaces/ HTTP/1.1" 200 565
C:\Users\acer\AppData\Local\Programs\Python\Python312\Lib\site-packages\sklearn\base.py:442: InconsistentVersionWarning: Trying to unpickle estimator LinearRegression from version 1.8.0 when using version 1.7.2. This might lead to breaking code or invalid results. Use at your own risk. For more info please refer to:
https://scikit-learn.org/stable/model_persistence.html#security-maintainability-limitations
  warnings.warn(
C:\Users\acer\AppData\Local\Programs\Python\Python312\Lib\site-packages\sklearn\utils\validation.py:2749: UserWarning: X does not have valid feature names, but LinearRegression was fitted with feature names
  warnings.warn(
C:\Users\acer\AppData\Local\Programs\Python\Python312\Lib\site-packages\sklearn\utils\validation.py:2749: UserWarning: X does not have valid feature names, but LinearRegression was fitted with feature names
  warnings.warn(
[06/Apr/2026 19:08:24] "GET /status/marketplaces/ HTTP/1.1" 200 565
C:\Users\acer\AppData\Local\Programs\Python\Python312\Lib\site-packages\sklearn\base.py:442: InconsistentVersionWarning: Trying to unpickle estimator LinearRegression from version 1.8.0 when using version 1.7.2. This might lead to breaking code or invalid results. Use at your own risk. For more info please refer to:
https://scikit-learn.org/stable/model_persistence.html#security-maintainability-limitations
  warnings.warn(
C:\Users\acer\AppData\Local\Programs\Python\Python312\Lib\site-packages\sklearn\utils\validation.py:2749: UserWarning: X does not have valid feature names, but LinearRegression was fitted with feature names
  warnings.warn(
C:\Users\acer\AppData\Local\Programs\Python\Python312\Lib\site-packages\sklearn\utils\validation.py:2749: UserWarning: X does not have valid feature names, but LinearRegression was fitted with feature names
  warnings.warn(
[06/Apr/2026 19:08:27] "GET /status/marketplaces/ HTTP/1.1" 200 565
C:\Users\acer\AppData\Local\Programs\Python\Python312\Lib\site-packages\sklearn\base.py:442: InconsistentVersionWarning: Trying to unpickle estimator LinearRegression from version 1.8.0 when using version 1.7.2. This might lead to breaking code or invalid results. Use at your own risk. For more info please refer to:
https://scikit-learn.org/stable/model_persistence.html#security-maintainability-limitations
  warnings.warn(
C:\Users\acer\AppData\Local\Programs\Python\Python312\Lib\site-packages\sklearn\utils\validation.py:2749: UserWarning: X does not have valid feature names, but LinearRegression was fitted with feature names
  warnings.warn(
C:\Users\acer\AppData\Local\Programs\Python\Python312\Lib\site-packages\sklearn\utils\validation.py:2749: UserWarning: X does not have valid feature names, but LinearRegression was fitted with feature names
  warnings.warn(
[06/Apr/2026 19:08:31] "GET /status/marketplaces/ HTTP/1.1" 200 565
C:\Users\acer\AppData\Local\Programs\Python\Python312\Lib\site-packages\sklearn\base.py:442: InconsistentVersionWarning: Trying to unpickle estimator LinearRegression from version 1.8.0 when using version 1.7.2. This might lead to breaking code or invalid results. Use at your own risk. For more info please refer to:
https://scikit-learn.org/stable/model_persistence.html#security-maintainability-limitations
  warnings.warn(
C:\Users\acer\AppData\Local\Programs\Python\Python312\Lib\site-packages\sklearn\utils\validation.py:2749: UserWarning: X does not have valid feature names, but LinearRegression was fitted with feature names
  warnings.warn(
C:\Users\acer\AppData\Local\Programs\Python\Python312\Lib\site-packages\sklearn\utils\validation.py:2749: UserWarning: X does not have valid feature names, but LinearRegression was fitted with feature names
  warnings.warn(
[06/Apr/2026 19:08:34] "GET /status/marketplaces/ HTTP/1.1" 200 565
C:\Users\acer\AppData\Local\Programs\Python\Python312\Lib\site-packages\sklearn\base.py:442: InconsistentVersionWarning: Trying to unpickle estimator LinearRegression from version 1.8.0 when using version 1.7.2. This might lead to breaking code or invalid results. Use at your own risk. For more info please refer to:
https://scikit-learn.org/stable/model_persistence.html#security-maintainability-limitations
  warnings.warn(
C:\Users\acer\AppData\Local\Programs\Python\Python312\Lib\site-packages\sklearn\utils\validation.py:2749: UserWarning: X does not have valid feature names, but LinearRegression was fitted with feature names
  warnings.warn(
C:\Users\acer\AppData\Local\Programs\Python\Python312\Lib\site-packages\sklearn\utils\validation.py:2749: UserWarning: X does not have valid feature names, but LinearRegression was fitted with feature names
  warnings.warn(
[06/Apr/2026 19:08:37] "GET /status/marketplaces/ HTTP/1.1" 200 565
C:\Users\acer\AppData\Local\Programs\Python\Python312\Lib\site-packages\sklearn\base.py:442: InconsistentVersionWarning: Trying to unpickle estimator LinearRegression from version 1.8.0 when using version 1.7.2. This might lead to breaking code or invalid results. Use at your own risk. For more info please refer to:
https://scikit-learn.org/stable/model_persistence.html#security-maintainability-limitations
  warnings.warn(
C:\Users\acer\AppData\Local\Programs\Python\Python312\Lib\site-packages\sklearn\utils\validation.py:2749: UserWarning: X does not have valid feature names, but LinearRegression was fitted with feature names
  warnings.warn(
C:\Users\acer\AppData\Local\Programs\Python\Python312\Lib\site-packages\sklearn\utils\validation.py:2749: UserWarning: X does not have valid feature names, but LinearRegression was fitted with feature names
  warnings.warn(
[06/Apr/2026 19:08:40] "GET /status/marketplaces/ HTTP/1.1" 200 565
C:\Users\acer\AppData\Local\Programs\Python\Python312\Lib\site-packages\sklearn\base.py:442: InconsistentVersionWarning: Trying to unpickle estimator LinearRegression from version 1.8.0 when using version 1.7.2. This might lead to breaking code or invalid results. Use at your own risk. For more info please refer to:
https://scikit-learn.org/stable/model_persistence.html#security-maintainability-limitations
  warnings.warn(
C:\Users\acer\AppData\Local\Programs\Python\Python312\Lib\site-packages\sklearn\utils\validation.py:2749: UserWarning: X does not have valid feature names, but LinearRegression was fitted with feature names
  warnings.warn(
C:\Users\acer\AppData\Local\Programs\Python\Python312\Lib\site-packages\sklearn\utils\validation.py:2749: UserWarning: X does not have valid feature names, but LinearRegression was fitted with feature names
  warnings.warn(
[06/Apr/2026 19:08:43] "GET /status/marketplaces/ HTTP/1.1" 200 565
C:\Users\acer\AppData\Local\Programs\Python\Python312\Lib\site-packages\sklearn\base.py:442: InconsistentVersionWarning: Trying to unpickle estimator LinearRegression from version 1.8.0 when using version 1.7.2. This might lead to breaking code or invalid results. Use at your own risk. For more info please refer to:
https://scikit-learn.org/stable/model_persistence.html#security-maintainability-limitations
  warnings.warn(
C:\Users\acer\AppData\Local\Programs\Python\Python312\Lib\site-packages\sklearn\utils\validation.py:2749: UserWarning: X does not have valid feature names, but LinearRegression was fitted with feature names
  warnings.warn(
C:\Users\acer\AppData\Local\Programs\Python\Python312\Lib\site-packages\sklearn\utils\validation.py:2749: UserWarning: X does not have valid feature names, but LinearRegression was fitted with feature names
  warnings.warn(
[06/Apr/2026 19:08:46] "GET /status/marketplaces/ HTTP/1.1" 200 565
C:\Users\acer\AppData\Local\Programs\Python\Python312\Lib\site-packages\sklearn\base.py:442: InconsistentVersionWarning: Trying to unpickle estimator LinearRegression from version 1.8.0 when using version 1.7.2. This might lead to breaking code or invalid results. Use at your own risk. For more info please refer to:
https://scikit-learn.org/stable/model_persistence.html#security-maintainability-limitations
  warnings.warn(
C:\Users\acer\AppData\Local\Programs\Python\Python312\Lib\site-packages\sklearn\utils\validation.py:2749: UserWarning: X does not have valid feature names, but LinearRegression was fitted with feature names
  warnings.warn(
C:\Users\acer\AppData\Local\Programs\Python\Python312\Lib\site-packages\sklearn\utils\validation.py:2749: UserWarning: X does not have valid feature names, but LinearRegression was fitted with feature names
  warnings.warn(
[06/Apr/2026 19:08:49] "GET /status/marketplaces/ HTTP/1.1" 200 565
C:\Users\acer\AppData\Local\Programs\Python\Python312\Lib\site-packages\sklearn\base.py:442: InconsistentVersionWarning: Trying to unpickle estimator LinearRegression from version 1.8.0 when using version 1.7.2. This might lead to breaking code or invalid results. Use at your own risk. For more info please refer to:
https://scikit-learn.org/stable/model_persistence.html#security-maintainability-limitations
  warnings.warn(
C:\Users\acer\AppData\Local\Programs\Python\Python312\Lib\site-packages\sklearn\utils\validation.py:2749: UserWarning: X does not have valid feature names, but LinearRegression was fitted with feature names
  warnings.warn(
C:\Users\acer\AppData\Local\Programs\Python\Python312\Lib\site-packages\sklearn\utils\validation.py:2749: UserWarning: X does not have valid feature names, but LinearRegression was fitted with feature names
  warnings.warn(
[06/Apr/2026 19:08:52] "GET /status/marketplaces/ HTTP/1.1" 200 565
C:\Users\acer\AppData\Local\Programs\Python\Python312\Lib\site-packages\sklearn\base.py:442: InconsistentVersionWarning: Trying to unpickle estimator LinearRegression from version 1.8.0 when using version 1.7.2. This might lead to breaking code or invalid results. Use at your own risk. For more info please refer to:
https://scikit-learn.org/stable/model_persistence.html#security-maintainability-limitations
  warnings.warn(
C:\Users\acer\AppData\Local\Programs\Python\Python312\Lib\site-packages\sklearn\utils\validation.py:2749: UserWarning: X does not have valid feature names, but LinearRegression was fitted with feature names
  warnings.warn(
C:\Users\acer\AppData\Local\Programs\Python\Python312\Lib\site-packages\sklearn\utils\validation.py:2749: UserWarning: X does not have valid feature names, but LinearRegression was fitted with feature names
  warnings.warn(
[06/Apr/2026 19:08:55] "GET /status/marketplaces/ HTTP/1.1" 200 565
C:\Users\acer\AppData\Local\Programs\Python\Python312\Lib\site-packages\sklearn\base.py:442: InconsistentVersionWarning: Trying to unpickle estimator LinearRegression from version 1.8.0 when using version 1.7.2. This might lead to breaking code or invalid results. Use at your own risk. For more info please refer to:
https://scikit-learn.org/stable/model_persistence.html#security-maintainability-limitations
  warnings.warn(
C:\Users\acer\AppData\Local\Programs\Python\Python312\Lib\site-packages\sklearn\utils\validation.py:2749: UserWarning: X does not have valid feature names, but LinearRegression was fitted with feature names
  warnings.warn(
C:\Users\acer\AppData\Local\Programs\Python\Python312\Lib\site-packages\sklearn\utils\validation.py:2749: UserWarning: X does not have valid feature names, but LinearRegression was fitted with feature names
  warnings.warn(
[06/Apr/2026 19:08:58] "GET /status/marketplaces/ HTTP/1.1" 200 565
C:\Users\acer\AppData\Local\Programs\Python\Python312\Lib\site-packages\sklearn\base.py:442: InconsistentVersionWarning: Trying to unpickle estimator LinearRegression from version 1.8.0 when using version 1.7.2. This might lead to breaking code or invalid results. Use at your own risk. For more info please refer to:
https://scikit-learn.org/stable/model_persistence.html#security-maintainability-limitations
  warnings.warn(
C:\Users\acer\AppData\Local\Programs\Python\Python312\Lib\site-packages\sklearn\utils\validation.py:2749: UserWarning: X does not have valid feature names, but LinearRegression was fitted with feature names
  warnings.warn(
C:\Users\acer\AppData\Local\Programs\Python\Python312\Lib\site-packages\sklearn\utils\validation.py:2749: UserWarning: X does not have valid feature names, but LinearRegression was fitted with feature names
  warnings.warn(
[06/Apr/2026 19:09:01] "GET /status/marketplaces/ HTTP/1.1" 200 565
C:\Users\acer\AppData\Local\Programs\Python\Python312\Lib\site-packages\sklearn\base.py:442: InconsistentVersionWarning: Trying to unpickle estimator LinearRegression from version 1.8.0 when using version 1.7.2. This might lead to breaking code or invalid results. Use at your own risk. For more info please refer to:
https://scikit-learn.org/stable/model_persistence.html#security-maintainability-limitations
  warnings.warn(
C:\Users\acer\AppData\Local\Programs\Python\Python312\Lib\site-packages\sklearn\utils\validation.py:2749: UserWarning: X does not have valid feature names, but LinearRegression was fitted with feature names
  warnings.warn(
C:\Users\acer\AppData\Local\Programs\Python\Python312\Lib\site-packages\sklearn\utils\validation.py:2749: UserWarning: X does not have valid feature names, but LinearRegression was fitted with feature names
  warnings.warn(
[06/Apr/2026 19:09:04] "GET /status/marketplaces/ HTTP/1.1" 200 565
C:\Users\acer\AppData\Local\Programs\Python\Python312\Lib\site-packages\sklearn\base.py:442: InconsistentVersionWarning: Trying to unpickle estimator LinearRegression from version 1.8.0 when using version 1.7.2. This might lead to breaking code or invalid results. Use at your own risk. For more info please refer to:
https://scikit-learn.org/stable/model_persistence.html#security-maintainability-limitations
  warnings.warn(
C:\Users\acer\AppData\Local\Programs\Python\Python312\Lib\site-packages\sklearn\utils\validation.py:2749: UserWarning: X does not have valid feature names, but LinearRegression was fitted with feature names
  warnings.warn(
C:\Users\acer\AppData\Local\Programs\Python\Python312\Lib\site-packages\sklearn\utils\validation.py:2749: UserWarning: X does not have valid feature names, but LinearRegression was fitted with feature names
  warnings.warn(
[06/Apr/2026 19:09:07] "GET /status/marketplaces/ HTTP/1.1" 200 565
C:\Users\acer\AppData\Local\Programs\Python\Python312\Lib\site-packages\sklearn\base.py:442: InconsistentVersionWarning: Trying to unpickle estimator LinearRegression from version 1.8.0 when using version 1.7.2. This might lead to breaking code or invalid results. Use at your own risk. For more info please refer to:
https://scikit-learn.org/stable/model_persistence.html#security-maintainability-limitations
  warnings.warn(
C:\Users\acer\AppData\Local\Programs\Python\Python312\Lib\site-packages\sklearn\utils\validation.py:2749: UserWarning: X does not have valid feature names, but LinearRegression was fitted with feature names
  warnings.warn(
C:\Users\acer\AppData\Local\Programs\Python\Python312\Lib\site-packages\sklearn\utils\validation.py:2749: UserWarning: X does not have valid feature names, but LinearRegression was fitted with feature names
  warnings.warn(
[06/Apr/2026 19:09:10] "GET /status/marketplaces/ HTTP/1.1" 200 565
C:\Users\acer\AppData\Local\Programs\Python\Python312\Lib\site-packages\sklearn\base.py:442: InconsistentVersionWarning: Trying to unpickle estimator LinearRegression from version 1.8.0 when using version 1.7.2. This might lead to breaking code or invalid results. Use at your own risk. For more info please refer to:
https://scikit-learn.org/stable/model_persistence.html#security-maintainability-limitations
  warnings.warn(
C:\Users\acer\AppData\Local\Programs\Python\Python312\Lib\site-packages\sklearn\utils\validation.py:2749: UserWarning: X does not have valid feature names, but LinearRegression was fitted with feature names
  warnings.warn(
C:\Users\acer\AppData\Local\Programs\Python\Python312\Lib\site-packages\sklearn\utils\validation.py:2749: UserWarning: X does not have valid feature names, but LinearRegression was fitted with feature names
  warnings.warn(
[06/Apr/2026 19:09:13] "GET /status/marketplaces/ HTTP/1.1" 200 565
C:\Users\acer\AppData\Local\Programs\Python\Python312\Lib\site-packages\sklearn\base.py:442: InconsistentVersionWarning: Trying to unpickle estimator LinearRegression from version 1.8.0 when using version 1.7.2. This might lead to breaking code or invalid results. Use at your own risk. For more info please refer to:
https://scikit-learn.org/stable/model_persistence.html#security-maintainability-limitations
  warnings.warn(
C:\Users\acer\AppData\Local\Programs\Python\Python312\Lib\site-packages\sklearn\utils\validation.py:2749: UserWarning: X does not have valid feature names, but LinearRegression was fitted with feature names
  warnings.warn(
C:\Users\acer\AppData\Local\Programs\Python\Python312\Lib\site-packages\sklearn\utils\validation.py:2749: UserWarning: X does not have valid feature names, but LinearRegression was fitted with feature names
  warnings.warn(
[06/Apr/2026 19:09:16] "GET /status/marketplaces/ HTTP/1.1" 200 565
C:\Users\acer\AppData\Local\Programs\Python\Python312\Lib\site-packages\sklearn\base.py:442: InconsistentVersionWarning: Trying to unpickle estimator LinearRegression from version 1.8.0 when using version 1.7.2. This might lead to breaking code or invalid results. Use at your own risk. For more info please refer to:
https://scikit-learn.org/stable/model_persistence.html#security-maintainability-limitations
  warnings.warn(
C:\Users\acer\AppData\Local\Programs\Python\Python312\Lib\site-packages\sklearn\utils\validation.py:2749: UserWarning: X does not have valid feature names, but LinearRegression was fitted with feature names
  warnings.warn(
C:\Users\acer\AppData\Local\Programs\Python\Python312\Lib\site-packages\sklearn\utils\validation.py:2749: UserWarning: X does not have valid feature names, but LinearRegression was fitted with feature names
  warnings.warn(
[06/Apr/2026 19:09:19] "GET /status/marketplaces/ HTTP/1.1" 200 565
C:\Users\acer\AppData\Local\Programs\Python\Python312\Lib\site-packages\sklearn\base.py:442: InconsistentVersionWarning: Trying to unpickle estimator LinearRegression from version 1.8.0 when using version 1.7.2. This might lead to breaking code or invalid results. Use at your own risk. For more info please refer to:
https://scikit-learn.org/stable/model_persistence.html#security-maintainability-limitations
  warnings.warn(
C:\Users\acer\AppData\Local\Programs\Python\Python312\Lib\site-packages\sklearn\utils\validation.py:2749: UserWarning: X does not have valid feature names, but LinearRegression was fitted with feature names
  warnings.warn(
C:\Users\acer\AppData\Local\Programs\Python\Python312\Lib\site-packages\sklearn\utils\validation.py:2749: UserWarning: X does not have valid feature names, but LinearRegression was fitted with feature names
  warnings.warn(
[06/Apr/2026 19:09:22] "GET /status/marketplaces/ HTTP/1.1" 200 565
C:\Users\acer\AppData\Local\Programs\Python\Python312\Lib\site-packages\sklearn\base.py:442: InconsistentVersionWarning: Trying to unpickle estimator LinearRegression from version 1.8.0 when using version 1.7.2. This might lead to breaking code or invalid results. Use at your own risk. For more info please refer to:
https://scikit-learn.org/stable/model_persistence.html#security-maintainability-limitations
  warnings.warn(
C:\Users\acer\AppData\Local\Programs\Python\Python312\Lib\site-packages\sklearn\utils\validation.py:2749: UserWarning: X does not have valid feature names, but LinearRegression was fitted with feature names
  warnings.warn(
C:\Users\acer\AppData\Local\Programs\Python\Python312\Lib\site-packages\sklearn\utils\validation.py:2749: UserWarning: X does not have valid feature names, but LinearRegression was fitted with feature names
  warnings.warn(
[06/Apr/2026 19:09:25] "GET /status/marketplaces/ HTTP/1.1" 200 565
C:\Users\acer\AppData\Local\Programs\Python\Python312\Lib\site-packages\sklearn\base.py:442: InconsistentVersionWarning: Trying to unpickle estimator LinearRegression from version 1.8.0 when using version 1.7.2. This might lead to breaking code or invalid results. Use at your own risk. For more info please refer to:
https://scikit-learn.org/stable/model_persistence.html#security-maintainability-limitations
  warnings.warn(
C:\Users\acer\AppData\Local\Programs\Python\Python312\Lib\site-packages\sklearn\utils\validation.py:2749: UserWarning: X does not have valid feature names, but LinearRegression was fitted with feature names
  warnings.warn(
C:\Users\acer\AppData\Local\Programs\Python\Python312\Lib\site-packages\sklearn\utils\validation.py:2749: UserWarning: X does not have valid feature names, but LinearRegression was fitted with feature names
  warnings.warn(
[06/Apr/2026 19:09:28] "GET /status/marketplaces/ HTTP/1.1" 200 565
C:\Users\acer\AppData\Local\Programs\Python\Python312\Lib\site-packages\sklearn\base.py:442: InconsistentVersionWarning: Trying to unpickle estimator LinearRegression from version 1.8.0 when using version 1.7.2. This might lead to breaking code or invalid results. Use at your own risk. For more info please refer to:
https://scikit-learn.org/stable/model_persistence.html#security-maintainability-limitations
  warnings.warn(
C:\Users\acer\AppData\Local\Programs\Python\Python312\Lib\site-packages\sklearn\utils\validation.py:2749: UserWarning: X does not have valid feature names, but LinearRegression was fitted with feature names
  warnings.warn(
C:\Users\acer\AppData\Local\Programs\Python\Python312\Lib\site-packages\sklearn\utils\validation.py:2749: UserWarning: X does not have valid feature names, but LinearRegression was fitted with feature names
  warnings.warn(
[06/Apr/2026 19:09:38] "GET /status/marketplaces/ HTTP/1.1" 200 565
[06/Apr/2026 19:09:39] "GET /dataset/ HTTP/1.1" 200 493
[06/Apr/2026 19:09:39,198] - Broken pipe from ('127.0.0.1', 52780)
C:\Users\acer\AppData\Local\Programs\Python\Python312\Lib\site-packages\sklearn\base.py:442: InconsistentVersionWarning: Trying to unpickle estimator LinearRegression from version 1.8.0 when using version 1.7.2. This might lead to breaking code or invalid results. Use at your own risk. For more info please refer to:
https://scikit-learn.org/stable/model_persistence.html#security-maintainability-limitations
  warnings.warn(
C:\Users\acer\AppData\Local\Programs\Python\Python312\Lib\site-packages\sklearn\utils\validation.py:2749: UserWarning: X does not have valid feature names, but LinearRegression was fitted with feature names
  warnings.warn(
C:\Users\acer\AppData\Local\Programs\Python\Python312\Lib\site-packages\sklearn\utils\validation.py:2749: UserWarning: X does not have valid feature names, but LinearRegression was fitted with feature names
  warnings.warn(
[06/Apr/2026 19:09:42] "GET /status/marketplaces/ HTTP/1.1" 200 565
C:\Users\acer\AppData\Local\Programs\Python\Python312\Lib\site-packages\sklearn\base.py:442: InconsistentVersionWarning: Trying to unpickle estimator LinearRegression from version 1.8.0 when using version 1.7.2. This might lead to breaking code or invalid results. Use at your own risk. For more info please refer to:
https://scikit-learn.org/stable/model_persistence.html#security-maintainability-limitations
  warnings.warn(
C:\Users\acer\AppData\Local\Programs\Python\Python312\Lib\site-packages\sklearn\utils\validation.py:2749: UserWarning: X does not have valid feature names, but LinearRegression was fitted with feature names
  warnings.warn(
C:\Users\acer\AppData\Local\Programs\Python\Python312\Lib\site-packages\sklearn\utils\validation.py:2749: UserWarning: X does not have valid feature names, but LinearRegression was fitted with feature names
  warnings.warn(
[06/Apr/2026 19:09:45] "GET /status/marketplaces/ HTTP/1.1" 200 565
C:\Users\acer\AppData\Local\Programs\Python\Python312\Lib\site-packages\sklearn\base.py:442: InconsistentVersionWarning: Trying to unpickle estimator LinearRegression from version 1.8.0 when using version 1.7.2. This might lead to breaking code or invalid results. Use at your own risk. For more info please refer to:
https://scikit-learn.org/stable/model_persistence.html#security-maintainability-limitations
  warnings.warn(
C:\Users\acer\AppData\Local\Programs\Python\Python312\Lib\site-packages\sklearn\utils\validation.py:2749: UserWarning: X does not have valid feature names, but LinearRegression was fitted with feature names
  warnings.warn(
C:\Users\acer\AppData\Local\Programs\Python\Python312\Lib\site-packages\sklearn\utils\validation.py:2749: UserWarning: X does not have valid feature names, but LinearRegression was fitted with feature names
  warnings.warn(
[06/Apr/2026 19:09:48] "GET /status/marketplaces/ HTTP/1.1" 200 565
C:\Users\acer\AppData\Local\Programs\Python\Python312\Lib\site-packages\sklearn\base.py:442: InconsistentVersionWarning: Trying to unpickle estimator LinearRegression from version 1.8.0 when using version 1.7.2. This might lead to breaking code or invalid results. Use at your own risk. For more info please refer to:
https://scikit-learn.org/stable/model_persistence.html#security-maintainability-limitations
  warnings.warn(
C:\Users\acer\AppData\Local\Programs\Python\Python312\Lib\site-packages\sklearn\utils\validation.py:2749: UserWarning: X does not have valid feature names, but LinearRegression was fitted with feature names
  warnings.warn(
C:\Users\acer\AppData\Local\Programs\Python\Python312\Lib\site-packages\sklearn\utils\validation.py:2749: UserWarning: X does not have valid feature names, but LinearRegression was fitted with feature names
  warnings.warn(
[06/Apr/2026 19:09:51] "GET /status/marketplaces/ HTTP/1.1" 200 565
C:\Users\acer\AppData\Local\Programs\Python\Python312\Lib\site-packages\sklearn\base.py:442: InconsistentVersionWarning: Trying to unpickle estimator LinearRegression from version 1.8.0 when using version 1.7.2. This might lead to breaking code or invalid results. Use at your own risk. For more info please refer to:
https://scikit-learn.org/stable/model_persistence.html#security-maintainability-limitations
  warnings.warn(
C:\Users\acer\AppData\Local\Programs\Python\Python312\Lib\site-packages\sklearn\utils\validation.py:2749: UserWarning: X does not have valid feature names, but LinearRegression was fitted with feature names
  warnings.warn(
C:\Users\acer\AppData\Local\Programs\Python\Python312\Lib\site-packages\sklearn\utils\validation.py:2749: UserWarning: X does not have valid feature names, but LinearRegression was fitted with feature names
  warnings.warn(
[06/Apr/2026 19:09:54] "GET /status/marketplaces/ HTTP/1.1" 200 565
C:\Users\acer\AppData\Local\Programs\Python\Python312\Lib\site-packages\sklearn\base.py:442: InconsistentVersionWarning: Trying to unpickle estimator LinearRegression from version 1.8.0 when using version 1.7.2. This might lead to breaking code or invalid results. Use at your own risk. For more info please refer to:
https://scikit-learn.org/stable/model_persistence.html#security-maintainability-limitations
  warnings.warn(
C:\Users\acer\AppData\Local\Programs\Python\Python312\Lib\site-packages\sklearn\utils\validation.py:2749: UserWarning: X does not have valid feature names, but LinearRegression was fitted with feature names
  warnings.warn(
C:\Users\acer\AppData\Local\Programs\Python\Python312\Lib\site-packages\sklearn\utils\validation.py:2749: UserWarning: X does not have valid feature names, but LinearRegression was fitted with feature names
  warnings.warn(
[06/Apr/2026 19:09:58] "GET /status/marketplaces/ HTTP/1.1" 200 565
C:\Users\acer\AppData\Local\Programs\Python\Python312\Lib\site-packages\sklearn\base.py:442: InconsistentVersionWarning: Trying to unpickle estimator LinearRegression from version 1.8.0 when using version 1.7.2. This might lead to breaking code or invalid results. Use at your own risk. For more info please refer to:
https://scikit-learn.org/stable/model_persistence.html#security-maintainability-limitations
  warnings.warn(
C:\Users\acer\AppData\Local\Programs\Python\Python312\Lib\site-packages\sklearn\utils\validation.py:2749: UserWarning: X does not have valid feature names, but LinearRegression was fitted with feature names
  warnings.warn(
C:\Users\acer\AppData\Local\Programs\Python\Python312\Lib\site-packages\sklearn\utils\validation.py:2749: UserWarning: X does not have valid feature names, but LinearRegression was fitted with feature names
  warnings.warn(
[06/Apr/2026 19:09:59] "GET /status/marketplaces/ HTTP/1.1" 200 565
C:\Users\acer\AppData\Local\Programs\Python\Python312\Lib\site-packages\sklearn\base.py:442: InconsistentVersionWarning: Trying to unpickle estimator LinearRegression from version 1.8.0 when using version 1.7.2. This might lead to breaking code or invalid results. Use at your own risk. For more info please refer to:
https://scikit-learn.org/stable/model_persistence.html#security-maintainability-limitations
  warnings.warn(
C:\Users\acer\AppData\Local\Programs\Python\Python312\Lib\site-packages\sklearn\utils\validation.py:2749: UserWarning: X does not have valid feature names, but LinearRegression was fitted with feature names
  warnings.warn(
[06/Apr/2026 19:10:01] "POST /predict/ HTTP/1.1" 200 52
C:\Users\acer\AppData\Local\Programs\Python\Python312\Lib\site-packages\sklearn\base.py:442: InconsistentVersionWarning: Trying to unpickle estimator LinearRegression from version 1.8.0 when using version 1.7.2. This might lead to breaking code or invalid results. Use at your own risk. For more info please refer to:
https://scikit-learn.org/stable/model_persistence.html#security-maintainability-limitations
  warnings.warn(
C:\Users\acer\AppData\Local\Programs\Python\Python312\Lib\site-packages\sklearn\utils\validation.py:2749: UserWarning: X does not have valid feature names, but LinearRegression was fitted with feature names
  warnings.warn(
[06/Apr/2026 19:10:01] "POST /predict/marketplace/ HTTP/1.1" 201 273
C:\Users\acer\AppData\Local\Programs\Python\Python312\Lib\site-packages\sklearn\base.py:442: InconsistentVersionWarning: Trying to unpickle estimator LinearRegression from version 1.8.0 when using version 1.7.2. This might lead to breaking code or invalid results. Use at your own risk. For more info please refer to:
https://scikit-learn.org/stable/model_persistence.html#security-maintainability-limitations
  warnings.warn(
C:\Users\acer\AppData\Local\Programs\Python\Python312\Lib\site-packages\sklearn\utils\validation.py:2749: UserWarning: X does not have valid feature names, but LinearRegression was fitted with feature names
  warnings.warn(
[06/Apr/2026 19:10:01] "POST /predict/marketplace/ HTTP/1.1" 201 277
C:\Users\acer\AppData\Local\Programs\Python\Python312\Lib\site-packages\sklearn\base.py:442: InconsistentVersionWarning: Trying to unpickle estimator LinearRegression from version 1.8.0 when using version 1.7.2. This might lead to breaking code or invalid results. Use at your own risk. For more info please refer to:
https://scikit-learn.org/stable/model_persistence.html#security-maintainability-limitations
  warnings.warn(
C:\Users\acer\AppData\Local\Programs\Python\Python312\Lib\site-packages\sklearn\utils\validation.py:2749: UserWarning: X does not have valid feature names, but LinearRegression was fitted with feature names
  warnings.warn(
C:\Users\acer\AppData\Local\Programs\Python\Python312\Lib\site-packages\sklearn\utils\validation.py:2749: UserWarning: X does not have valid feature names, but LinearRegression was fitted with feature names
  warnings.warn(
[06/Apr/2026 19:10:01] "GET /status/marketplaces/ HTTP/1.1" 200 565
C:\Users\acer\AppData\Local\Programs\Python\Python312\Lib\site-packages\sklearn\base.py:442: InconsistentVersionWarning: Trying to unpickle estimator LinearRegression from version 1.8.0 when using version 1.7.2. This might lead to breaking code or invalid results. Use at your own risk. For more info please refer to:
https://scikit-learn.org/stable/model_persistence.html#security-maintainability-limitations
  warnings.warn(
C:\Users\acer\AppData\Local\Programs\Python\Python312\Lib\site-packages\sklearn\utils\validation.py:2749: UserWarning: X does not have valid feature names, but LinearRegression was fitted with feature names
  warnings.warn(
C:\Users\acer\AppData\Local\Programs\Python\Python312\Lib\site-packages\sklearn\utils\validation.py:2749: UserWarning: X does not have valid feature names, but LinearRegression was fitted with feature names
  warnings.warn(
[06/Apr/2026 19:10:02] "GET /status/marketplaces/ HTTP/1.1" 200 565
C:\Users\acer\AppData\Local\Programs\Python\Python312\Lib\site-packages\sklearn\base.py:442: InconsistentVersionWarning: Trying to unpickle estimator LinearRegression from version 1.8.0 when using version 1.7.2. This might lead to breaking code or invalid results. Use at your own risk. For more info please refer to:
https://scikit-learn.org/stable/model_persistence.html#security-maintainability-limitations
  warnings.warn(
C:\Users\acer\AppData\Local\Programs\Python\Python312\Lib\site-packages\sklearn\utils\validation.py:2749: UserWarning: X does not have valid feature names, but LinearRegression was fitted with feature names
  warnings.warn(
C:\Users\acer\AppData\Local\Programs\Python\Python312\Lib\site-packages\sklearn\utils\validation.py:2749: UserWarning: X does not have valid feature names, but LinearRegression was fitted with feature names
  warnings.warn(
[06/Apr/2026 19:10:04] "GET /status/marketplaces/ HTTP/1.1" 200 565
C:\Users\acer\AppData\Local\Programs\Python\Python312\Lib\site-packages\sklearn\base.py:442: InconsistentVersionWarning: Trying to unpickle estimator LinearRegression from version 1.8.0 when using version 1.7.2. This might lead to breaking code or invalid results. Use at your own risk. For more info please refer to:
https://scikit-learn.org/stable/model_persistence.html#security-maintainability-limitations
  warnings.warn(
C:\Users\acer\AppData\Local\Programs\Python\Python312\Lib\site-packages\sklearn\utils\validation.py:2749: UserWarning: X does not have valid feature names, but LinearRegression was fitted with feature names
  warnings.warn(
C:\Users\acer\AppData\Local\Programs\Python\Python312\Lib\site-packages\sklearn\utils\validation.py:2749: UserWarning: X does not have valid feature names, but LinearRegression was fitted with feature names
  warnings.warn(
[06/Apr/2026 19:10:05] "GET /status/marketplaces/ HTTP/1.1" 200 565
C:\Users\acer\AppData\Local\Programs\Python\Python312\Lib\site-packages\sklearn\base.py:442: InconsistentVersionWarning: Trying to unpickle estimator LinearRegression from version 1.8.0 when using version 1.7.2. This might lead to breaking code or invalid results. Use at your own risk. For more info please refer to:
https://scikit-learn.org/stable/model_persistence.html#security-maintainability-limitations
  warnings.warn(
C:\Users\acer\AppData\Local\Programs\Python\Python312\Lib\site-packages\sklearn\utils\validation.py:2749: UserWarning: X does not have valid feature names, but LinearRegression was fitted with feature names
  warnings.warn(
C:\Users\acer\AppData\Local\Programs\Python\Python312\Lib\site-packages\sklearn\utils\validation.py:2749: UserWarning: X does not have valid feature names, but LinearRegression was fitted with feature names
  warnings.warn(
[06/Apr/2026 19:10:05] "GET /status/marketplaces/ HTTP/1.1" 200 565
C:\Users\acer\AppData\Local\Programs\Python\Python312\Lib\site-packages\sklearn\base.py:442: InconsistentVersionWarning: Trying to unpickle estimator LinearRegression from version 1.8.0 when using version 1.7.2. This might lead to breaking code or invalid results. Use at your own risk. For more info please refer to:
https://scikit-learn.org/stable/model_persistence.html#security-maintainability-limitations
  warnings.warn(
C:\Users\acer\AppData\Local\Programs\Python\Python312\Lib\site-packages\sklearn\utils\validation.py:2749: UserWarning: X does not have valid feature names, but LinearRegression was fitted with feature names
  warnings.warn(
C:\Users\acer\AppData\Local\Programs\Python\Python312\Lib\site-packages\sklearn\utils\validation.py:2749: UserWarning: X does not have valid feature names, but LinearRegression was fitted with feature names
  warnings.warn(
[06/Apr/2026 19:10:06] "GET /status/marketplaces/ HTTP/1.1" 200 565
[06/Apr/2026 19:10:07] "OPTIONS /predict/ HTTP/1.1" 200 0
C:\Users\acer\AppData\Local\Programs\Python\Python312\Lib\site-packages\sklearn\base.py:442: InconsistentVersionWarning: Trying to unpickle estimator LinearRegression from version 1.8.0 when using version 1.7.2. This might lead to breaking code or invalid results. Use at your own risk. For more info please refer to:
https://scikit-learn.org/stable/model_persistence.html#security-maintainability-limitations
  warnings.warn(
C:\Users\acer\AppData\Local\Programs\Python\Python312\Lib\site-packages\sklearn\utils\validation.py:2749: UserWarning: X does not have valid feature names, but LinearRegression was fitted with feature names
  warnings.warn(
[06/Apr/2026 19:10:07] "POST /predict/ HTTP/1.1" 200 52
[06/Apr/2026 19:10:07] "OPTIONS /predict/marketplace/ HTTP/1.1" 200 0
[06/Apr/2026 19:10:07] "OPTIONS /predict/marketplace/ HTTP/1.1" 200 0
C:\Users\acer\AppData\Local\Programs\Python\Python312\Lib\site-packages\sklearn\base.py:442: InconsistentVersionWarning: Trying to unpickle estimator LinearRegression from version 1.8.0 when using version 1.7.2. This might lead to breaking code or invalid results. Use at your own risk. For more info please refer to:
https://scikit-learn.org/stable/model_persistence.html#security-maintainability-limitations
  warnings.warn(
C:\Users\acer\AppData\Local\Programs\Python\Python312\Lib\site-packages\sklearn\utils\validation.py:2749: UserWarning: X does not have valid feature names, but LinearRegression was fitted with feature names
  warnings.warn(
[06/Apr/2026 19:10:07] "POST /predict/marketplace/ HTTP/1.1" 201 276
C:\Users\acer\AppData\Local\Programs\Python\Python312\Lib\site-packages\sklearn\base.py:442: InconsistentVersionWarning: Trying to unpickle estimator LinearRegression from version 1.8.0 when using version 1.7.2. This might lead to breaking code or invalid results. Use at your own risk. For more info please refer to:
https://scikit-learn.org/stable/model_persistence.html#security-maintainability-limitations
  warnings.warn(
C:\Users\acer\AppData\Local\Programs\Python\Python312\Lib\site-packages\sklearn\utils\validation.py:2749: UserWarning: X does not have valid feature names, but LinearRegression was fitted with feature names
  warnings.warn(
[06/Apr/2026 19:10:07] "POST /predict/marketplace/ HTTP/1.1" 201 272
C:\Users\acer\AppData\Local\Programs\Python\Python312\Lib\site-packages\sklearn\base.py:442: InconsistentVersionWarning: Trying to unpickle estimator LinearRegression from version 1.8.0 when using version 1.7.2. This might lead to breaking code or invalid results. Use at your own risk. For more info please refer to:
https://scikit-learn.org/stable/model_persistence.html#security-maintainability-limitations
  warnings.warn(
C:\Users\acer\AppData\Local\Programs\Python\Python312\Lib\site-packages\sklearn\utils\validation.py:2749: UserWarning: X does not have valid feature names, but LinearRegression was fitted with feature names
  warnings.warn(
C:\Users\acer\AppData\Local\Programs\Python\Python312\Lib\site-packages\sklearn\utils\validation.py:2749: UserWarning: X does not have valid feature names, but LinearRegression was fitted with feature names
  warnings.warn(
[06/Apr/2026 19:10:07] "GET /status/marketplaces/ HTTP/1.1" 200 559
C:\Users\acer\AppData\Local\Programs\Python\Python312\Lib\site-packages\sklearn\base.py:442: InconsistentVersionWarning: Trying to unpickle estimator LinearRegression from version 1.8.0 when using version 1.7.2. This might lead to breaking code or invalid results. Use at your own risk. For more info please refer to:
https://scikit-learn.org/stable/model_persistence.html#security-maintainability-limitations
  warnings.warn(
C:\Users\acer\AppData\Local\Programs\Python\Python312\Lib\site-packages\sklearn\utils\validation.py:2749: UserWarning: X does not have valid feature names, but LinearRegression was fitted with feature names
  warnings.warn(
C:\Users\acer\AppData\Local\Programs\Python\Python312\Lib\site-packages\sklearn\utils\validation.py:2749: UserWarning: X does not have valid feature names, but LinearRegression was fitted with feature names
  warnings.warn(
[06/Apr/2026 19:10:08] "GET /status/marketplaces/ HTTP/1.1" 200 559
C:\Users\acer\AppData\Local\Programs\Python\Python312\Lib\site-packages\sklearn\base.py:442: InconsistentVersionWarning: Trying to unpickle estimator LinearRegression from version 1.8.0 when using version 1.7.2. This might lead to breaking code or invalid results. Use at your own risk. For more info please refer to:
https://scikit-learn.org/stable/model_persistence.html#security-maintainability-limitations
  warnings.warn(
C:\Users\acer\AppData\Local\Programs\Python\Python312\Lib\site-packages\sklearn\utils\validation.py:2749: UserWarning: X does not have valid feature names, but LinearRegression was fitted with feature names
  warnings.warn(
C:\Users\acer\AppData\Local\Programs\Python\Python312\Lib\site-packages\sklearn\utils\validation.py:2749: UserWarning: X does not have valid feature names, but LinearRegression was fitted with feature names
  warnings.warn(
[06/Apr/2026 19:10:09] "GET /status/marketplaces/ HTTP/1.1" 200 559
C:\Users\acer\AppData\Local\Programs\Python\Python312\Lib\site-packages\sklearn\base.py:442: InconsistentVersionWarning: Trying to unpickle estimator LinearRegression from version 1.8.0 when using version 1.7.2. This might lead to breaking code or invalid results. Use at your own risk. For more info please refer to:
https://scikit-learn.org/stable/model_persistence.html#security-maintainability-limitations
  warnings.warn(
C:\Users\acer\AppData\Local\Programs\Python\Python312\Lib\site-packages\sklearn\utils\validation.py:2749: UserWarning: X does not have valid feature names, but LinearRegression was fitted with feature names
  warnings.warn(
C:\Users\acer\AppData\Local\Programs\Python\Python312\Lib\site-packages\sklearn\utils\validation.py:2749: UserWarning: X does not have valid feature names, but LinearRegression was fitted with feature names
  warnings.warn(
[06/Apr/2026 19:10:11] "GET /status/marketplaces/ HTTP/1.1" 200 559
C:\Users\acer\AppData\Local\Programs\Python\Python312\Lib\site-packages\sklearn\base.py:442: InconsistentVersionWarning: Trying to unpickle estimator LinearRegression from version 1.8.0 when using version 1.7.2. This might lead to breaking code or invalid results. Use at your own risk. For more info please refer to:
https://scikit-learn.org/stable/model_persistence.html#security-maintainability-limitations
  warnings.warn(
C:\Users\acer\AppData\Local\Programs\Python\Python312\Lib\site-packages\sklearn\utils\validation.py:2749: UserWarning: X does not have valid feature names, but LinearRegression was fitted with feature names
  warnings.warn(
[06/Apr/2026 19:10:11] "POST /predict/marketplace/ HTTP/1.1" 201 272
C:\Users\acer\AppData\Local\Programs\Python\Python312\Lib\site-packages\sklearn\base.py:442: InconsistentVersionWarning: Trying to unpickle estimator LinearRegression from version 1.8.0 when using version 1.7.2. This might lead to breaking code or invalid results. Use at your own risk. For more info please refer to:
https://scikit-learn.org/stable/model_persistence.html#security-maintainability-limitations
  warnings.warn(
C:\Users\acer\AppData\Local\Programs\Python\Python312\Lib\site-packages\sklearn\utils\validation.py:2749: UserWarning: X does not have valid feature names, but LinearRegression was fitted with feature names
  warnings.warn(
C:\Users\acer\AppData\Local\Programs\Python\Python312\Lib\site-packages\sklearn\utils\validation.py:2749: UserWarning: X does not have valid feature names, but LinearRegression was fitted with feature names
  warnings.warn(
[06/Apr/2026 19:10:11] "GET /status/marketplaces/ HTTP/1.1" 200 559
C:\Users\acer\AppData\Local\Programs\Python\Python312\Lib\site-packages\sklearn\base.py:442: InconsistentVersionWarning: Trying to unpickle estimator LinearRegression from version 1.8.0 when using version 1.7.2. This might lead to breaking code or invalid results. Use at your own risk. For more info please refer to:
https://scikit-learn.org/stable/model_persistence.html#security-maintainability-limitations
  warnings.warn(
C:\Users\acer\AppData\Local\Programs\Python\Python312\Lib\site-packages\sklearn\utils\validation.py:2749: UserWarning: X does not have valid feature names, but LinearRegression was fitted with feature names
  warnings.warn(
C:\Users\acer\AppData\Local\Programs\Python\Python312\Lib\site-packages\sklearn\utils\validation.py:2749: UserWarning: X does not have valid feature names, but LinearRegression was fitted with feature names
  warnings.warn(
[06/Apr/2026 19:10:12] "GET /status/marketplaces/ HTTP/1.1" 200 559
C:\Users\acer\AppData\Local\Programs\Python\Python312\Lib\site-packages\sklearn\base.py:442: InconsistentVersionWarning: Trying to unpickle estimator LinearRegression from version 1.8.0 when using version 1.7.2. This might lead to breaking code or invalid results. Use at your own risk. For more info please refer to:
https://scikit-learn.org/stable/model_persistence.html#security-maintainability-limitations
  warnings.warn(
C:\Users\acer\AppData\Local\Programs\Python\Python312\Lib\site-packages\sklearn\utils\validation.py:2749: UserWarning: X does not have valid feature names, but LinearRegression was fitted with feature names
  warnings.warn(
C:\Users\acer\AppData\Local\Programs\Python\Python312\Lib\site-packages\sklearn\utils\validation.py:2749: UserWarning: X does not have valid feature names, but LinearRegression was fitted with feature names
  warnings.warn(
[06/Apr/2026 19:10:14] "GET /status/marketplaces/ HTTP/1.1" 200 559
C:\Users\acer\AppData\Local\Programs\Python\Python312\Lib\site-packages\sklearn\base.py:442: InconsistentVersionWarning: Trying to unpickle estimator LinearRegression from version 1.8.0 when using version 1.7.2. This might lead to breaking code or invalid results. Use at your own risk. For more info please refer to:
https://scikit-learn.org/stable/model_persistence.html#security-maintainability-limitations
  warnings.warn(
C:\Users\acer\AppData\Local\Programs\Python\Python312\Lib\site-packages\sklearn\utils\validation.py:2749: UserWarning: X does not have valid feature names, but LinearRegression was fitted with feature names
  warnings.warn(
[06/Apr/2026 19:10:15] "POST /predict/ HTTP/1.1" 200 52
C:\Users\acer\AppData\Local\Programs\Python\Python312\Lib\site-packages\sklearn\base.py:442: InconsistentVersionWarning: Trying to unpickle estimator LinearRegression from version 1.8.0 when using version 1.7.2. This might lead to breaking code or invalid results. Use at your own risk. For more info please refer to:
https://scikit-learn.org/stable/model_persistence.html#security-maintainability-limitations
  warnings.warn(
C:\Users\acer\AppData\Local\Programs\Python\Python312\Lib\site-packages\sklearn\utils\validation.py:2749: UserWarning: X does not have valid feature names, but LinearRegression was fitted with feature names
  warnings.warn(
[06/Apr/2026 19:10:15] "POST /predict/marketplace/ HTTP/1.1" 201 272
C:\Users\acer\AppData\Local\Programs\Python\Python312\Lib\site-packages\sklearn\base.py:442: InconsistentVersionWarning: Trying to unpickle estimator LinearRegression from version 1.8.0 when using version 1.7.2. This might lead to breaking code or invalid results. Use at your own risk. For more info please refer to:
https://scikit-learn.org/stable/model_persistence.html#security-maintainability-limitations
  warnings.warn(
C:\Users\acer\AppData\Local\Programs\Python\Python312\Lib\site-packages\sklearn\utils\validation.py:2749: UserWarning: X does not have valid feature names, but LinearRegression was fitted with feature names
  warnings.warn(
[06/Apr/2026 19:10:15] "POST /predict/marketplace/ HTTP/1.1" 201 276
C:\Users\acer\AppData\Local\Programs\Python\Python312\Lib\site-packages\sklearn\base.py:442: InconsistentVersionWarning: Trying to unpickle estimator LinearRegression from version 1.8.0 when using version 1.7.2. This might lead to breaking code or invalid results. Use at your own risk. For more info please refer to:
https://scikit-learn.org/stable/model_persistence.html#security-maintainability-limitations
  warnings.warn(
C:\Users\acer\AppData\Local\Programs\Python\Python312\Lib\site-packages\sklearn\utils\validation.py:2749: UserWarning: X does not have valid feature names, but LinearRegression was fitted with feature names
  warnings.warn(
C:\Users\acer\AppData\Local\Programs\Python\Python312\Lib\site-packages\sklearn\utils\validation.py:2749: UserWarning: X does not have valid feature names, but LinearRegression was fitted with feature names
  warnings.warn(
[06/Apr/2026 19:10:15] "GET /status/marketplaces/ HTTP/1.1" 200 559
C:\Users\acer\AppData\Local\Programs\Python\Python312\Lib\site-packages\sklearn\base.py:442: InconsistentVersionWarning: Trying to unpickle estimator LinearRegression from version 1.8.0 when using version 1.7.2. This might lead to breaking code or invalid results. Use at your own risk. For more info please refer to:
https://scikit-learn.org/stable/model_persistence.html#security-maintainability-limitations
  warnings.warn(
C:\Users\acer\AppData\Local\Programs\Python\Python312\Lib\site-packages\sklearn\utils\validation.py:2749: UserWarning: X does not have valid feature names, but LinearRegression was fitted with feature names
  warnings.warn(
C:\Users\acer\AppData\Local\Programs\Python\Python312\Lib\site-packages\sklearn\utils\validation.py:2749: UserWarning: X does not have valid feature names, but LinearRegression was fitted with feature names
  warnings.warn(
[06/Apr/2026 19:10:15] "GET /status/marketplaces/ HTTP/1.1" 200 559
C:\Users\acer\AppData\Local\Programs\Python\Python312\Lib\site-packages\sklearn\base.py:442: InconsistentVersionWarning: Trying to unpickle estimator LinearRegression from version 1.8.0 when using version 1.7.2. This might lead to breaking code or invalid results. Use at your own risk. For more info please refer to:
https://scikit-learn.org/stable/model_persistence.html#security-maintainability-limitations
  warnings.warn(
C:\Users\acer\AppData\Local\Programs\Python\Python312\Lib\site-packages\sklearn\utils\validation.py:2749: UserWarning: X does not have valid feature names, but LinearRegression was fitted with feature names
  warnings.warn(
[06/Apr/2026 19:10:16] "POST /predict/ HTTP/1.1" 200 52
C:\Users\acer\AppData\Local\Programs\Python\Python312\Lib\site-packages\sklearn\base.py:442: InconsistentVersionWarning: Trying to unpickle estimator LinearRegression from version 1.8.0 when using version 1.7.2. This might lead to breaking code or invalid results. Use at your own risk. For more info please refer to:
https://scikit-learn.org/stable/model_persistence.html#security-maintainability-limitations
  warnings.warn(
C:\Users\acer\AppData\Local\Programs\Python\Python312\Lib\site-packages\sklearn\utils\validation.py:2749: UserWarning: X does not have valid feature names, but LinearRegression was fitted with feature names
  warnings.warn(
[06/Apr/2026 19:10:16] "POST /predict/marketplace/ HTTP/1.1" 201 272
C:\Users\acer\AppData\Local\Programs\Python\Python312\Lib\site-packages\sklearn\base.py:442: InconsistentVersionWarning: Trying to unpickle estimator LinearRegression from version 1.8.0 when using version 1.7.2. This might lead to breaking code or invalid results. Use at your own risk. For more info please refer to:
https://scikit-learn.org/stable/model_persistence.html#security-maintainability-limitations
  warnings.warn(
C:\Users\acer\AppData\Local\Programs\Python\Python312\Lib\site-packages\sklearn\utils\validation.py:2749: UserWarning: X does not have valid feature names, but LinearRegression was fitted with feature names
  warnings.warn(
[06/Apr/2026 19:10:16] "POST /predict/marketplace/ HTTP/1.1" 201 276
C:\Users\acer\AppData\Local\Programs\Python\Python312\Lib\site-packages\sklearn\base.py:442: InconsistentVersionWarning: Trying to unpickle estimator LinearRegression from version 1.8.0 when using version 1.7.2. This might lead to breaking code or invalid results. Use at your own risk. For more info please refer to:
https://scikit-learn.org/stable/model_persistence.html#security-maintainability-limitations
  warnings.warn(
C:\Users\acer\AppData\Local\Programs\Python\Python312\Lib\site-packages\sklearn\utils\validation.py:2749: UserWarning: X does not have valid feature names, but LinearRegression was fitted with feature names
  warnings.warn(
C:\Users\acer\AppData\Local\Programs\Python\Python312\Lib\site-packages\sklearn\utils\validation.py:2749: UserWarning: X does not have valid feature names, but LinearRegression was fitted with feature names
  warnings.warn(
[06/Apr/2026 19:10:16] "GET /status/marketplaces/ HTTP/1.1" 200 559
C:\Users\acer\AppData\Local\Programs\Python\Python312\Lib\site-packages\sklearn\base.py:442: InconsistentVersionWarning: Trying to unpickle estimator LinearRegression from version 1.8.0 when using version 1.7.2. This might lead to breaking code or invalid results. Use at your own risk. For more info please refer to:
https://scikit-learn.org/stable/model_persistence.html#security-maintainability-limitations
  warnings.warn(
C:\Users\acer\AppData\Local\Programs\Python\Python312\Lib\site-packages\sklearn\utils\validation.py:2749: UserWarning: X does not have valid feature names, but LinearRegression was fitted with feature names
  warnings.warn(
C:\Users\acer\AppData\Local\Programs\Python\Python312\Lib\site-packages\sklearn\utils\validation.py:2749: UserWarning: X does not have valid feature names, but LinearRegression was fitted with feature names
  warnings.warn(
[06/Apr/2026 19:10:17] "GET /status/marketplaces/ HTTP/1.1" 200 559
C:\Users\acer\AppData\Local\Programs\Python\Python312\Lib\site-packages\sklearn\base.py:442: InconsistentVersionWarning: Trying to unpickle estimator LinearRegression from version 1.8.0 when using version 1.7.2. This might lead to breaking code or invalid results. Use at your own risk. For more info please refer to:
https://scikit-learn.org/stable/model_persistence.html#security-maintainability-limitations
  warnings.warn(
C:\Users\acer\AppData\Local\Programs\Python\Python312\Lib\site-packages\sklearn\utils\validation.py:2749: UserWarning: X does not have valid feature names, but LinearRegression was fitted with feature names
  warnings.warn(
C:\Users\acer\AppData\Local\Programs\Python\Python312\Lib\site-packages\sklearn\utils\validation.py:2749: UserWarning: X does not have valid feature names, but LinearRegression was fitted with feature names
  warnings.warn(
[06/Apr/2026 19:10:18] "GET /status/marketplaces/ HTTP/1.1" 200 559
C:\Users\acer\AppData\Local\Programs\Python\Python312\Lib\site-packages\sklearn\base.py:442: InconsistentVersionWarning: Trying to unpickle estimator LinearRegression from version 1.8.0 when using version 1.7.2. This might lead to breaking code or invalid results. Use at your own risk. For more info please refer to:
https://scikit-learn.org/stable/model_persistence.html#security-maintainability-limitations
  warnings.warn(
C:\Users\acer\AppData\Local\Programs\Python\Python312\Lib\site-packages\sklearn\utils\validation.py:2749: UserWarning: X does not have valid feature names, but LinearRegression was fitted with feature names
  warnings.warn(
C:\Users\acer\AppData\Local\Programs\Python\Python312\Lib\site-packages\sklearn\utils\validation.py:2749: UserWarning: X does not have valid feature names, but LinearRegression was fitted with feature names
  warnings.warn(
[06/Apr/2026 19:10:20] "GET /status/marketplaces/ HTTP/1.1" 200 559
C:\Users\acer\AppData\Local\Programs\Python\Python312\Lib\site-packages\sklearn\base.py:442: InconsistentVersionWarning: Trying to unpickle estimator LinearRegression from version 1.8.0 when using version 1.7.2. This might lead to breaking code or invalid results. Use at your own risk. For more info please refer to:
https://scikit-learn.org/stable/model_persistence.html#security-maintainability-limitations
  warnings.warn(
C:\Users\acer\AppData\Local\Programs\Python\Python312\Lib\site-packages\sklearn\utils\validation.py:2749: UserWarning: X does not have valid feature names, but LinearRegression was fitted with feature names
  warnings.warn(
C:\Users\acer\AppData\Local\Programs\Python\Python312\Lib\site-packages\sklearn\utils\validation.py:2749: UserWarning: X does not have valid feature names, but LinearRegression was fitted with feature names
  warnings.warn(
[06/Apr/2026 19:10:21] "GET /status/marketplaces/ HTTP/1.1" 200 559
C:\Users\acer\AppData\Local\Programs\Python\Python312\Lib\site-packages\sklearn\base.py:442: InconsistentVersionWarning: Trying to unpickle estimator LinearRegression from version 1.8.0 when using version 1.7.2. This might lead to breaking code or invalid results. Use at your own risk. For more info please refer to:
https://scikit-learn.org/stable/model_persistence.html#security-maintainability-limitations
  warnings.warn(
C:\Users\acer\AppData\Local\Programs\Python\Python312\Lib\site-packages\sklearn\utils\validation.py:2749: UserWarning: X does not have valid feature names, but LinearRegression was fitted with feature names
  warnings.warn(
[06/Apr/2026 19:10:21] "POST /predict/ HTTP/1.1" 200 52
C:\Users\acer\AppData\Local\Programs\Python\Python312\Lib\site-packages\sklearn\base.py:442: InconsistentVersionWarning: Trying to unpickle estimator LinearRegression from version 1.8.0 when using version 1.7.2. This might lead to breaking code or invalid results. Use at your own risk. For more info please refer to:
https://scikit-learn.org/stable/model_persistence.html#security-maintainability-limitations
  warnings.warn(
C:\Users\acer\AppData\Local\Programs\Python\Python312\Lib\site-packages\sklearn\utils\validation.py:2749: UserWarning: X does not have valid feature names, but LinearRegression was fitted with feature names
  warnings.warn(
[06/Apr/2026 19:10:21] "POST /predict/marketplace/ HTTP/1.1" 201 272
C:\Users\acer\AppData\Local\Programs\Python\Python312\Lib\site-packages\sklearn\base.py:442: InconsistentVersionWarning: Trying to unpickle estimator LinearRegression from version 1.8.0 when using version 1.7.2. This might lead to breaking code or invalid results. Use at your own risk. For more info please refer to:
https://scikit-learn.org/stable/model_persistence.html#security-maintainability-limitations
  warnings.warn(
C:\Users\acer\AppData\Local\Programs\Python\Python312\Lib\site-packages\sklearn\utils\validation.py:2749: UserWarning: X does not have valid feature names, but LinearRegression was fitted with feature names
  warnings.warn(
[06/Apr/2026 19:10:21] "POST /predict/marketplace/ HTTP/1.1" 201 276
C:\Users\acer\AppData\Local\Programs\Python\Python312\Lib\site-packages\sklearn\base.py:442: InconsistentVersionWarning: Trying to unpickle estimator LinearRegression from version 1.8.0 when using version 1.7.2. This might lead to breaking code or invalid results. Use at your own risk. For more info please refer to:
https://scikit-learn.org/stable/model_persistence.html#security-maintainability-limitations
  warnings.warn(
C:\Users\acer\AppData\Local\Programs\Python\Python312\Lib\site-packages\sklearn\utils\validation.py:2749: UserWarning: X does not have valid feature names, but LinearRegression was fitted with feature names
  warnings.warn(
C:\Users\acer\AppData\Local\Programs\Python\Python312\Lib\site-packages\sklearn\utils\validation.py:2749: UserWarning: X does not have valid feature names, but LinearRegression was fitted with feature names
  warnings.warn(
[06/Apr/2026 19:10:21] "GET /status/marketplaces/ HTTP/1.1" 200 569
C:\Users\acer\AppData\Local\Programs\Python\Python312\Lib\site-packages\sklearn\base.py:442: InconsistentVersionWarning: Trying to unpickle estimator LinearRegression from version 1.8.0 when using version 1.7.2. This might lead to breaking code or invalid results. Use at your own risk. For more info please refer to:
https://scikit-learn.org/stable/model_persistence.html#security-maintainability-limitations
  warnings.warn(
C:\Users\acer\AppData\Local\Programs\Python\Python312\Lib\site-packages\sklearn\utils\validation.py:2749: UserWarning: X does not have valid feature names, but LinearRegression was fitted with feature names
  warnings.warn(
C:\Users\acer\AppData\Local\Programs\Python\Python312\Lib\site-packages\sklearn\utils\validation.py:2749: UserWarning: X does not have valid feature names, but LinearRegression was fitted with feature names
  warnings.warn(
[06/Apr/2026 19:10:23] "GET /status/marketplaces/ HTTP/1.1" 200 569
C:\Users\acer\AppData\Local\Programs\Python\Python312\Lib\site-packages\sklearn\base.py:442: InconsistentVersionWarning: Trying to unpickle estimator LinearRegression from version 1.8.0 when using version 1.7.2. This might lead to breaking code or invalid results. Use at your own risk. For more info please refer to:
https://scikit-learn.org/stable/model_persistence.html#security-maintainability-limitations
  warnings.warn(
C:\Users\acer\AppData\Local\Programs\Python\Python312\Lib\site-packages\sklearn\utils\validation.py:2749: UserWarning: X does not have valid feature names, but LinearRegression was fitted with feature names
  warnings.warn(
C:\Users\acer\AppData\Local\Programs\Python\Python312\Lib\site-packages\sklearn\utils\validation.py:2749: UserWarning: X does not have valid feature names, but LinearRegression was fitted with feature names
  warnings.warn(
[06/Apr/2026 19:10:24] "GET /status/marketplaces/ HTTP/1.1" 200 569
C:\Users\acer\AppData\Local\Programs\Python\Python312\Lib\site-packages\sklearn\base.py:442: InconsistentVersionWarning: Trying to unpickle estimator LinearRegression from version 1.8.0 when using version 1.7.2. This might lead to breaking code or invalid results. Use at your own risk. For more info please refer to:
https://scikit-learn.org/stable/model_persistence.html#security-maintainability-limitations
  warnings.warn(
C:\Users\acer\AppData\Local\Programs\Python\Python312\Lib\site-packages\sklearn\utils\validation.py:2749: UserWarning: X does not have valid feature names, but LinearRegression was fitted with feature names
  warnings.warn(
C:\Users\acer\AppData\Local\Programs\Python\Python312\Lib\site-packages\sklearn\utils\validation.py:2749: UserWarning: X does not have valid feature names, but LinearRegression was fitted with feature names
  warnings.warn(
[06/Apr/2026 19:10:26] "GET /status/marketplaces/ HTTP/1.1" 200 569
C:\Users\acer\AppData\Local\Programs\Python\Python312\Lib\site-packages\sklearn\base.py:442: InconsistentVersionWarning: Trying to unpickle estimator LinearRegression from version 1.8.0 when using version 1.7.2. This might lead to breaking code or invalid results. Use at your own risk. For more info please refer to:
https://scikit-learn.org/stable/model_persistence.html#security-maintainability-limitations
  warnings.warn(
C:\Users\acer\AppData\Local\Programs\Python\Python312\Lib\site-packages\sklearn\utils\validation.py:2749: UserWarning: X does not have valid feature names, but LinearRegression was fitted with feature names
  warnings.warn(
C:\Users\acer\AppData\Local\Programs\Python\Python312\Lib\site-packages\sklearn\utils\validation.py:2749: UserWarning: X does not have valid feature names, but LinearRegression was fitted with feature names
  warnings.warn(
[06/Apr/2026 19:10:27] "GET /status/marketplaces/ HTTP/1.1" 200 569
C:\Users\acer\AppData\Local\Programs\Python\Python312\Lib\site-packages\sklearn\base.py:442: InconsistentVersionWarning: Trying to unpickle estimator LinearRegression from version 1.8.0 when using version 1.7.2. This might lead to breaking code or invalid results. Use at your own risk. For more info please refer to:
https://scikit-learn.org/stable/model_persistence.html#security-maintainability-limitations
  warnings.warn(
C:\Users\acer\AppData\Local\Programs\Python\Python312\Lib\site-packages\sklearn\utils\validation.py:2749: UserWarning: X does not have valid feature names, but LinearRegression was fitted with feature names
  warnings.warn(
C:\Users\acer\AppData\Local\Programs\Python\Python312\Lib\site-packages\sklearn\utils\validation.py:2749: UserWarning: X does not have valid feature names, but LinearRegression was fitted with feature names
  warnings.warn(
[06/Apr/2026 19:10:29] "GET /status/marketplaces/ HTTP/1.1" 200 569
C:\Users\acer\AppData\Local\Programs\Python\Python312\Lib\site-packages\sklearn\base.py:442: InconsistentVersionWarning: Trying to unpickle estimator LinearRegression from version 1.8.0 when using version 1.7.2. This might lead to breaking code or invalid results. Use at your own risk. For more info please refer to:
https://scikit-learn.org/stable/model_persistence.html#security-maintainability-limitations
  warnings.warn(
C:\Users\acer\AppData\Local\Programs\Python\Python312\Lib\site-packages\sklearn\utils\validation.py:2749: UserWarning: X does not have valid feature names, but LinearRegression was fitted with feature names
  warnings.warn(
[06/Apr/2026 19:10:30] "POST /predict/ HTTP/1.1" 200 52
C:\Users\acer\AppData\Local\Programs\Python\Python312\Lib\site-packages\sklearn\base.py:442: InconsistentVersionWarning: Trying to unpickle estimator LinearRegression from version 1.8.0 when using version 1.7.2. This might lead to breaking code or invalid results. Use at your own risk. For more info please refer to:
https://scikit-learn.org/stable/model_persistence.html#security-maintainability-limitations
  warnings.warn(
C:\Users\acer\AppData\Local\Programs\Python\Python312\Lib\site-packages\sklearn\utils\validation.py:2749: UserWarning: X does not have valid feature names, but LinearRegression was fitted with feature names
  warnings.warn(
[06/Apr/2026 19:10:30] "POST /predict/marketplace/ HTTP/1.1" 201 272
C:\Users\acer\AppData\Local\Programs\Python\Python312\Lib\site-packages\sklearn\base.py:442: InconsistentVersionWarning: Trying to unpickle estimator LinearRegression from version 1.8.0 when using version 1.7.2. This might lead to breaking code or invalid results. Use at your own risk. For more info please refer to:
https://scikit-learn.org/stable/model_persistence.html#security-maintainability-limitations
  warnings.warn(
C:\Users\acer\AppData\Local\Programs\Python\Python312\Lib\site-packages\sklearn\utils\validation.py:2749: UserWarning: X does not have valid feature names, but LinearRegression was fitted with feature names
  warnings.warn(
[06/Apr/2026 19:10:30] "POST /predict/marketplace/ HTTP/1.1" 201 276
C:\Users\acer\AppData\Local\Programs\Python\Python312\Lib\site-packages\sklearn\utils\validation.py:2749: UserWarning: X does not have valid feature names, but LinearRegression was fitted with feature names
  warnings.warn(
C:\Users\acer\AppData\Local\Programs\Python\Python312\Lib\site-packages\sklearn\utils\validation.py:2749: UserWarning: X does not have valid feature names, but LinearRegression was fitted with feature names
  warnings.warn(
[06/Apr/2026 19:10:30] "GET /status/marketplaces/ HTTP/1.1" 200 559
C:\Users\acer\AppData\Local\Programs\Python\Python312\Lib\site-packages\sklearn\base.py:442: InconsistentVersionWarning: Trying to unpickle estimator LinearRegression from version 1.8.0 when using version 1.7.2. This might lead to breaking code or invalid results. Use at your own risk. For more info please refer to:
https://scikit-learn.org/stable/model_persistence.html#security-maintainability-limitations
  warnings.warn(
C:\Users\acer\AppData\Local\Programs\Python\Python312\Lib\site-packages\sklearn\utils\validation.py:2749: UserWarning: X does not have valid feature names, but LinearRegression was fitted with feature names
  warnings.warn(
C:\Users\acer\AppData\Local\Programs\Python\Python312\Lib\site-packages\sklearn\utils\validation.py:2749: UserWarning: X does not have valid feature names, but LinearRegression was fitted with feature names
  warnings.warn(
[06/Apr/2026 19:10:30] "GET /status/marketplaces/ HTTP/1.1" 200 559
C:\Users\acer\AppData\Local\Programs\Python\Python312\Lib\site-packages\sklearn\base.py:442: InconsistentVersionWarning: Trying to unpickle estimator LinearRegression from version 1.8.0 when using version 1.7.2. This might lead to breaking code or invalid results. Use at your own risk. For more info please refer to:
https://scikit-learn.org/stable/model_persistence.html#security-maintainability-limitations
  warnings.warn(
C:\Users\acer\AppData\Local\Programs\Python\Python312\Lib\site-packages\sklearn\utils\validation.py:2749: UserWarning: X does not have valid feature names, but LinearRegression was fitted with feature names
  warnings.warn(
C:\Users\acer\AppData\Local\Programs\Python\Python312\Lib\site-packages\sklearn\utils\validation.py:2749: UserWarning: X does not have valid feature names, but LinearRegression was fitted with feature names
  warnings.warn(
[06/Apr/2026 19:10:32] "GET /status/marketplaces/ HTTP/1.1" 200 559
C:\Users\acer\AppData\Local\Programs\Python\Python312\Lib\site-packages\sklearn\base.py:442: InconsistentVersionWarning: Trying to unpickle estimator LinearRegression from version 1.8.0 when using version 1.7.2. This might lead to breaking code or invalid results. Use at your own risk. For more info please refer to:
https://scikit-learn.org/stable/model_persistence.html#security-maintainability-limitations
  warnings.warn(
C:\Users\acer\AppData\Local\Programs\Python\Python312\Lib\site-packages\sklearn\utils\validation.py:2749: UserWarning: X does not have valid feature names, but LinearRegression was fitted with feature names
  warnings.warn(
C:\Users\acer\AppData\Local\Programs\Python\Python312\Lib\site-packages\sklearn\utils\validation.py:2749: UserWarning: X does not have valid feature names, but LinearRegression was fitted with feature names
  warnings.warn(
[06/Apr/2026 19:10:33] "GET /status/marketplaces/ HTTP/1.1" 200 559
C:\Users\acer\AppData\Local\Programs\Python\Python312\Lib\site-packages\sklearn\base.py:442: InconsistentVersionWarning: Trying to unpickle estimator LinearRegression from version 1.8.0 when using version 1.7.2. This might lead to breaking code or invalid results. Use at your own risk. For more info please refer to:
https://scikit-learn.org/stable/model_persistence.html#security-maintainability-limitations
  warnings.warn(
C:\Users\acer\AppData\Local\Programs\Python\Python312\Lib\site-packages\sklearn\utils\validation.py:2749: UserWarning: X does not have valid feature names, but LinearRegression was fitted with feature names
  warnings.warn(
C:\Users\acer\AppData\Local\Programs\Python\Python312\Lib\site-packages\sklearn\utils\validation.py:2749: UserWarning: X does not have valid feature names, but LinearRegression was fitted with feature names
  warnings.warn(
[06/Apr/2026 19:10:35] "GET /status/marketplaces/ HTTP/1.1" 200 559
C:\Users\acer\AppData\Local\Programs\Python\Python312\Lib\site-packages\sklearn\base.py:442: InconsistentVersionWarning: Trying to unpickle estimator LinearRegression from version 1.8.0 when using version 1.7.2. This might lead to breaking code or invalid results. Use at your own risk. For more info please refer to:
https://scikit-learn.org/stable/model_persistence.html#security-maintainability-limitations
  warnings.warn(
C:\Users\acer\AppData\Local\Programs\Python\Python312\Lib\site-packages\sklearn\utils\validation.py:2749: UserWarning: X does not have valid feature names, but LinearRegression was fitted with feature names
  warnings.warn(
C:\Users\acer\AppData\Local\Programs\Python\Python312\Lib\site-packages\sklearn\utils\validation.py:2749: UserWarning: X does not have valid feature names, but LinearRegression was fitted with feature names
  warnings.warn(
[06/Apr/2026 19:10:36] "GET /status/marketplaces/ HTTP/1.1" 200 559
C:\Users\acer\AppData\Local\Programs\Python\Python312\Lib\site-packages\sklearn\base.py:442: InconsistentVersionWarning: Trying to unpickle estimator LinearRegression from version 1.8.0 when using version 1.7.2. This might lead to breaking code or invalid results. Use at your own risk. For more info please refer to:
https://scikit-learn.org/stable/model_persistence.html#security-maintainability-limitations
  warnings.warn(
C:\Users\acer\AppData\Local\Programs\Python\Python312\Lib\site-packages\sklearn\utils\validation.py:2749: UserWarning: X does not have valid feature names, but LinearRegression was fitted with feature names
  warnings.warn(
C:\Users\acer\AppData\Local\Programs\Python\Python312\Lib\site-packages\sklearn\utils\validation.py:2749: UserWarning: X does not have valid feature names, but LinearRegression was fitted with feature names
  warnings.warn(
[06/Apr/2026 19:10:38] "GET /status/marketplaces/ HTTP/1.1" 200 559
C:\Users\acer\AppData\Local\Programs\Python\Python312\Lib\site-packages\sklearn\base.py:442: InconsistentVersionWarning: Trying to unpickle estimator LinearRegression from version 1.8.0 when using version 1.7.2. This might lead to breaking code or invalid results. Use at your own risk. For more info please refer to:
https://scikit-learn.org/stable/model_persistence.html#security-maintainability-limitations
  warnings.warn(
C:\Users\acer\AppData\Local\Programs\Python\Python312\Lib\site-packages\sklearn\utils\validation.py:2749: UserWarning: X does not have valid feature names, but LinearRegression was fitted with feature names
  warnings.warn(
C:\Users\acer\AppData\Local\Programs\Python\Python312\Lib\site-packages\sklearn\utils\validation.py:2749: UserWarning: X does not have valid feature names, but LinearRegression was fitted with feature names
  warnings.warn(
[06/Apr/2026 19:10:39] "GET /status/marketplaces/ HTTP/1.1" 200 559
C:\Users\acer\AppData\Local\Programs\Python\Python312\Lib\site-packages\sklearn\base.py:442: InconsistentVersionWarning: Trying to unpickle estimator LinearRegression from version 1.8.0 when using version 1.7.2. This might lead to breaking code or invalid results. Use at your own risk. For more info please refer to:
https://scikit-learn.org/stable/model_persistence.html#security-maintainability-limitations
  warnings.warn(
C:\Users\acer\AppData\Local\Programs\Python\Python312\Lib\site-packages\sklearn\utils\validation.py:2749: UserWarning: X does not have valid feature names, but LinearRegression was fitted with feature names
  warnings.warn(
C:\Users\acer\AppData\Local\Programs\Python\Python312\Lib\site-packages\sklearn\utils\validation.py:2749: UserWarning: X does not have valid feature names, but LinearRegression was fitted with feature names
  warnings.warn(
[06/Apr/2026 19:10:41] "GET /status/marketplaces/ HTTP/1.1" 200 559
C:\Users\acer\AppData\Local\Programs\Python\Python312\Lib\site-packages\sklearn\base.py:442: InconsistentVersionWarning: Trying to unpickle estimator LinearRegression from version 1.8.0 when using version 1.7.2. This might lead to breaking code or invalid results. Use at your own risk. For more info please refer to:
https://scikit-learn.org/stable/model_persistence.html#security-maintainability-limitations
  warnings.warn(
C:\Users\acer\AppData\Local\Programs\Python\Python312\Lib\site-packages\sklearn\utils\validation.py:2749: UserWarning: X does not have valid feature names, but LinearRegression was fitted with feature names
  warnings.warn(
C:\Users\acer\AppData\Local\Programs\Python\Python312\Lib\site-packages\sklearn\utils\validation.py:2749: UserWarning: X does not have valid feature names, but LinearRegression was fitted with feature names
  warnings.warn(
[06/Apr/2026 19:10:42] "GET /status/marketplaces/ HTTP/1.1" 200 559
C:\Users\acer\AppData\Local\Programs\Python\Python312\Lib\site-packages\sklearn\base.py:442: InconsistentVersionWarning: Trying to unpickle estimator LinearRegression from version 1.8.0 when using version 1.7.2. This might lead to breaking code or invalid results. Use at your own risk. For more info please refer to:
https://scikit-learn.org/stable/model_persistence.html#security-maintainability-limitations
  warnings.warn(
C:\Users\acer\AppData\Local\Programs\Python\Python312\Lib\site-packages\sklearn\utils\validation.py:2749: UserWarning: X does not have valid feature names, but LinearRegression was fitted with feature names
  warnings.warn(
C:\Users\acer\AppData\Local\Programs\Python\Python312\Lib\site-packages\sklearn\utils\validation.py:2749: UserWarning: X does not have valid feature names, but LinearRegression was fitted with feature names
  warnings.warn(
[06/Apr/2026 19:10:44] "GET /status/marketplaces/ HTTP/1.1" 200 559
C:\Users\acer\AppData\Local\Programs\Python\Python312\Lib\site-packages\sklearn\base.py:442: InconsistentVersionWarning: Trying to unpickle estimator LinearRegression from version 1.8.0 when using version 1.7.2. This might lead to breaking code or invalid results. Use at your own risk. For more info please refer to:
https://scikit-learn.org/stable/model_persistence.html#security-maintainability-limitations
  warnings.warn(
C:\Users\acer\AppData\Local\Programs\Python\Python312\Lib\site-packages\sklearn\utils\validation.py:2749: UserWarning: X does not have valid feature names, but LinearRegression was fitted with feature names
  warnings.warn(
C:\Users\acer\AppData\Local\Programs\Python\Python312\Lib\site-packages\sklearn\utils\validation.py:2749: UserWarning: X does not have valid feature names, but LinearRegression was fitted with feature names
  warnings.warn(
[06/Apr/2026 19:10:44] "GET /status/marketplaces/ HTTP/1.1" 200 559
C:\Users\acer\AppData\Local\Programs\Python\Python312\Lib\site-packages\sklearn\base.py:442: InconsistentVersionWarning: Trying to unpickle estimator LinearRegression from version 1.8.0 when using version 1.7.2. This might lead to breaking code or invalid results. Use at your own risk. For more info please refer to:
https://scikit-learn.org/stable/model_persistence.html#security-maintainability-limitations
  warnings.warn(
C:\Users\acer\AppData\Local\Programs\Python\Python312\Lib\site-packages\sklearn\utils\validation.py:2749: UserWarning: X does not have valid feature names, but LinearRegression was fitted with feature names
  warnings.warn(
[06/Apr/2026 19:10:46] "POST /predict/ HTTP/1.1" 200 52
C:\Users\acer\AppData\Local\Programs\Python\Python312\Lib\site-packages\sklearn\base.py:442: InconsistentVersionWarning: Trying to unpickle estimator LinearRegression from version 1.8.0 when using version 1.7.2. This might lead to breaking code or invalid results. Use at your own risk. For more info please refer to:
https://scikit-learn.org/stable/model_persistence.html#security-maintainability-limitations
  warnings.warn(
C:\Users\acer\AppData\Local\Programs\Python\Python312\Lib\site-packages\sklearn\utils\validation.py:2749: UserWarning: X does not have valid feature names, but LinearRegression was fitted with feature names
  warnings.warn(
[06/Apr/2026 19:10:46] "POST /predict/marketplace/ HTTP/1.1" 201 273
C:\Users\acer\AppData\Local\Programs\Python\Python312\Lib\site-packages\sklearn\base.py:442: InconsistentVersionWarning: Trying to unpickle estimator LinearRegression from version 1.8.0 when using version 1.7.2. This might lead to breaking code or invalid results. Use at your own risk. For more info please refer to:
https://scikit-learn.org/stable/model_persistence.html#security-maintainability-limitations
  warnings.warn(
C:\Users\acer\AppData\Local\Programs\Python\Python312\Lib\site-packages\sklearn\utils\validation.py:2749: UserWarning: X does not have valid feature names, but LinearRegression was fitted with feature names
  warnings.warn(
[06/Apr/2026 19:10:46] "POST /predict/marketplace/ HTTP/1.1" 201 277
C:\Users\acer\AppData\Local\Programs\Python\Python312\Lib\site-packages\sklearn\base.py:442: InconsistentVersionWarning: Trying to unpickle estimator LinearRegression from version 1.8.0 when using version 1.7.2. This might lead to breaking code or invalid results. Use at your own risk. For more info please refer to:
https://scikit-learn.org/stable/model_persistence.html#security-maintainability-limitations
  warnings.warn(
C:\Users\acer\AppData\Local\Programs\Python\Python312\Lib\site-packages\sklearn\utils\validation.py:2749: UserWarning: X does not have valid feature names, but LinearRegression was fitted with feature names
  warnings.warn(
C:\Users\acer\AppData\Local\Programs\Python\Python312\Lib\site-packages\sklearn\utils\validation.py:2749: UserWarning: X does not have valid feature names, but LinearRegression was fitted with feature names
  warnings.warn(
[06/Apr/2026 19:10:46] "GET /status/marketplaces/ HTTP/1.1" 200 565
C:\Users\acer\AppData\Local\Programs\Python\Python312\Lib\site-packages\sklearn\base.py:442: InconsistentVersionWarning: Trying to unpickle estimator LinearRegression from version 1.8.0 when using version 1.7.2. This might lead to breaking code or invalid results. Use at your own risk. For more info please refer to:
https://scikit-learn.org/stable/model_persistence.html#security-maintainability-limitations
  warnings.warn(
C:\Users\acer\AppData\Local\Programs\Python\Python312\Lib\site-packages\sklearn\utils\validation.py:2749: UserWarning: X does not have valid feature names, but LinearRegression was fitted with feature names
  warnings.warn(
C:\Users\acer\AppData\Local\Programs\Python\Python312\Lib\site-packages\sklearn\utils\validation.py:2749: UserWarning: X does not have valid feature names, but LinearRegression was fitted with feature names
  warnings.warn(
[06/Apr/2026 19:10:47] "GET /status/marketplaces/ HTTP/1.1" 200 565
C:\Users\acer\AppData\Local\Programs\Python\Python312\Lib\site-packages\sklearn\base.py:442: InconsistentVersionWarning: Trying to unpickle estimator LinearRegression from version 1.8.0 when using version 1.7.2. This might lead to breaking code or invalid results. Use at your own risk. For more info please refer to:
https://scikit-learn.org/stable/model_persistence.html#security-maintainability-limitations
  warnings.warn(
C:\Users\acer\AppData\Local\Programs\Python\Python312\Lib\site-packages\sklearn\utils\validation.py:2749: UserWarning: X does not have valid feature names, but LinearRegression was fitted with feature names
  warnings.warn(
C:\Users\acer\AppData\Local\Programs\Python\Python312\Lib\site-packages\sklearn\utils\validation.py:2749: UserWarning: X does not have valid feature names, but LinearRegression was fitted with feature names
  warnings.warn(
[06/Apr/2026 19:10:47] "GET /status/marketplaces/ HTTP/1.1" 200 565
C:\Users\acer\AppData\Local\Programs\Python\Python312\Lib\site-packages\sklearn\base.py:442: InconsistentVersionWarning: Trying to unpickle estimator LinearRegression from version 1.8.0 when using version 1.7.2. This might lead to breaking code or invalid results. Use at your own risk. For more info please refer to:
https://scikit-learn.org/stable/model_persistence.html#security-maintainability-limitations
  warnings.warn(
C:\Users\acer\AppData\Local\Programs\Python\Python312\Lib\site-packages\sklearn\utils\validation.py:2749: UserWarning: X does not have valid feature names, but LinearRegression was fitted with feature names
  warnings.warn(
[06/Apr/2026 19:10:50] "POST /predict/marketplace/ HTTP/1.1" 201 273
C:\Users\acer\AppData\Local\Programs\Python\Python312\Lib\site-packages\sklearn\base.py:442: InconsistentVersionWarning: Trying to unpickle estimator LinearRegression from version 1.8.0 when using version 1.7.2. This might lead to breaking code or invalid results. Use at your own risk. For more info please refer to:
https://scikit-learn.org/stable/model_persistence.html#security-maintainability-limitations
  warnings.warn(
C:\Users\acer\AppData\Local\Programs\Python\Python312\Lib\site-packages\sklearn\utils\validation.py:2749: UserWarning: X does not have valid feature names, but LinearRegression was fitted with feature names
  warnings.warn(
C:\Users\acer\AppData\Local\Programs\Python\Python312\Lib\site-packages\sklearn\utils\validation.py:2749: UserWarning: X does not have valid feature names, but LinearRegression was fitted with feature names
  warnings.warn(
[06/Apr/2026 19:10:50] "GET /status/marketplaces/ HTTP/1.1" 200 565
C:\Users\acer\AppData\Local\Programs\Python\Python312\Lib\site-packages\sklearn\base.py:442: InconsistentVersionWarning: Trying to unpickle estimator LinearRegression from version 1.8.0 when using version 1.7.2. This might lead to breaking code or invalid results. Use at your own risk. For more info please refer to:
https://scikit-learn.org/stable/model_persistence.html#security-maintainability-limitations
  warnings.warn(
C:\Users\acer\AppData\Local\Programs\Python\Python312\Lib\site-packages\sklearn\utils\validation.py:2749: UserWarning: X does not have valid feature names, but LinearRegression was fitted with feature names
  warnings.warn(
C:\Users\acer\AppData\Local\Programs\Python\Python312\Lib\site-packages\sklearn\utils\validation.py:2749: UserWarning: X does not have valid feature names, but LinearRegression was fitted with feature names
  warnings.warn(
[06/Apr/2026 19:10:50] "GET /status/marketplaces/ HTTP/1.1" 200 565
C:\Users\acer\AppData\Local\Programs\Python\Python312\Lib\site-packages\sklearn\base.py:442: InconsistentVersionWarning: Trying to unpickle estimator LinearRegression from version 1.8.0 when using version 1.7.2. This might lead to breaking code or invalid results. Use at your own risk. For more info please refer to:
https://scikit-learn.org/stable/model_persistence.html#security-maintainability-limitations
  warnings.warn(
C:\Users\acer\AppData\Local\Programs\Python\Python312\Lib\site-packages\sklearn\utils\validation.py:2749: UserWarning: X does not have valid feature names, but LinearRegression was fitted with feature names
  warnings.warn(
C:\Users\acer\AppData\Local\Programs\Python\Python312\Lib\site-packages\sklearn\utils\validation.py:2749: UserWarning: X does not have valid feature names, but LinearRegression was fitted with feature names
  warnings.warn(
[06/Apr/2026 19:10:50] "GET /status/marketplaces/ HTTP/1.1" 200 565
C:\Users\acer\AppData\Local\Programs\Python\Python312\Lib\site-packages\sklearn\base.py:442: InconsistentVersionWarning: Trying to unpickle estimator LinearRegression from version 1.8.0 when using version 1.7.2. This might lead to breaking code or invalid results. Use at your own risk. For more info please refer to:
https://scikit-learn.org/stable/model_persistence.html#security-maintainability-limitations
  warnings.warn(
C:\Users\acer\AppData\Local\Programs\Python\Python312\Lib\site-packages\sklearn\utils\validation.py:2749: UserWarning: X does not have valid feature names, but LinearRegression was fitted with feature names
  warnings.warn(
[06/Apr/2026 19:10:50] "POST /predict/marketplace/ HTTP/1.1" 201 273
C:\Users\acer\AppData\Local\Programs\Python\Python312\Lib\site-packages\sklearn\base.py:442: InconsistentVersionWarning: Trying to unpickle estimator LinearRegression from version 1.8.0 when using version 1.7.2. This might lead to breaking code or invalid results. Use at your own risk. For more info please refer to:
https://scikit-learn.org/stable/model_persistence.html#security-maintainability-limitations
  warnings.warn(
C:\Users\acer\AppData\Local\Programs\Python\Python312\Lib\site-packages\sklearn\utils\validation.py:2749: UserWarning: X does not have valid feature names, but LinearRegression was fitted with feature names
  warnings.warn(
C:\Users\acer\AppData\Local\Programs\Python\Python312\Lib\site-packages\sklearn\utils\validation.py:2749: UserWarning: X does not have valid feature names, but LinearRegression was fitted with feature names
  warnings.warn(
[06/Apr/2026 19:10:50] "GET /status/marketplaces/ HTTP/1.1" 200 565
C:\Users\acer\AppData\Local\Programs\Python\Python312\Lib\site-packages\sklearn\base.py:442: InconsistentVersionWarning: Trying to unpickle estimator LinearRegression from version 1.8.0 when using version 1.7.2. This might lead to breaking code or invalid results. Use at your own risk. For more info please refer to:
https://scikit-learn.org/stable/model_persistence.html#security-maintainability-limitations
  warnings.warn(
C:\Users\acer\AppData\Local\Programs\Python\Python312\Lib\site-packages\sklearn\utils\validation.py:2749: UserWarning: X does not have valid feature names, but LinearRegression was fitted with feature names
  warnings.warn(
C:\Users\acer\AppData\Local\Programs\Python\Python312\Lib\site-packages\sklearn\utils\validation.py:2749: UserWarning: X does not have valid feature names, but LinearRegression was fitted with feature names
  warnings.warn(
[06/Apr/2026 19:10:53] "GET /status/marketplaces/ HTTP/1.1" 200 565
C:\Users\acer\AppData\Local\Programs\Python\Python312\Lib\site-packages\sklearn\base.py:442: InconsistentVersionWarning: Trying to unpickle estimator LinearRegression from version 1.8.0 when using version 1.7.2. This might lead to breaking code or invalid results. Use at your own risk. For more info please refer to:
https://scikit-learn.org/stable/model_persistence.html#security-maintainability-limitations
  warnings.warn(
C:\Users\acer\AppData\Local\Programs\Python\Python312\Lib\site-packages\sklearn\utils\validation.py:2749: UserWarning: X does not have valid feature names, but LinearRegression was fitted with feature names
  warnings.warn(
C:\Users\acer\AppData\Local\Programs\Python\Python312\Lib\site-packages\sklearn\utils\validation.py:2749: UserWarning: X does not have valid feature names, but LinearRegression was fitted with feature names
  warnings.warn(
[06/Apr/2026 19:10:54] "GET /status/marketplaces/ HTTP/1.1" 200 565
C:\Users\acer\AppData\Local\Programs\Python\Python312\Lib\site-packages\sklearn\base.py:442: InconsistentVersionWarning: Trying to unpickle estimator LinearRegression from version 1.8.0 when using version 1.7.2. This might lead to breaking code or invalid results. Use at your own risk. For more info please refer to:
https://scikit-learn.org/stable/model_persistence.html#security-maintainability-limitations
  warnings.warn(
C:\Users\acer\AppData\Local\Programs\Python\Python312\Lib\site-packages\sklearn\utils\validation.py:2749: UserWarning: X does not have valid feature names, but LinearRegression was fitted with feature names
  warnings.warn(
C:\Users\acer\AppData\Local\Programs\Python\Python312\Lib\site-packages\sklearn\utils\validation.py:2749: UserWarning: X does not have valid feature names, but LinearRegression was fitted with feature names
  warnings.warn(
[06/Apr/2026 19:10:56] "GET /status/marketplaces/ HTTP/1.1" 200 565
C:\Users\acer\AppData\Local\Programs\Python\Python312\Lib\site-packages\sklearn\base.py:442: InconsistentVersionWarning: Trying to unpickle estimator LinearRegression from version 1.8.0 when using version 1.7.2. This might lead to breaking code or invalid results. Use at your own risk. For more info please refer to:
https://scikit-learn.org/stable/model_persistence.html#security-maintainability-limitations
  warnings.warn(
C:\Users\acer\AppData\Local\Programs\Python\Python312\Lib\site-packages\sklearn\utils\validation.py:2749: UserWarning: X does not have valid feature names, but LinearRegression was fitted with feature names
  warnings.warn(
C:\Users\acer\AppData\Local\Programs\Python\Python312\Lib\site-packages\sklearn\utils\validation.py:2749: UserWarning: X does not have valid feature names, but LinearRegression was fitted with feature names
  warnings.warn(
[06/Apr/2026 19:10:57] "GET /status/marketplaces/ HTTP/1.1" 200 565
C:\Users\acer\AppData\Local\Programs\Python\Python312\Lib\site-packages\sklearn\base.py:442: InconsistentVersionWarning: Trying to unpickle estimator LinearRegression from version 1.8.0 when using version 1.7.2. This might lead to breaking code or invalid results. Use at your own risk. For more info please refer to:
https://scikit-learn.org/stable/model_persistence.html#security-maintainability-limitations
  warnings.warn(
C:\Users\acer\AppData\Local\Programs\Python\Python312\Lib\site-packages\sklearn\utils\validation.py:2749: UserWarning: X does not have valid feature names, but LinearRegression was fitted with feature names
  warnings.warn(
C:\Users\acer\AppData\Local\Programs\Python\Python312\Lib\site-packages\sklearn\utils\validation.py:2749: UserWarning: X does not have valid feature names, but LinearRegression was fitted with feature names
  warnings.warn(
[06/Apr/2026 19:10:59] "GET /status/marketplaces/ HTTP/1.1" 200 565
C:\Users\acer\AppData\Local\Programs\Python\Python312\Lib\site-packages\sklearn\base.py:442: InconsistentVersionWarning: Trying to unpickle estimator LinearRegression from version 1.8.0 when using version 1.7.2. This might lead to breaking code or invalid results. Use at your own risk. For more info please refer to:
https://scikit-learn.org/stable/model_persistence.html#security-maintainability-limitations
  warnings.warn(
C:\Users\acer\AppData\Local\Programs\Python\Python312\Lib\site-packages\sklearn\utils\validation.py:2749: UserWarning: X does not have valid feature names, but LinearRegression was fitted with feature names
  warnings.warn(
C:\Users\acer\AppData\Local\Programs\Python\Python312\Lib\site-packages\sklearn\utils\validation.py:2749: UserWarning: X does not have valid feature names, but LinearRegression was fitted with feature names
  warnings.warn(
[06/Apr/2026 19:11:00] "GET /status/marketplaces/ HTTP/1.1" 200 565
C:\Users\acer\AppData\Local\Programs\Python\Python312\Lib\site-packages\sklearn\base.py:442: InconsistentVersionWarning: Trying to unpickle estimator LinearRegression from version 1.8.0 when using version 1.7.2. This might lead to breaking code or invalid results. Use at your own risk. For more info please refer to:
https://scikit-learn.org/stable/model_persistence.html#security-maintainability-limitations
  warnings.warn(
C:\Users\acer\AppData\Local\Programs\Python\Python312\Lib\site-packages\sklearn\utils\validation.py:2749: UserWarning: X does not have valid feature names, but LinearRegression was fitted with feature names
  warnings.warn(
C:\Users\acer\AppData\Local\Programs\Python\Python312\Lib\site-packages\sklearn\utils\validation.py:2749: UserWarning: X does not have valid feature names, but LinearRegression was fitted with feature names
  warnings.warn(
[06/Apr/2026 19:11:02] "GET /status/marketplaces/ HTTP/1.1" 200 565
C:\Users\acer\AppData\Local\Programs\Python\Python312\Lib\site-packages\sklearn\base.py:442: InconsistentVersionWarning: Trying to unpickle estimator LinearRegression from version 1.8.0 when using version 1.7.2. This might lead to breaking code or invalid results. Use at your own risk. For more info please refer to:
https://scikit-learn.org/stable/model_persistence.html#security-maintainability-limitations
  warnings.warn(
C:\Users\acer\AppData\Local\Programs\Python\Python312\Lib\site-packages\sklearn\utils\validation.py:2749: UserWarning: X does not have valid feature names, but LinearRegression was fitted with feature names
  warnings.warn(
C:\Users\acer\AppData\Local\Programs\Python\Python312\Lib\site-packages\sklearn\utils\validation.py:2749: UserWarning: X does not have valid feature names, but LinearRegression was fitted with feature names
  warnings.warn(
[06/Apr/2026 19:11:03] "GET /status/marketplaces/ HTTP/1.1" 200 565
C:\Users\acer\AppData\Local\Programs\Python\Python312\Lib\site-packages\sklearn\base.py:442: InconsistentVersionWarning: Trying to unpickle estimator LinearRegression from version 1.8.0 when using version 1.7.2. This might lead to breaking code or invalid results. Use at your own risk. For more info please refer to:
https://scikit-learn.org/stable/model_persistence.html#security-maintainability-limitations
  warnings.warn(
C:\Users\acer\AppData\Local\Programs\Python\Python312\Lib\site-packages\sklearn\utils\validation.py:2749: UserWarning: X does not have valid feature names, but LinearRegression was fitted with feature names
  warnings.warn(
C:\Users\acer\AppData\Local\Programs\Python\Python312\Lib\site-packages\sklearn\utils\validation.py:2749: UserWarning: X does not have valid feature names, but LinearRegression was fitted with feature names
  warnings.warn(
[06/Apr/2026 19:11:05] "GET /status/marketplaces/ HTTP/1.1" 200 565
C:\Users\acer\AppData\Local\Programs\Python\Python312\Lib\site-packages\sklearn\base.py:442: InconsistentVersionWarning: Trying to unpickle estimator LinearRegression from version 1.8.0 when using version 1.7.2. This might lead to breaking code or invalid results. Use at your own risk. For more info please refer to:
https://scikit-learn.org/stable/model_persistence.html#security-maintainability-limitations
  warnings.warn(
C:\Users\acer\AppData\Local\Programs\Python\Python312\Lib\site-packages\sklearn\utils\validation.py:2749: UserWarning: X does not have valid feature names, but LinearRegression was fitted with feature names
  warnings.warn(
C:\Users\acer\AppData\Local\Programs\Python\Python312\Lib\site-packages\sklearn\utils\validation.py:2749: UserWarning: X does not have valid feature names, but LinearRegression was fitted with feature names
  warnings.warn(
[06/Apr/2026 19:11:06] "GET /status/marketplaces/ HTTP/1.1" 200 565
C:\Users\acer\AppData\Local\Programs\Python\Python312\Lib\site-packages\sklearn\base.py:442: InconsistentVersionWarning: Trying to unpickle estimator LinearRegression from version 1.8.0 when using version 1.7.2. This might lead to breaking code or invalid results. Use at your own risk. For more info please refer to:
https://scikit-learn.org/stable/model_persistence.html#security-maintainability-limitations
  warnings.warn(
C:\Users\acer\AppData\Local\Programs\Python\Python312\Lib\site-packages\sklearn\utils\validation.py:2749: UserWarning: X does not have valid feature names, but LinearRegression was fitted with feature names
  warnings.warn(
C:\Users\acer\AppData\Local\Programs\Python\Python312\Lib\site-packages\sklearn\utils\validation.py:2749: UserWarning: X does not have valid feature names, but LinearRegression was fitted with feature names
  warnings.warn(
[06/Apr/2026 19:11:08] "GET /status/marketplaces/ HTTP/1.1" 200 565
C:\Users\acer\AppData\Local\Programs\Python\Python312\Lib\site-packages\sklearn\base.py:442: InconsistentVersionWarning: Trying to unpickle estimator LinearRegression from version 1.8.0 when using version 1.7.2. This might lead to breaking code or invalid results. Use at your own risk. For more info please refer to:
https://scikit-learn.org/stable/model_persistence.html#security-maintainability-limitations
  warnings.warn(
C:\Users\acer\AppData\Local\Programs\Python\Python312\Lib\site-packages\sklearn\utils\validation.py:2749: UserWarning: X does not have valid feature names, but LinearRegression was fitted with feature names
  warnings.warn(
C:\Users\acer\AppData\Local\Programs\Python\Python312\Lib\site-packages\sklearn\utils\validation.py:2749: UserWarning: X does not have valid feature names, but LinearRegression was fitted with feature names
  warnings.warn(
[06/Apr/2026 19:11:09] "GET /status/marketplaces/ HTTP/1.1" 200 565
C:\Users\acer\AppData\Local\Programs\Python\Python312\Lib\site-packages\sklearn\base.py:442: InconsistentVersionWarning: Trying to unpickle estimator LinearRegression from version 1.8.0 when using version 1.7.2. This might lead to breaking code or invalid results. Use at your own risk. For more info please refer to:
https://scikit-learn.org/stable/model_persistence.html#security-maintainability-limitations
  warnings.warn(
C:\Users\acer\AppData\Local\Programs\Python\Python312\Lib\site-packages\sklearn\utils\validation.py:2749: UserWarning: X does not have valid feature names, but LinearRegression was fitted with feature names
  warnings.warn(
C:\Users\acer\AppData\Local\Programs\Python\Python312\Lib\site-packages\sklearn\utils\validation.py:2749: UserWarning: X does not have valid feature names, but LinearRegression was fitted with feature names
  warnings.warn(
[06/Apr/2026 19:11:11] "GET /status/marketplaces/ HTTP/1.1" 200 565
C:\Users\acer\AppData\Local\Programs\Python\Python312\Lib\site-packages\sklearn\base.py:442: InconsistentVersionWarning: Trying to unpickle estimator LinearRegression from version 1.8.0 when using version 1.7.2. This might lead to breaking code or invalid results. Use at your own risk. For more info please refer to:
https://scikit-learn.org/stable/model_persistence.html#security-maintainability-limitations
  warnings.warn(
C:\Users\acer\AppData\Local\Programs\Python\Python312\Lib\site-packages\sklearn\utils\validation.py:2749: UserWarning: X does not have valid feature names, but LinearRegression was fitted with feature names
  warnings.warn(
C:\Users\acer\AppData\Local\Programs\Python\Python312\Lib\site-packages\sklearn\utils\validation.py:2749: UserWarning: X does not have valid feature names, but LinearRegression was fitted with feature names
  warnings.warn(
[06/Apr/2026 19:11:12] "GET /status/marketplaces/ HTTP/1.1" 200 565
C:\Users\acer\AppData\Local\Programs\Python\Python312\Lib\site-packages\sklearn\base.py:442: InconsistentVersionWarning: Trying to unpickle estimator LinearRegression from version 1.8.0 when using version 1.7.2. This might lead to breaking code or invalid results. Use at your own risk. For more info please refer to:
https://scikit-learn.org/stable/model_persistence.html#security-maintainability-limitations
  warnings.warn(
C:\Users\acer\AppData\Local\Programs\Python\Python312\Lib\site-packages\sklearn\utils\validation.py:2749: UserWarning: X does not have valid feature names, but LinearRegression was fitted with feature names
  warnings.warn(
C:\Users\acer\AppData\Local\Programs\Python\Python312\Lib\site-packages\sklearn\utils\validation.py:2749: UserWarning: X does not have valid feature names, but LinearRegression was fitted with feature names
  warnings.warn(
[06/Apr/2026 19:11:14] "GET /status/marketplaces/ HTTP/1.1" 200 565
C:\Users\acer\AppData\Local\Programs\Python\Python312\Lib\site-packages\sklearn\base.py:442: InconsistentVersionWarning: Trying to unpickle estimator LinearRegression from version 1.8.0 when using version 1.7.2. This might lead to breaking code or invalid results. Use at your own risk. For more info please refer to:
https://scikit-learn.org/stable/model_persistence.html#security-maintainability-limitations
  warnings.warn(
C:\Users\acer\AppData\Local\Programs\Python\Python312\Lib\site-packages\sklearn\utils\validation.py:2749: UserWarning: X does not have valid feature names, but LinearRegression was fitted with feature names
  warnings.warn(
C:\Users\acer\AppData\Local\Programs\Python\Python312\Lib\site-packages\sklearn\utils\validation.py:2749: UserWarning: X does not have valid feature names, but LinearRegression was fitted with feature names
  warnings.warn(
[06/Apr/2026 19:11:15] "GET /status/marketplaces/ HTTP/1.1" 200 565
C:\Users\acer\AppData\Local\Programs\Python\Python312\Lib\site-packages\sklearn\base.py:442: InconsistentVersionWarning: Trying to unpickle estimator LinearRegression from version 1.8.0 when using version 1.7.2. This might lead to breaking code or invalid results. Use at your own risk. For more info please refer to:
https://scikit-learn.org/stable/model_persistence.html#security-maintainability-limitations
  warnings.warn(
C:\Users\acer\AppData\Local\Programs\Python\Python312\Lib\site-packages\sklearn\utils\validation.py:2749: UserWarning: X does not have valid feature names, but LinearRegression was fitted with feature names
  warnings.warn(
C:\Users\acer\AppData\Local\Programs\Python\Python312\Lib\site-packages\sklearn\utils\validation.py:2749: UserWarning: X does not have valid feature names, but LinearRegression was fitted with feature names
  warnings.warn(
[06/Apr/2026 19:11:17] "GET /status/marketplaces/ HTTP/1.1" 200 565
C:\Users\acer\AppData\Local\Programs\Python\Python312\Lib\site-packages\sklearn\base.py:442: InconsistentVersionWarning: Trying to unpickle estimator LinearRegression from version 1.8.0 when using version 1.7.2. This might lead to breaking code or invalid results. Use at your own risk. For more info please refer to:
https://scikit-learn.org/stable/model_persistence.html#security-maintainability-limitations
  warnings.warn(
C:\Users\acer\AppData\Local\Programs\Python\Python312\Lib\site-packages\sklearn\utils\validation.py:2749: UserWarning: X does not have valid feature names, but LinearRegression was fitted with feature names
  warnings.warn(
C:\Users\acer\AppData\Local\Programs\Python\Python312\Lib\site-packages\sklearn\utils\validation.py:2749: UserWarning: X does not have valid feature names, but LinearRegression was fitted with feature names
  warnings.warn(
[06/Apr/2026 19:11:18] "GET /status/marketplaces/ HTTP/1.1" 200 565
C:\Users\acer\AppData\Local\Programs\Python\Python312\Lib\site-packages\sklearn\base.py:442: InconsistentVersionWarning: Trying to unpickle estimator LinearRegression from version 1.8.0 when using version 1.7.2. This might lead to breaking code or invalid results. Use at your own risk. For more info please refer to:
https://scikit-learn.org/stable/model_persistence.html#security-maintainability-limitations
  warnings.warn(
C:\Users\acer\AppData\Local\Programs\Python\Python312\Lib\site-packages\sklearn\utils\validation.py:2749: UserWarning: X does not have valid feature names, but LinearRegression was fitted with feature names
  warnings.warn(
C:\Users\acer\AppData\Local\Programs\Python\Python312\Lib\site-packages\sklearn\utils\validation.py:2749: UserWarning: X does not have valid feature names, but LinearRegression was fitted with feature names
  warnings.warn(
[06/Apr/2026 19:11:20] "GET /status/marketplaces/ HTTP/1.1" 200 565
C:\Users\acer\AppData\Local\Programs\Python\Python312\Lib\site-packages\sklearn\base.py:442: InconsistentVersionWarning: Trying to unpickle estimator LinearRegression from version 1.8.0 when using version 1.7.2. This might lead to breaking code or invalid results. Use at your own risk. For more info please refer to:
https://scikit-learn.org/stable/model_persistence.html#security-maintainability-limitations
  warnings.warn(
C:\Users\acer\AppData\Local\Programs\Python\Python312\Lib\site-packages\sklearn\utils\validation.py:2749: UserWarning: X does not have valid feature names, but LinearRegression was fitted with feature names
  warnings.warn(
C:\Users\acer\AppData\Local\Programs\Python\Python312\Lib\site-packages\sklearn\utils\validation.py:2749: UserWarning: X does not have valid feature names, but LinearRegression was fitted with feature names
  warnings.warn(
[06/Apr/2026 19:11:21] "GET /status/marketplaces/ HTTP/1.1" 200 565
C:\Users\acer\AppData\Local\Programs\Python\Python312\Lib\site-packages\sklearn\base.py:442: InconsistentVersionWarning: Trying to unpickle estimator LinearRegression from version 1.8.0 when using version 1.7.2. This might lead to breaking code or invalid results. Use at your own risk. For more info please refer to:
https://scikit-learn.org/stable/model_persistence.html#security-maintainability-limitations
  warnings.warn(
C:\Users\acer\AppData\Local\Programs\Python\Python312\Lib\site-packages\sklearn\utils\validation.py:2749: UserWarning: X does not have valid feature names, but LinearRegression was fitted with feature names
  warnings.warn(
C:\Users\acer\AppData\Local\Programs\Python\Python312\Lib\site-packages\sklearn\utils\validation.py:2749: UserWarning: X does not have valid feature names, but LinearRegression was fitted with feature names
  warnings.warn(
[06/Apr/2026 19:11:23] "GET /status/marketplaces/ HTTP/1.1" 200 565
C:\Users\acer\AppData\Local\Programs\Python\Python312\Lib\site-packages\sklearn\base.py:442: InconsistentVersionWarning: Trying to unpickle estimator LinearRegression from version 1.8.0 when using version 1.7.2. This might lead to breaking code or invalid results. Use at your own risk. For more info please refer to:
https://scikit-learn.org/stable/model_persistence.html#security-maintainability-limitations
  warnings.warn(
C:\Users\acer\AppData\Local\Programs\Python\Python312\Lib\site-packages\sklearn\utils\validation.py:2749: UserWarning: X does not have valid feature names, but LinearRegression was fitted with feature names
  warnings.warn(
C:\Users\acer\AppData\Local\Programs\Python\Python312\Lib\site-packages\sklearn\utils\validation.py:2749: UserWarning: X does not have valid feature names, but LinearRegression was fitted with feature names
  warnings.warn(
[06/Apr/2026 19:11:24] "GET /status/marketplaces/ HTTP/1.1" 200 565
C:\Users\acer\AppData\Local\Programs\Python\Python312\Lib\site-packages\sklearn\base.py:442: InconsistentVersionWarning: Trying to unpickle estimator LinearRegression from version 1.8.0 when using version 1.7.2. This might lead to breaking code or invalid results. Use at your own risk. For more info please refer to:
https://scikit-learn.org/stable/model_persistence.html#security-maintainability-limitations
  warnings.warn(
C:\Users\acer\AppData\Local\Programs\Python\Python312\Lib\site-packages\sklearn\utils\validation.py:2749: UserWarning: X does not have valid feature names, but LinearRegression was fitted with feature names
  warnings.warn(
C:\Users\acer\AppData\Local\Programs\Python\Python312\Lib\site-packages\sklearn\utils\validation.py:2749: UserWarning: X does not have valid feature names, but LinearRegression was fitted with feature names
  warnings.warn(
[06/Apr/2026 19:11:26] "GET /status/marketplaces/ HTTP/1.1" 200 565
C:\Users\acer\AppData\Local\Programs\Python\Python312\Lib\site-packages\sklearn\base.py:442: InconsistentVersionWarning: Trying to unpickle estimator LinearRegression from version 1.8.0 when using version 1.7.2. This might lead to breaking code or invalid results. Use at your own risk. For more info please refer to:
https://scikit-learn.org/stable/model_persistence.html#security-maintainability-limitations
  warnings.warn(
C:\Users\acer\AppData\Local\Programs\Python\Python312\Lib\site-packages\sklearn\utils\validation.py:2749: UserWarning: X does not have valid feature names, but LinearRegression was fitted with feature names
  warnings.warn(
C:\Users\acer\AppData\Local\Programs\Python\Python312\Lib\site-packages\sklearn\utils\validation.py:2749: UserWarning: X does not have valid feature names, but LinearRegression was fitted with feature names
  warnings.warn(
[06/Apr/2026 19:11:27] "GET /status/marketplaces/ HTTP/1.1" 200 565
C:\Users\acer\AppData\Local\Programs\Python\Python312\Lib\site-packages\sklearn\base.py:442: InconsistentVersionWarning: Trying to unpickle estimator LinearRegression from version 1.8.0 when using version 1.7.2. This might lead to breaking code or invalid results. Use at your own risk. For more info please refer to:
https://scikit-learn.org/stable/model_persistence.html#security-maintainability-limitations
  warnings.warn(
C:\Users\acer\AppData\Local\Programs\Python\Python312\Lib\site-packages\sklearn\utils\validation.py:2749: UserWarning: X does not have valid feature names, but LinearRegression was fitted with feature names
  warnings.warn(
C:\Users\acer\AppData\Local\Programs\Python\Python312\Lib\site-packages\sklearn\utils\validation.py:2749: UserWarning: X does not have valid feature names, but LinearRegression was fitted with feature names
  warnings.warn(
[06/Apr/2026 19:11:29] "GET /status/marketplaces/ HTTP/1.1" 200 565
C:\Users\acer\AppData\Local\Programs\Python\Python312\Lib\site-packages\sklearn\base.py:442: InconsistentVersionWarning: Trying to unpickle estimator LinearRegression from version 1.8.0 when using version 1.7.2. This might lead to breaking code or invalid results. Use at your own risk. For more info please refer to:
https://scikit-learn.org/stable/model_persistence.html#security-maintainability-limitations
  warnings.warn(
C:\Users\acer\AppData\Local\Programs\Python\Python312\Lib\site-packages\sklearn\utils\validation.py:2749: UserWarning: X does not have valid feature names, but LinearRegression was fitted with feature names
  warnings.warn(
C:\Users\acer\AppData\Local\Programs\Python\Python312\Lib\site-packages\sklearn\utils\validation.py:2749: UserWarning: X does not have valid feature names, but LinearRegression was fitted with feature names
  warnings.warn(
[06/Apr/2026 19:11:30] "GET /status/marketplaces/ HTTP/1.1" 200 565
C:\Users\acer\AppData\Local\Programs\Python\Python312\Lib\site-packages\sklearn\base.py:442: InconsistentVersionWarning: Trying to unpickle estimator LinearRegression from version 1.8.0 when using version 1.7.2. This might lead to breaking code or invalid results. Use at your own risk. For more info please refer to:
https://scikit-learn.org/stable/model_persistence.html#security-maintainability-limitations
  warnings.warn(
C:\Users\acer\AppData\Local\Programs\Python\Python312\Lib\site-packages\sklearn\utils\validation.py:2749: UserWarning: X does not have valid feature names, but LinearRegression was fitted with feature names
  warnings.warn(
C:\Users\acer\AppData\Local\Programs\Python\Python312\Lib\site-packages\sklearn\utils\validation.py:2749: UserWarning: X does not have valid feature names, but LinearRegression was fitted with feature names
  warnings.warn(
[06/Apr/2026 19:11:32] "GET /status/marketplaces/ HTTP/1.1" 200 565
C:\Users\acer\AppData\Local\Programs\Python\Python312\Lib\site-packages\sklearn\base.py:442: InconsistentVersionWarning: Trying to unpickle estimator LinearRegression from version 1.8.0 when using version 1.7.2. This might lead to breaking code or invalid results. Use at your own risk. For more info please refer to:
https://scikit-learn.org/stable/model_persistence.html#security-maintainability-limitations
  warnings.warn(
C:\Users\acer\AppData\Local\Programs\Python\Python312\Lib\site-packages\sklearn\utils\validation.py:2749: UserWarning: X does not have valid feature names, but LinearRegression was fitted with feature names
  warnings.warn(
C:\Users\acer\AppData\Local\Programs\Python\Python312\Lib\site-packages\sklearn\utils\validation.py:2749: UserWarning: X does not have valid feature names, but LinearRegression was fitted with feature names
  warnings.warn(
[06/Apr/2026 19:11:33] "GET /status/marketplaces/ HTTP/1.1" 200 565
C:\Users\acer\AppData\Local\Programs\Python\Python312\Lib\site-packages\sklearn\base.py:442: InconsistentVersionWarning: Trying to unpickle estimator LinearRegression from version 1.8.0 when using version 1.7.2. This might lead to breaking code or invalid results. Use at your own risk. For more info please refer to:
https://scikit-learn.org/stable/model_persistence.html#security-maintainability-limitations
  warnings.warn(
C:\Users\acer\AppData\Local\Programs\Python\Python312\Lib\site-packages\sklearn\utils\validation.py:2749: UserWarning: X does not have valid feature names, but LinearRegression was fitted with feature names
  warnings.warn(
C:\Users\acer\AppData\Local\Programs\Python\Python312\Lib\site-packages\sklearn\utils\validation.py:2749: UserWarning: X does not have valid feature names, but LinearRegression was fitted with feature names
  warnings.warn(
[06/Apr/2026 19:11:35] "GET /status/marketplaces/ HTTP/1.1" 200 565
C:\Users\acer\AppData\Local\Programs\Python\Python312\Lib\site-packages\sklearn\base.py:442: InconsistentVersionWarning: Trying to unpickle estimator LinearRegression from version 1.8.0 when using version 1.7.2. This might lead to breaking code or invalid results. Use at your own risk. For more info please refer to:
https://scikit-learn.org/stable/model_persistence.html#security-maintainability-limitations
  warnings.warn(
C:\Users\acer\AppData\Local\Programs\Python\Python312\Lib\site-packages\sklearn\utils\validation.py:2749: UserWarning: X does not have valid feature names, but LinearRegression was fitted with feature names
  warnings.warn(
C:\Users\acer\AppData\Local\Programs\Python\Python312\Lib\site-packages\sklearn\utils\validation.py:2749: UserWarning: X does not have valid feature names, but LinearRegression was fitted with feature names
  warnings.warn(
[06/Apr/2026 19:11:36] "GET /status/marketplaces/ HTTP/1.1" 200 565
C:\Users\acer\AppData\Local\Programs\Python\Python312\Lib\site-packages\sklearn\base.py:442: InconsistentVersionWarning: Trying to unpickle estimator LinearRegression from version 1.8.0 when using version 1.7.2. This might lead to breaking code or invalid results. Use at your own risk. For more info please refer to:
https://scikit-learn.org/stable/model_persistence.html#security-maintainability-limitations
  warnings.warn(
C:\Users\acer\AppData\Local\Programs\Python\Python312\Lib\site-packages\sklearn\utils\validation.py:2749: UserWarning: X does not have valid feature names, but LinearRegression was fitted with feature names
  warnings.warn(
C:\Users\acer\AppData\Local\Programs\Python\Python312\Lib\site-packages\sklearn\utils\validation.py:2749: UserWarning: X does not have valid feature names, but LinearRegression was fitted with feature names
  warnings.warn(
[06/Apr/2026 19:11:38] "GET /status/marketplaces/ HTTP/1.1" 200 565
C:\Users\acer\AppData\Local\Programs\Python\Python312\Lib\site-packages\sklearn\base.py:442: InconsistentVersionWarning: Trying to unpickle estimator LinearRegression from version 1.8.0 when using version 1.7.2. This might lead to breaking code or invalid results. Use at your own risk. For more info please refer to:
https://scikit-learn.org/stable/model_persistence.html#security-maintainability-limitations
  warnings.warn(
C:\Users\acer\AppData\Local\Programs\Python\Python312\Lib\site-packages\sklearn\utils\validation.py:2749: UserWarning: X does not have valid feature names, but LinearRegression was fitted with feature names
  warnings.warn(
C:\Users\acer\AppData\Local\Programs\Python\Python312\Lib\site-packages\sklearn\utils\validation.py:2749: UserWarning: X does not have valid feature names, but LinearRegression was fitted with feature names
  warnings.warn(
[06/Apr/2026 19:11:39] "GET /status/marketplaces/ HTTP/1.1" 200 565
C:\Users\acer\AppData\Local\Programs\Python\Python312\Lib\site-packages\sklearn\base.py:442: InconsistentVersionWarning: Trying to unpickle estimator LinearRegression from version 1.8.0 when using version 1.7.2. This might lead to breaking code or invalid results. Use at your own risk. For more info please refer to:
https://scikit-learn.org/stable/model_persistence.html#security-maintainability-limitations
  warnings.warn(
C:\Users\acer\AppData\Local\Programs\Python\Python312\Lib\site-packages\sklearn\utils\validation.py:2749: UserWarning: X does not have valid feature names, but LinearRegression was fitted with feature names
  warnings.warn(
C:\Users\acer\AppData\Local\Programs\Python\Python312\Lib\site-packages\sklearn\utils\validation.py:2749: UserWarning: X does not have valid feature names, but LinearRegression was fitted with feature names
  warnings.warn(
[06/Apr/2026 19:11:41] "GET /status/marketplaces/ HTTP/1.1" 200 565
C:\Users\acer\AppData\Local\Programs\Python\Python312\Lib\site-packages\sklearn\base.py:442: InconsistentVersionWarning: Trying to unpickle estimator LinearRegression from version 1.8.0 when using version 1.7.2. This might lead to breaking code or invalid results. Use at your own risk. For more info please refer to:
https://scikit-learn.org/stable/model_persistence.html#security-maintainability-limitations
  warnings.warn(
C:\Users\acer\AppData\Local\Programs\Python\Python312\Lib\site-packages\sklearn\utils\validation.py:2749: UserWarning: X does not have valid feature names, but LinearRegression was fitted with feature names
  warnings.warn(
C:\Users\acer\AppData\Local\Programs\Python\Python312\Lib\site-packages\sklearn\utils\validation.py:2749: UserWarning: X does not have valid feature names, but LinearRegression was fitted with feature names
  warnings.warn(
[06/Apr/2026 19:11:42] "GET /status/marketplaces/ HTTP/1.1" 200 565
C:\Users\acer\AppData\Local\Programs\Python\Python312\Lib\site-packages\sklearn\base.py:442: InconsistentVersionWarning: Trying to unpickle estimator LinearRegression from version 1.8.0 when using version 1.7.2. This might lead to breaking code or invalid results. Use at your own risk. For more info please refer to:
https://scikit-learn.org/stable/model_persistence.html#security-maintainability-limitations
  warnings.warn(
C:\Users\acer\AppData\Local\Programs\Python\Python312\Lib\site-packages\sklearn\utils\validation.py:2749: UserWarning: X does not have valid feature names, but LinearRegression was fitted with feature names
  warnings.warn(
C:\Users\acer\AppData\Local\Programs\Python\Python312\Lib\site-packages\sklearn\utils\validation.py:2749: UserWarning: X does not have valid feature names, but LinearRegression was fitted with feature names
  warnings.warn(
[06/Apr/2026 19:11:45] "GET /status/marketplaces/ HTTP/1.1" 200 565
C:\Users\acer\AppData\Local\Programs\Python\Python312\Lib\site-packages\sklearn\base.py:442: InconsistentVersionWarning: Trying to unpickle estimator LinearRegression from version 1.8.0 when using version 1.7.2. This might lead to breaking code or invalid results. Use at your own risk. For more info please refer to:
https://scikit-learn.org/stable/model_persistence.html#security-maintainability-limitations
  warnings.warn(
C:\Users\acer\AppData\Local\Programs\Python\Python312\Lib\site-packages\sklearn\utils\validation.py:2749: UserWarning: X does not have valid feature names, but LinearRegression was fitted with feature names
  warnings.warn(
C:\Users\acer\AppData\Local\Programs\Python\Python312\Lib\site-packages\sklearn\utils\validation.py:2749: UserWarning: X does not have valid feature names, but LinearRegression was fitted with feature names
  warnings.warn(
[06/Apr/2026 19:11:48] "GET /status/marketplaces/ HTTP/1.1" 200 565
C:\Users\acer\AppData\Local\Programs\Python\Python312\Lib\site-packages\sklearn\base.py:442: InconsistentVersionWarning: Trying to unpickle estimator LinearRegression from version 1.8.0 when using version 1.7.2. This might lead to breaking code or invalid results. Use at your own risk. For more info please refer to:
https://scikit-learn.org/stable/model_persistence.html#security-maintainability-limitations
  warnings.warn(
C:\Users\acer\AppData\Local\Programs\Python\Python312\Lib\site-packages\sklearn\utils\validation.py:2749: UserWarning: X does not have valid feature names, but LinearRegression was fitted with feature names
  warnings.warn(
C:\Users\acer\AppData\Local\Programs\Python\Python312\Lib\site-packages\sklearn\utils\validation.py:2749: UserWarning: X does not have valid feature names, but LinearRegression was fitted with feature names
  warnings.warn(
[06/Apr/2026 19:11:52] "GET /status/marketplaces/ HTTP/1.1" 200 565
C:\Users\acer\AppData\Local\Programs\Python\Python312\Lib\site-packages\sklearn\base.py:442: InconsistentVersionWarning: Trying to unpickle estimator LinearRegression from version 1.8.0 when using version 1.7.2. This might lead to breaking code or invalid results. Use at your own risk. For more info please refer to:
https://scikit-learn.org/stable/model_persistence.html#security-maintainability-limitations
  warnings.warn(
C:\Users\acer\AppData\Local\Programs\Python\Python312\Lib\site-packages\sklearn\utils\validation.py:2749: UserWarning: X does not have valid feature names, but LinearRegression was fitted with feature names
  warnings.warn(
C:\Users\acer\AppData\Local\Programs\Python\Python312\Lib\site-packages\sklearn\utils\validation.py:2749: UserWarning: X does not have valid feature names, but LinearRegression was fitted with feature names
  warnings.warn(
[06/Apr/2026 19:12:07] "GET /status/marketplaces/ HTTP/1.1" 200 565
C:\Users\acer\AppData\Local\Programs\Python\Python312\Lib\site-packages\sklearn\base.py:442: InconsistentVersionWarning: Trying to unpickle estimator LinearRegression from version 1.8.0 when using version 1.7.2. This might lead to breaking code or invalid results. Use at your own risk. For more info please refer to:
https://scikit-learn.org/stable/model_persistence.html#security-maintainability-limitations
  warnings.warn(
C:\Users\acer\AppData\Local\Programs\Python\Python312\Lib\site-packages\sklearn\utils\validation.py:2749: UserWarning: X does not have valid feature names, but LinearRegression was fitted with feature names
  warnings.warn(
C:\Users\acer\AppData\Local\Programs\Python\Python312\Lib\site-packages\sklearn\utils\validation.py:2749: UserWarning: X does not have valid feature names, but LinearRegression was fitted with feature names
  warnings.warn(
[06/Apr/2026 19:12:07] "GET /status/marketplaces/ HTTP/1.1" 200 565
C:\Users\acer\AppData\Local\Programs\Python\Python312\Lib\site-packages\sklearn\base.py:442: InconsistentVersionWarning: Trying to unpickle estimator LinearRegression from version 1.8.0 when using version 1.7.2. This might lead to breaking code or invalid results. Use at your own risk. For more info please refer to:
https://scikit-learn.org/stable/model_persistence.html#security-maintainability-limitations
  warnings.warn(
C:\Users\acer\AppData\Local\Programs\Python\Python312\Lib\site-packages\sklearn\utils\validation.py:2749: UserWarning: X does not have valid feature names, but LinearRegression was fitted with feature names
  warnings.warn(
C:\Users\acer\AppData\Local\Programs\Python\Python312\Lib\site-packages\sklearn\utils\validation.py:2749: UserWarning: X does not have valid feature names, but LinearRegression was fitted with feature names
  warnings.warn(
[06/Apr/2026 19:12:08] "GET /status/marketplaces/ HTTP/1.1" 200 565
C:\Users\acer\AppData\Local\Programs\Python\Python312\Lib\site-packages\sklearn\base.py:442: InconsistentVersionWarning: Trying to unpickle estimator LinearRegression from version 1.8.0 when using version 1.7.2. This might lead to breaking code or invalid results. Use at your own risk. For more info please refer to:
https://scikit-learn.org/stable/model_persistence.html#security-maintainability-limitations
  warnings.warn(
C:\Users\acer\AppData\Local\Programs\Python\Python312\Lib\site-packages\sklearn\utils\validation.py:2749: UserWarning: X does not have valid feature names, but LinearRegression was fitted with feature names
  warnings.warn(
C:\Users\acer\AppData\Local\Programs\Python\Python312\Lib\site-packages\sklearn\utils\validation.py:2749: UserWarning: X does not have valid feature names, but LinearRegression was fitted with feature names
  warnings.warn(
[06/Apr/2026 19:12:09] "GET /status/marketplaces/ HTTP/1.1" 200 565
C:\Users\acer\AppData\Local\Programs\Python\Python312\Lib\site-packages\sklearn\base.py:442: InconsistentVersionWarning: Trying to unpickle estimator LinearRegression from version 1.8.0 when using version 1.7.2. This might lead to breaking code or invalid results. Use at your own risk. For more info please refer to:
https://scikit-learn.org/stable/model_persistence.html#security-maintainability-limitations
  warnings.warn(
C:\Users\acer\AppData\Local\Programs\Python\Python312\Lib\site-packages\sklearn\utils\validation.py:2749: UserWarning: X does not have valid feature names, but LinearRegression was fitted with feature names
  warnings.warn(
C:\Users\acer\AppData\Local\Programs\Python\Python312\Lib\site-packages\sklearn\utils\validation.py:2749: UserWarning: X does not have valid feature names, but LinearRegression was fitted with feature names
  warnings.warn(
[06/Apr/2026 19:12:22] "GET /status/marketplaces/ HTTP/1.1" 200 565
C:\Users\acer\AppData\Local\Programs\Python\Python312\Lib\site-packages\sklearn\base.py:442: InconsistentVersionWarning: Trying to unpickle estimator LinearRegression from version 1.8.0 when using version 1.7.2. This might lead to breaking code or invalid results. Use at your own risk. For more info please refer to:
https://scikit-learn.org/stable/model_persistence.html#security-maintainability-limitations
  warnings.warn(
C:\Users\acer\AppData\Local\Programs\Python\Python312\Lib\site-packages\sklearn\utils\validation.py:2749: UserWarning: X does not have valid feature names, but LinearRegression was fitted with feature names
  warnings.warn(
C:\Users\acer\AppData\Local\Programs\Python\Python312\Lib\site-packages\sklearn\utils\validation.py:2749: UserWarning: X does not have valid feature names, but LinearRegression was fitted with feature names
  warnings.warn(
[06/Apr/2026 19:12:22] "GET /status/marketplaces/ HTTP/1.1" 200 565
C:\Users\acer\AppData\Local\Programs\Python\Python312\Lib\site-packages\sklearn\base.py:442: InconsistentVersionWarning: Trying to unpickle estimator LinearRegression from version 1.8.0 when using version 1.7.2. This might lead to breaking code or invalid results. Use at your own risk. For more info please refer to:
https://scikit-learn.org/stable/model_persistence.html#security-maintainability-limitations
  warnings.warn(
C:\Users\acer\AppData\Local\Programs\Python\Python312\Lib\site-packages\sklearn\utils\validation.py:2749: UserWarning: X does not have valid feature names, but LinearRegression was fitted with feature names
  warnings.warn(
C:\Users\acer\AppData\Local\Programs\Python\Python312\Lib\site-packages\sklearn\utils\validation.py:2749: UserWarning: X does not have valid feature names, but LinearRegression was fitted with feature names
  warnings.warn(
[06/Apr/2026 19:13:22] "GET /status/marketplaces/ HTTP/1.1" 200 565
C:\Users\acer\AppData\Local\Programs\Python\Python312\Lib\site-packages\sklearn\base.py:442: InconsistentVersionWarning: Trying to unpickle estimator LinearRegression from version 1.8.0 when using version 1.7.2. This might lead to breaking code or invalid results. Use at your own risk. For more info please refer to:
https://scikit-learn.org/stable/model_persistence.html#security-maintainability-limitations
  warnings.warn(
C:\Users\acer\AppData\Local\Programs\Python\Python312\Lib\site-packages\sklearn\utils\validation.py:2749: UserWarning: X does not have valid feature names, but LinearRegression was fitted with feature names
  warnings.warn(
C:\Users\acer\AppData\Local\Programs\Python\Python312\Lib\site-packages\sklearn\utils\validation.py:2749: UserWarning: X does not have valid feature names, but LinearRegression was fitted with feature names
  warnings.warn(
[06/Apr/2026 19:13:22] "GET /status/marketplaces/ HTTP/1.1" 200 565
[06/Apr/2026 19:13:26] "GET /health/ HTTP/1.1" 200 56
[06/Apr/2026 19:13:26] "GET /health/ HTTP/1.1" 200 56
[06/Apr/2026 19:13:26] "GET /dataset/ HTTP/1.1" 200 493
C:\Users\acer\AppData\Local\Programs\Python\Python312\Lib\site-packages\sklearn\base.py:442: InconsistentVersionWarning: Trying to unpickle estimator LinearRegression from version 1.8.0 when using version 1.7.2. This might lead to breaking code or invalid results. Use at your own risk. For more info please refer to:
https://scikit-learn.org/stable/model_persistence.html#security-maintainability-limitations
  warnings.warn(
[06/Apr/2026 19:13:26] "GET /dataset/ HTTP/1.1" 200 493
C:\Users\acer\AppData\Local\Programs\Python\Python312\Lib\site-packages\sklearn\utils\validation.py:2749: UserWarning: X does not have valid feature names, but LinearRegression was fitted with feature names
  warnings.warn(
C:\Users\acer\AppData\Local\Programs\Python\Python312\Lib\site-packages\sklearn\utils\validation.py:2749: UserWarning: X does not have valid feature names, but LinearRegression was fitted with feature names
  warnings.warn(
[06/Apr/2026 19:13:26] "GET /status/marketplaces/ HTTP/1.1" 200 565
C:\Users\acer\AppData\Local\Programs\Python\Python312\Lib\site-packages\sklearn\base.py:442: InconsistentVersionWarning: Trying to unpickle estimator LinearRegression from version 1.8.0 when using version 1.7.2. This might lead to breaking code or invalid results. Use at your own risk. For more info please refer to:
https://scikit-learn.org/stable/model_persistence.html#security-maintainability-limitations
  warnings.warn(
C:\Users\acer\AppData\Local\Programs\Python\Python312\Lib\site-packages\sklearn\utils\validation.py:2749: UserWarning: X does not have valid feature names, but LinearRegression was fitted with feature names
  warnings.warn(
C:\Users\acer\AppData\Local\Programs\Python\Python312\Lib\site-packages\sklearn\utils\validation.py:2749: UserWarning: X does not have valid feature names, but LinearRegression was fitted with feature names
  warnings.warn(
[06/Apr/2026 19:13:26] "GET /status/marketplaces/ HTTP/1.1" 200 565
C:\Users\acer\AppData\Local\Programs\Python\Python312\Lib\site-packages\sklearn\base.py:442: InconsistentVersionWarning: Trying to unpickle estimator LinearRegression from version 1.8.0 when using version 1.7.2. This might lead to breaking code or invalid results. Use at your own risk. For more info please refer to:
https://scikit-learn.org/stable/model_persistence.html#security-maintainability-limitations
  warnings.warn(
C:\Users\acer\AppData\Local\Programs\Python\Python312\Lib\site-packages\sklearn\utils\validation.py:2749: UserWarning: X does not have valid feature names, but LinearRegression was fitted with feature names
  warnings.warn(
C:\Users\acer\AppData\Local\Programs\Python\Python312\Lib\site-packages\sklearn\utils\validation.py:2749: UserWarning: X does not have valid feature names, but LinearRegression was fitted with feature names
  warnings.warn(
[06/Apr/2026 19:13:30] "GET /status/marketplaces/ HTTP/1.1" 200 565
C:\Users\acer\AppData\Local\Programs\Python\Python312\Lib\site-packages\sklearn\base.py:442: InconsistentVersionWarning: Trying to unpickle estimator LinearRegression from version 1.8.0 when using version 1.7.2. This might lead to breaking code or invalid results. Use at your own risk. For more info please refer to:
https://scikit-learn.org/stable/model_persistence.html#security-maintainability-limitations
  warnings.warn(
C:\Users\acer\AppData\Local\Programs\Python\Python312\Lib\site-packages\sklearn\utils\validation.py:2749: UserWarning: X does not have valid feature names, but LinearRegression was fitted with feature names
  warnings.warn(
C:\Users\acer\AppData\Local\Programs\Python\Python312\Lib\site-packages\sklearn\utils\validation.py:2749: UserWarning: X does not have valid feature names, but LinearRegression was fitted with feature names
  warnings.warn(
[06/Apr/2026 19:13:30] "GET /status/marketplaces/ HTTP/1.1" 200 565
C:\Users\acer\AppData\Local\Programs\Python\Python312\Lib\site-packages\sklearn\base.py:442: InconsistentVersionWarning: Trying to unpickle estimator LinearRegression from version 1.8.0 when using version 1.7.2. This might lead to breaking code or invalid results. Use at your own risk. For more info please refer to:
https://scikit-learn.org/stable/model_persistence.html#security-maintainability-limitations
  warnings.warn(
C:\Users\acer\AppData\Local\Programs\Python\Python312\Lib\site-packages\sklearn\utils\validation.py:2749: UserWarning: X does not have valid feature names, but LinearRegression was fitted with feature names
  warnings.warn(
C:\Users\acer\AppData\Local\Programs\Python\Python312\Lib\site-packages\sklearn\utils\validation.py:2749: UserWarning: X does not have valid feature names, but LinearRegression was fitted with feature names
  warnings.warn(
[06/Apr/2026 19:13:33] "GET /status/marketplaces/ HTTP/1.1" 200 565
C:\Users\acer\AppData\Local\Programs\Python\Python312\Lib\site-packages\sklearn\base.py:442: InconsistentVersionWarning: Trying to unpickle estimator LinearRegression from version 1.8.0 when using version 1.7.2. This might lead to breaking code or invalid results. Use at your own risk. For more info please refer to:
https://scikit-learn.org/stable/model_persistence.html#security-maintainability-limitations
  warnings.warn(
C:\Users\acer\AppData\Local\Programs\Python\Python312\Lib\site-packages\sklearn\utils\validation.py:2749: UserWarning: X does not have valid feature names, but LinearRegression was fitted with feature names
  warnings.warn(
C:\Users\acer\AppData\Local\Programs\Python\Python312\Lib\site-packages\sklearn\utils\validation.py:2749: UserWarning: X does not have valid feature names, but LinearRegression was fitted with feature names
  warnings.warn(
[06/Apr/2026 19:13:33] "GET /status/marketplaces/ HTTP/1.1" 200 565
C:\Users\acer\AppData\Local\Programs\Python\Python312\Lib\site-packages\sklearn\base.py:442: InconsistentVersionWarning: Trying to unpickle estimator LinearRegression from version 1.8.0 when using version 1.7.2. This might lead to breaking code or invalid results. Use at your own risk. For more info please refer to:
https://scikit-learn.org/stable/model_persistence.html#security-maintainability-limitations
  warnings.warn(
C:\Users\acer\AppData\Local\Programs\Python\Python312\Lib\site-packages\sklearn\utils\validation.py:2749: UserWarning: X does not have valid feature names, but LinearRegression was fitted with feature names
  warnings.warn(
C:\Users\acer\AppData\Local\Programs\Python\Python312\Lib\site-packages\sklearn\utils\validation.py:2749: UserWarning: X does not have valid feature names, but LinearRegression was fitted with feature names
  warnings.warn(
[06/Apr/2026 19:13:36] "GET /status/marketplaces/ HTTP/1.1" 200 565
C:\Users\acer\AppData\Local\Programs\Python\Python312\Lib\site-packages\sklearn\base.py:442: InconsistentVersionWarning: Trying to unpickle estimator LinearRegression from version 1.8.0 when using version 1.7.2. This might lead to breaking code or invalid results. Use at your own risk. For more info please refer to:
https://scikit-learn.org/stable/model_persistence.html#security-maintainability-limitations
  warnings.warn(
C:\Users\acer\AppData\Local\Programs\Python\Python312\Lib\site-packages\sklearn\utils\validation.py:2749: UserWarning: X does not have valid feature names, but LinearRegression was fitted with feature names
  warnings.warn(
C:\Users\acer\AppData\Local\Programs\Python\Python312\Lib\site-packages\sklearn\utils\validation.py:2749: UserWarning: X does not have valid feature names, but LinearRegression was fitted with feature names
  warnings.warn(
[06/Apr/2026 19:13:36] "GET /status/marketplaces/ HTTP/1.1" 200 565
C:\Users\acer\AppData\Local\Programs\Python\Python312\Lib\site-packages\sklearn\base.py:442: InconsistentVersionWarning: Trying to unpickle estimator LinearRegression from version 1.8.0 when using version 1.7.2. This might lead to breaking code or invalid results. Use at your own risk. For more info please refer to:
https://scikit-learn.org/stable/model_persistence.html#security-maintainability-limitations
  warnings.warn(
C:\Users\acer\AppData\Local\Programs\Python\Python312\Lib\site-packages\sklearn\utils\validation.py:2749: UserWarning: X does not have valid feature names, but LinearRegression was fitted with feature names
  warnings.warn(
C:\Users\acer\AppData\Local\Programs\Python\Python312\Lib\site-packages\sklearn\utils\validation.py:2749: UserWarning: X does not have valid feature names, but LinearRegression was fitted with feature names
  warnings.warn(
[06/Apr/2026 19:13:39] "GET /status/marketplaces/ HTTP/1.1" 200 565
C:\Users\acer\AppData\Local\Programs\Python\Python312\Lib\site-packages\sklearn\base.py:442: InconsistentVersionWarning: Trying to unpickle estimator LinearRegression from version 1.8.0 when using version 1.7.2. This might lead to breaking code or invalid results. Use at your own risk. For more info please refer to:
https://scikit-learn.org/stable/model_persistence.html#security-maintainability-limitations
  warnings.warn(
C:\Users\acer\AppData\Local\Programs\Python\Python312\Lib\site-packages\sklearn\utils\validation.py:2749: UserWarning: X does not have valid feature names, but LinearRegression was fitted with feature names
  warnings.warn(
C:\Users\acer\AppData\Local\Programs\Python\Python312\Lib\site-packages\sklearn\utils\validation.py:2749: UserWarning: X does not have valid feature names, but LinearRegression was fitted with feature names
  warnings.warn(
[06/Apr/2026 19:13:39] "GET /status/marketplaces/ HTTP/1.1" 200 565
C:\Users\acer\AppData\Local\Programs\Python\Python312\Lib\site-packages\sklearn\base.py:442: InconsistentVersionWarning: Trying to unpickle estimator LinearRegression from version 1.8.0 when using version 1.7.2. This might lead to breaking code or invalid results. Use at your own risk. For more info please refer to:
https://scikit-learn.org/stable/model_persistence.html#security-maintainability-limitations
  warnings.warn(
C:\Users\acer\AppData\Local\Programs\Python\Python312\Lib\site-packages\sklearn\utils\validation.py:2749: UserWarning: X does not have valid feature names, but LinearRegression was fitted with feature names
  warnings.warn(
C:\Users\acer\AppData\Local\Programs\Python\Python312\Lib\site-packages\sklearn\utils\validation.py:2749: UserWarning: X does not have valid feature names, but LinearRegression was fitted with feature names
  warnings.warn(
[06/Apr/2026 19:13:42] "GET /status/marketplaces/ HTTP/1.1" 200 565
C:\Users\acer\AppData\Local\Programs\Python\Python312\Lib\site-packages\sklearn\base.py:442: InconsistentVersionWarning: Trying to unpickle estimator LinearRegression from version 1.8.0 when using version 1.7.2. This might lead to breaking code or invalid results. Use at your own risk. For more info please refer to:
https://scikit-learn.org/stable/model_persistence.html#security-maintainability-limitations
  warnings.warn(
C:\Users\acer\AppData\Local\Programs\Python\Python312\Lib\site-packages\sklearn\utils\validation.py:2749: UserWarning: X does not have valid feature names, but LinearRegression was fitted with feature names
  warnings.warn(
C:\Users\acer\AppData\Local\Programs\Python\Python312\Lib\site-packages\sklearn\utils\validation.py:2749: UserWarning: X does not have valid feature names, but LinearRegression was fitted with feature names
  warnings.warn(
[06/Apr/2026 19:13:42] "GET /status/marketplaces/ HTTP/1.1" 200 565
[06/Apr/2026 19:13:51] "GET /health/ HTTP/1.1" 200 56
[06/Apr/2026 19:13:51] "GET /health/ HTTP/1.1" 200 56
C:\Users\acer\AppData\Local\Programs\Python\Python312\Lib\site-packages\sklearn\base.py:442: InconsistentVersionWarning: Trying to unpickle estimator LinearRegression from version 1.8.0 when using version 1.7.2. This might lead to breaking code or invalid results. Use at your own risk. For more info please refer to:
https://scikit-learn.org/stable/model_persistence.html#security-maintainability-limitations
  warnings.warn(
C:\Users\acer\AppData\Local\Programs\Python\Python312\Lib\site-packages\sklearn\utils\validation.py:2749: UserWarning: X does not have valid feature names, but LinearRegression was fitted with feature names
  warnings.warn(
C:\Users\acer\AppData\Local\Programs\Python\Python312\Lib\site-packages\sklearn\utils\validation.py:2749: UserWarning: X does not have valid feature names, but LinearRegression was fitted with feature names
  warnings.warn(
[06/Apr/2026 19:13:51] "GET /status/marketplaces/ HTTP/1.1" 200 565
C:\Users\acer\AppData\Local\Programs\Python\Python312\Lib\site-packages\sklearn\base.py:442: InconsistentVersionWarning: Trying to unpickle estimator LinearRegression from version 1.8.0 when using version 1.7.2. This might lead to breaking code or invalid results. Use at your own risk. For more info please refer to:
https://scikit-learn.org/stable/model_persistence.html#security-maintainability-limitations
  warnings.warn(
C:\Users\acer\AppData\Local\Programs\Python\Python312\Lib\site-packages\sklearn\utils\validation.py:2749: UserWarning: X does not have valid feature names, but LinearRegression was fitted with feature names
  warnings.warn(
C:\Users\acer\AppData\Local\Programs\Python\Python312\Lib\site-packages\sklearn\utils\validation.py:2749: UserWarning: X does not have valid feature names, but LinearRegression was fitted with feature names
  warnings.warn(
[06/Apr/2026 19:13:51] "GET /status/marketplaces/ HTTP/1.1" 200 565
C:\Users\acer\AppData\Local\Programs\Python\Python312\Lib\site-packages\sklearn\base.py:442: InconsistentVersionWarning: Trying to unpickle estimator LinearRegression from version 1.8.0 when using version 1.7.2. This might lead to breaking code or invalid results. Use at your own risk. For more info please refer to:
https://scikit-learn.org/stable/model_persistence.html#security-maintainability-limitations
  warnings.warn(
C:\Users\acer\AppData\Local\Programs\Python\Python312\Lib\site-packages\sklearn\utils\validation.py:2749: UserWarning: X does not have valid feature names, but LinearRegression was fitted with feature names
  warnings.warn(
C:\Users\acer\AppData\Local\Programs\Python\Python312\Lib\site-packages\sklearn\utils\validation.py:2749: UserWarning: X does not have valid feature names, but LinearRegression was fitted with feature names
  warnings.warn(
[06/Apr/2026 19:13:55] "GET /status/marketplaces/ HTTP/1.1" 200 565
C:\Users\acer\AppData\Local\Programs\Python\Python312\Lib\site-packages\sklearn\base.py:442: InconsistentVersionWarning: Trying to unpickle estimator LinearRegression from version 1.8.0 when using version 1.7.2. This might lead to breaking code or invalid results. Use at your own risk. For more info please refer to:
https://scikit-learn.org/stable/model_persistence.html#security-maintainability-limitations
  warnings.warn(
C:\Users\acer\AppData\Local\Programs\Python\Python312\Lib\site-packages\sklearn\utils\validation.py:2749: UserWarning: X does not have valid feature names, but LinearRegression was fitted with feature names
  warnings.warn(
C:\Users\acer\AppData\Local\Programs\Python\Python312\Lib\site-packages\sklearn\utils\validation.py:2749: UserWarning: X does not have valid feature names, but LinearRegression was fitted with feature names
  warnings.warn(
[06/Apr/2026 19:13:55] "GET /status/marketplaces/ HTTP/1.1" 200 565
C:\Users\acer\AppData\Local\Programs\Python\Python312\Lib\site-packages\sklearn\base.py:442: InconsistentVersionWarning: Trying to unpickle estimator LinearRegression from version 1.8.0 when using version 1.7.2. This might lead to breaking code or invalid results. Use at your own risk. For more info please refer to:
https://scikit-learn.org/stable/model_persistence.html#security-maintainability-limitations
  warnings.warn(
C:\Users\acer\AppData\Local\Programs\Python\Python312\Lib\site-packages\sklearn\utils\validation.py:2749: UserWarning: X does not have valid feature names, but LinearRegression was fitted with feature names
  warnings.warn(
C:\Users\acer\AppData\Local\Programs\Python\Python312\Lib\site-packages\sklearn\utils\validation.py:2749: UserWarning: X does not have valid feature names, but LinearRegression was fitted with feature names
  warnings.warn(
[06/Apr/2026 19:13:58] "GET /status/marketplaces/ HTTP/1.1" 200 565
C:\Users\acer\AppData\Local\Programs\Python\Python312\Lib\site-packages\sklearn\base.py:442: InconsistentVersionWarning: Trying to unpickle estimator LinearRegression from version 1.8.0 when using version 1.7.2. This might lead to breaking code or invalid results. Use at your own risk. For more info please refer to:
https://scikit-learn.org/stable/model_persistence.html#security-maintainability-limitations
  warnings.warn(
C:\Users\acer\AppData\Local\Programs\Python\Python312\Lib\site-packages\sklearn\utils\validation.py:2749: UserWarning: X does not have valid feature names, but LinearRegression was fitted with feature names
  warnings.warn(
C:\Users\acer\AppData\Local\Programs\Python\Python312\Lib\site-packages\sklearn\utils\validation.py:2749: UserWarning: X does not have valid feature names, but LinearRegression was fitted with feature names
  warnings.warn(
[06/Apr/2026 19:13:58] "GET /status/marketplaces/ HTTP/1.1" 200 565
C:\Users\acer\AppData\Local\Programs\Python\Python312\Lib\site-packages\sklearn\base.py:442: InconsistentVersionWarning: Trying to unpickle estimator LinearRegression from version 1.8.0 when using version 1.7.2. This might lead to breaking code or invalid results. Use at your own risk. For more info please refer to:
https://scikit-learn.org/stable/model_persistence.html#security-maintainability-limitations
  warnings.warn(
C:\Users\acer\AppData\Local\Programs\Python\Python312\Lib\site-packages\sklearn\utils\validation.py:2749: UserWarning: X does not have valid feature names, but LinearRegression was fitted with feature names
  warnings.warn(
C:\Users\acer\AppData\Local\Programs\Python\Python312\Lib\site-packages\sklearn\utils\validation.py:2749: UserWarning: X does not have valid feature names, but LinearRegression was fitted with feature names
  warnings.warn(
[06/Apr/2026 19:14:01] "GET /status/marketplaces/ HTTP/1.1" 200 565
C:\Users\acer\AppData\Local\Programs\Python\Python312\Lib\site-packages\sklearn\base.py:442: InconsistentVersionWarning: Trying to unpickle estimator LinearRegression from version 1.8.0 when using version 1.7.2. This might lead to breaking code or invalid results. Use at your own risk. For more info please refer to:
https://scikit-learn.org/stable/model_persistence.html#security-maintainability-limitations
  warnings.warn(
C:\Users\acer\AppData\Local\Programs\Python\Python312\Lib\site-packages\sklearn\utils\validation.py:2749: UserWarning: X does not have valid feature names, but LinearRegression was fitted with feature names
  warnings.warn(
C:\Users\acer\AppData\Local\Programs\Python\Python312\Lib\site-packages\sklearn\utils\validation.py:2749: UserWarning: X does not have valid feature names, but LinearRegression was fitted with feature names
  warnings.warn(
[06/Apr/2026 19:14:01] "GET /status/marketplaces/ HTTP/1.1" 200 565
C:\Users\acer\AppData\Local\Programs\Python\Python312\Lib\site-packages\sklearn\base.py:442: InconsistentVersionWarning: Trying to unpickle estimator LinearRegression from version 1.8.0 when using version 1.7.2. This might lead to breaking code or invalid results. Use at your own risk. For more info please refer to:
https://scikit-learn.org/stable/model_persistence.html#security-maintainability-limitations
  warnings.warn(
C:\Users\acer\AppData\Local\Programs\Python\Python312\Lib\site-packages\sklearn\utils\validation.py:2749: UserWarning: X does not have valid feature names, but LinearRegression was fitted with feature names
  warnings.warn(
C:\Users\acer\AppData\Local\Programs\Python\Python312\Lib\site-packages\sklearn\utils\validation.py:2749: UserWarning: X does not have valid feature names, but LinearRegression was fitted with feature names
  warnings.warn(
[06/Apr/2026 19:14:04] "GET /status/marketplaces/ HTTP/1.1" 200 565
C:\Users\acer\AppData\Local\Programs\Python\Python312\Lib\site-packages\sklearn\base.py:442: InconsistentVersionWarning: Trying to unpickle estimator LinearRegression from version 1.8.0 when using version 1.7.2. This might lead to breaking code or invalid results. Use at your own risk. For more info please refer to:
https://scikit-learn.org/stable/model_persistence.html#security-maintainability-limitations
  warnings.warn(
C:\Users\acer\AppData\Local\Programs\Python\Python312\Lib\site-packages\sklearn\utils\validation.py:2749: UserWarning: X does not have valid feature names, but LinearRegression was fitted with feature names
  warnings.warn(
C:\Users\acer\AppData\Local\Programs\Python\Python312\Lib\site-packages\sklearn\utils\validation.py:2749: UserWarning: X does not have valid feature names, but LinearRegression was fitted with feature names
  warnings.warn(
[06/Apr/2026 19:14:04] "GET /status/marketplaces/ HTTP/1.1" 200 565
[06/Apr/2026 19:15:48] "GET /dataset/ HTTP/1.1" 200 493
C:\Users\acer\AppData\Local\Programs\Python\Python312\Lib\site-packages\sklearn\utils\validation.py:2749: UserWarning: X does not have valid feature names, but LinearRegression was fitted with feature names
  warnings.warn(
[06/Apr/2026 19:15:48] "POST /predict/ HTTP/1.1" 200 52
[06/Apr/2026 19:15:48,526] - Broken pipe from ('127.0.0.1', 63364)
[06/Apr/2026 19:15:48] "GET /health/ HTTP/1.1" 200 56
[06/Apr/2026 19:15:48,559] - Broken pipe from ('127.0.0.1', 63365)
[06/Apr/2026 19:15:48,595] - Broken pipe from ('127.0.0.1', 63367)
C:\Users\acer\AppData\Local\Programs\Python\Python312\Lib\site-packages\sklearn\utils\validation.py:2749: UserWarning: X does not have valid feature names, but LinearRegression was fitted with feature names
  warnings.warn(
C:\Users\acer\AppData\Local\Programs\Python\Python312\Lib\site-packages\sklearn\utils\validation.py:2749: UserWarning: X does not have valid feature names, but LinearRegression was fitted with feature names
  warnings.warn(
[06/Apr/2026 19:16:49] "GET /status/marketplaces/ HTTP/1.1" 200 565
[06/Apr/2026 19:16:50] "GET /health/ HTTP/1.1" 200 56
[06/Apr/2026 19:16:50] "GET /dataset/ HTTP/1.1" 200 493
[06/Apr/2026 19:16:50] "GET /health/ HTTP/1.1" 200 56
C:\Users\acer\AppData\Local\Programs\Python\Python312\Lib\site-packages\sklearn\utils\validation.py:2749: UserWarning: X does not have valid feature names, but LinearRegression was fitted with feature names
  warnings.warn(
C:\Users\acer\AppData\Local\Programs\Python\Python312\Lib\site-packages\sklearn\utils\validation.py:2749: UserWarning: X does not have valid feature names, but LinearRegression was fitted with feature names
  warnings.warn(
[06/Apr/2026 19:16:50] "GET /dataset/ HTTP/1.1" 200 493
[06/Apr/2026 19:16:50] "GET /status/marketplaces/ HTTP/1.1" 200 565
C:\Users\acer\AppData\Local\Programs\Python\Python312\Lib\site-packages\sklearn\utils\validation.py:2749: UserWarning: X does not have valid feature names, but LinearRegression was fitted with feature names
  warnings.warn(
C:\Users\acer\AppData\Local\Programs\Python\Python312\Lib\site-packages\sklearn\utils\validation.py:2749: UserWarning: X does not have valid feature names, but LinearRegression was fitted with feature names
  warnings.warn(
[06/Apr/2026 19:16:50] "GET /status/marketplaces/ HTTP/1.1" 200 565
C:\Users\acer\AppData\Local\Programs\Python\Python312\Lib\site-packages\sklearn\utils\validation.py:2749: UserWarning: X does not have valid feature names, but LinearRegression was fitted with feature names
  warnings.warn(
C:\Users\acer\AppData\Local\Programs\Python\Python312\Lib\site-packages\sklearn\utils\validation.py:2749: UserWarning: X does not have valid feature names, but LinearRegression was fitted with feature names
  warnings.warn(
[06/Apr/2026 19:16:53] "GET /status/marketplaces/ HTTP/1.1" 200 565
C:\Users\acer\AppData\Local\Programs\Python\Python312\Lib\site-packages\sklearn\utils\validation.py:2749: UserWarning: X does not have valid feature names, but LinearRegression was fitted with feature names
  warnings.warn(
C:\Users\acer\AppData\Local\Programs\Python\Python312\Lib\site-packages\sklearn\utils\validation.py:2749: UserWarning: X does not have valid feature names, but LinearRegression was fitted with feature names
  warnings.warn(
[06/Apr/2026 19:16:56] "GET /status/marketplaces/ HTTP/1.1" 200 565
C:\Users\acer\AppData\Local\Programs\Python\Python312\Lib\site-packages\sklearn\utils\validation.py:2749: UserWarning: X does not have valid feature names, but LinearRegression was fitted with feature names
  warnings.warn(
C:\Users\acer\AppData\Local\Programs\Python\Python312\Lib\site-packages\sklearn\utils\validation.py:2749: UserWarning: X does not have valid feature names, but LinearRegression was fitted with feature names
  warnings.warn(
[06/Apr/2026 19:16:59] "GET /status/marketplaces/ HTTP/1.1" 200 565
C:\Users\acer\AppData\Local\Programs\Python\Python312\Lib\site-packages\sklearn\utils\validation.py:2749: UserWarning: X does not have valid feature names, but LinearRegression was fitted with feature names
  warnings.warn(
C:\Users\acer\AppData\Local\Programs\Python\Python312\Lib\site-packages\sklearn\utils\validation.py:2749: UserWarning: X does not have valid feature names, but LinearRegression was fitted with feature names
  warnings.warn(
[06/Apr/2026 19:17:02] "GET /status/marketplaces/ HTTP/1.1" 200 565
C:\Users\acer\AppData\Local\Programs\Python\Python312\Lib\site-packages\sklearn\utils\validation.py:2749: UserWarning: X does not have valid feature names, but LinearRegression was fitted with feature names
  warnings.warn(
C:\Users\acer\AppData\Local\Programs\Python\Python312\Lib\site-packages\sklearn\utils\validation.py:2749: UserWarning: X does not have valid feature names, but LinearRegression was fitted with feature names
  warnings.warn(
[06/Apr/2026 19:17:05] "GET /status/marketplaces/ HTTP/1.1" 200 565
C:\Users\acer\AppData\Local\Programs\Python\Python312\Lib\site-packages\sklearn\utils\validation.py:2749: UserWarning: X does not have valid feature names, but LinearRegression was fitted with feature names
  warnings.warn(
C:\Users\acer\AppData\Local\Programs\Python\Python312\Lib\site-packages\sklearn\utils\validation.py:2749: UserWarning: X does not have valid feature names, but LinearRegression was fitted with feature names
  warnings.warn(
[06/Apr/2026 19:17:06] "GET /status/marketplaces/ HTTP/1.1" 200 565
[06/Apr/2026 19:17:07] "GET /health/ HTTP/1.1" 200 56
[06/Apr/2026 19:17:07] "GET /health/ HTTP/1.1" 200 56
[06/Apr/2026 19:17:07] "GET /dataset/ HTTP/1.1" 200 493
[06/Apr/2026 19:17:07] "GET /dataset/ HTTP/1.1" 200 493
C:\Users\acer\AppData\Local\Programs\Python\Python312\Lib\site-packages\sklearn\utils\validation.py:2749: UserWarning: X does not have valid feature names, but LinearRegression was fitted with feature names
  warnings.warn(
C:\Users\acer\AppData\Local\Programs\Python\Python312\Lib\site-packages\sklearn\utils\validation.py:2749: UserWarning: X does not have valid feature names, but LinearRegression was fitted with feature names
  warnings.warn(
[06/Apr/2026 19:17:07] "GET /status/marketplaces/ HTTP/1.1" 200 565
C:\Users\acer\AppData\Local\Programs\Python\Python312\Lib\site-packages\sklearn\utils\validation.py:2749: UserWarning: X does not have valid feature names, but LinearRegression was fitted with feature names
  warnings.warn(
C:\Users\acer\AppData\Local\Programs\Python\Python312\Lib\site-packages\sklearn\utils\validation.py:2749: UserWarning: X does not have valid feature names, but LinearRegression was fitted with feature names
  warnings.warn(
[06/Apr/2026 19:17:07] "GET /status/marketplaces/ HTTP/1.1" 200 565
C:\Users\acer\AppData\Local\Programs\Python\Python312\Lib\site-packages\sklearn\utils\validation.py:2749: UserWarning: X does not have valid feature names, but LinearRegression was fitted with feature names
  warnings.warn(
C:\Users\acer\AppData\Local\Programs\Python\Python312\Lib\site-packages\sklearn\utils\validation.py:2749: UserWarning: X does not have valid feature names, but LinearRegression was fitted with feature names
  warnings.warn(
[06/Apr/2026 19:17:09] "GET /status/marketplaces/ HTTP/1.1" 200 565
C:\Users\acer\AppData\Local\Programs\Python\Python312\Lib\site-packages\sklearn\utils\validation.py:2749: UserWarning: X does not have valid feature names, but LinearRegression was fitted with feature names
  warnings.warn(
C:\Users\acer\AppData\Local\Programs\Python\Python312\Lib\site-packages\sklearn\utils\validation.py:2749: UserWarning: X does not have valid feature names, but LinearRegression was fitted with feature names
  warnings.warn(
[06/Apr/2026 19:17:10] "GET /status/marketplaces/ HTTP/1.1" 200 565
C:\Users\acer\AppData\Local\Programs\Python\Python312\Lib\site-packages\sklearn\utils\validation.py:2749: UserWarning: X does not have valid feature names, but LinearRegression was fitted with feature names
  warnings.warn(
C:\Users\acer\AppData\Local\Programs\Python\Python312\Lib\site-packages\sklearn\utils\validation.py:2749: UserWarning: X does not have valid feature names, but LinearRegression was fitted with feature names
  warnings.warn(
[06/Apr/2026 19:17:11] "GET /status/marketplaces/ HTTP/1.1" 200 565
C:\Users\acer\AppData\Local\Programs\Python\Python312\Lib\site-packages\sklearn\utils\validation.py:2749: UserWarning: X does not have valid feature names, but LinearRegression was fitted with feature names
  warnings.warn(
C:\Users\acer\AppData\Local\Programs\Python\Python312\Lib\site-packages\sklearn\utils\validation.py:2749: UserWarning: X does not have valid feature names, but LinearRegression was fitted with feature names
  warnings.warn(
[06/Apr/2026 19:17:13] "GET /status/marketplaces/ HTTP/1.1" 200 565
C:\Users\acer\AppData\Local\Programs\Python\Python312\Lib\site-packages\sklearn\utils\validation.py:2749: UserWarning: X does not have valid feature names, but LinearRegression was fitted with feature names
  warnings.warn(
C:\Users\acer\AppData\Local\Programs\Python\Python312\Lib\site-packages\sklearn\utils\validation.py:2749: UserWarning: X does not have valid feature names, but LinearRegression was fitted with feature names
  warnings.warn(
[06/Apr/2026 19:17:14] "GET /status/marketplaces/ HTTP/1.1" 200 565
C:\Users\acer\AppData\Local\Programs\Python\Python312\Lib\site-packages\sklearn\utils\validation.py:2749: UserWarning: X does not have valid feature names, but LinearRegression was fitted with feature names
  warnings.warn(
C:\Users\acer\AppData\Local\Programs\Python\Python312\Lib\site-packages\sklearn\utils\validation.py:2749: UserWarning: X does not have valid feature names, but LinearRegression was fitted with feature names
  warnings.warn(
[06/Apr/2026 19:17:16] "GET /status/marketplaces/ HTTP/1.1" 200 565
C:\Users\acer\AppData\Local\Programs\Python\Python312\Lib\site-packages\sklearn\utils\validation.py:2749: UserWarning: X does not have valid feature names, but LinearRegression was fitted with feature names
  warnings.warn(
C:\Users\acer\AppData\Local\Programs\Python\Python312\Lib\site-packages\sklearn\utils\validation.py:2749: UserWarning: X does not have valid feature names, but LinearRegression was fitted with feature names
  warnings.warn(
[06/Apr/2026 19:17:17] "GET /status/marketplaces/ HTTP/1.1" 200 565
C:\Users\acer\AppData\Local\Programs\Python\Python312\Lib\site-packages\sklearn\utils\validation.py:2749: UserWarning: X does not have valid feature names, but LinearRegression was fitted with feature names
  warnings.warn(
C:\Users\acer\AppData\Local\Programs\Python\Python312\Lib\site-packages\sklearn\utils\validation.py:2749: UserWarning: X does not have valid feature names, but LinearRegression was fitted with feature names
  warnings.warn(
[06/Apr/2026 19:17:19] "GET /status/marketplaces/ HTTP/1.1" 200 565
C:\Users\acer\AppData\Local\Programs\Python\Python312\Lib\site-packages\sklearn\utils\validation.py:2749: UserWarning: X does not have valid feature names, but LinearRegression was fitted with feature names
  warnings.warn(
C:\Users\acer\AppData\Local\Programs\Python\Python312\Lib\site-packages\sklearn\utils\validation.py:2749: UserWarning: X does not have valid feature names, but LinearRegression was fitted with feature names
  warnings.warn(
[06/Apr/2026 19:17:20] "GET /status/marketplaces/ HTTP/1.1" 200 565
C:\Users\acer\AppData\Local\Programs\Python\Python312\Lib\site-packages\sklearn\utils\validation.py:2749: UserWarning: X does not have valid feature names, but LinearRegression was fitted with feature names
  warnings.warn(
C:\Users\acer\AppData\Local\Programs\Python\Python312\Lib\site-packages\sklearn\utils\validation.py:2749: UserWarning: X does not have valid feature names, but LinearRegression was fitted with feature names
  warnings.warn(
[06/Apr/2026 19:17:22] "GET /status/marketplaces/ HTTP/1.1" 200 565
C:\Users\acer\AppData\Local\Programs\Python\Python312\Lib\site-packages\sklearn\utils\validation.py:2749: UserWarning: X does not have valid feature names, but LinearRegression was fitted with feature names
  warnings.warn(
C:\Users\acer\AppData\Local\Programs\Python\Python312\Lib\site-packages\sklearn\utils\validation.py:2749: UserWarning: X does not have valid feature names, but LinearRegression was fitted with feature names
  warnings.warn(
[06/Apr/2026 19:17:23] "GET /status/marketplaces/ HTTP/1.1" 200 565
C:\Users\acer\AppData\Local\Programs\Python\Python312\Lib\site-packages\sklearn\utils\validation.py:2749: UserWarning: X does not have valid feature names, but LinearRegression was fitted with feature names
  warnings.warn(
C:\Users\acer\AppData\Local\Programs\Python\Python312\Lib\site-packages\sklearn\utils\validation.py:2749: UserWarning: X does not have valid feature names, but LinearRegression was fitted with feature names
  warnings.warn(
[06/Apr/2026 19:17:25] "GET /status/marketplaces/ HTTP/1.1" 200 565
C:\Users\acer\AppData\Local\Programs\Python\Python312\Lib\site-packages\sklearn\utils\validation.py:2749: UserWarning: X does not have valid feature names, but LinearRegression was fitted with feature names
  warnings.warn(
C:\Users\acer\AppData\Local\Programs\Python\Python312\Lib\site-packages\sklearn\utils\validation.py:2749: UserWarning: X does not have valid feature names, but LinearRegression was fitted with feature names
  warnings.warn(
[06/Apr/2026 19:17:26] "GET /status/marketplaces/ HTTP/1.1" 200 565
C:\Users\acer\AppData\Local\Programs\Python\Python312\Lib\site-packages\sklearn\utils\validation.py:2749: UserWarning: X does not have valid feature names, but LinearRegression was fitted with feature names
  warnings.warn(
C:\Users\acer\AppData\Local\Programs\Python\Python312\Lib\site-packages\sklearn\utils\validation.py:2749: UserWarning: X does not have valid feature names, but LinearRegression was fitted with feature names
  warnings.warn(
[06/Apr/2026 19:17:28] "GET /status/marketplaces/ HTTP/1.1" 200 565
C:\Users\acer\AppData\Local\Programs\Python\Python312\Lib\site-packages\sklearn\utils\validation.py:2749: UserWarning: X does not have valid feature names, but LinearRegression was fitted with feature names
  warnings.warn(
C:\Users\acer\AppData\Local\Programs\Python\Python312\Lib\site-packages\sklearn\utils\validation.py:2749: UserWarning: X does not have valid feature names, but LinearRegression was fitted with feature names
  warnings.warn(
[06/Apr/2026 19:17:29] "GET /status/marketplaces/ HTTP/1.1" 200 565
C:\Users\acer\AppData\Local\Programs\Python\Python312\Lib\site-packages\sklearn\utils\validation.py:2749: UserWarning: X does not have valid feature names, but LinearRegression was fitted with feature names
  warnings.warn(
C:\Users\acer\AppData\Local\Programs\Python\Python312\Lib\site-packages\sklearn\utils\validation.py:2749: UserWarning: X does not have valid feature names, but LinearRegression was fitted with feature names
  warnings.warn(
[06/Apr/2026 19:17:31] "GET /status/marketplaces/ HTTP/1.1" 200 565
C:\Users\acer\AppData\Local\Programs\Python\Python312\Lib\site-packages\sklearn\utils\validation.py:2749: UserWarning: X does not have valid feature names, but LinearRegression was fitted with feature names
  warnings.warn(
[06/Apr/2026 19:17:32] "POST /predict/ HTTP/1.1" 200 52
C:\Users\acer\AppData\Local\Programs\Python\Python312\Lib\site-packages\sklearn\utils\validation.py:2749: UserWarning: X does not have valid feature names, but LinearRegression was fitted with feature names
  warnings.warn(
[06/Apr/2026 19:17:32] "POST /predict/marketplace/ HTTP/1.1" 201 272
C:\Users\acer\AppData\Local\Programs\Python\Python312\Lib\site-packages\sklearn\utils\validation.py:2749: UserWarning: X does not have valid feature names, but LinearRegression was fitted with feature names
  warnings.warn(
[06/Apr/2026 19:17:32] "POST /predict/marketplace/ HTTP/1.1" 201 276
C:\Users\acer\AppData\Local\Programs\Python\Python312\Lib\site-packages\sklearn\utils\validation.py:2749: UserWarning: X does not have valid feature names, but LinearRegression was fitted with feature names
  warnings.warn(
C:\Users\acer\AppData\Local\Programs\Python\Python312\Lib\site-packages\sklearn\utils\validation.py:2749: UserWarning: X does not have valid feature names, but LinearRegression was fitted with feature names
  warnings.warn(
[06/Apr/2026 19:17:32] "GET /status/marketplaces/ HTTP/1.1" 200 559
C:\Users\acer\AppData\Local\Programs\Python\Python312\Lib\site-packages\sklearn\utils\validation.py:2749: UserWarning: X does not have valid feature names, but LinearRegression was fitted with feature names
  warnings.warn(
C:\Users\acer\AppData\Local\Programs\Python\Python312\Lib\site-packages\sklearn\utils\validation.py:2749: UserWarning: X does not have valid feature names, but LinearRegression was fitted with feature names
  warnings.warn(
[06/Apr/2026 19:17:32] "GET /status/marketplaces/ HTTP/1.1" 200 559
C:\Users\acer\AppData\Local\Programs\Python\Python312\Lib\site-packages\sklearn\utils\validation.py:2749: UserWarning: X does not have valid feature names, but LinearRegression was fitted with feature names
  warnings.warn(
C:\Users\acer\AppData\Local\Programs\Python\Python312\Lib\site-packages\sklearn\utils\validation.py:2749: UserWarning: X does not have valid feature names, but LinearRegression was fitted with feature names
  warnings.warn(
[06/Apr/2026 19:17:34] "GET /status/marketplaces/ HTTP/1.1" 200 559
C:\Users\acer\AppData\Local\Programs\Python\Python312\Lib\site-packages\sklearn\utils\validation.py:2749: UserWarning: X does not have valid feature names, but LinearRegression was fitted with feature names
  warnings.warn(
[06/Apr/2026 19:17:35] "POST /predict/ HTTP/1.1" 200 52
C:\Users\acer\AppData\Local\Programs\Python\Python312\Lib\site-packages\sklearn\utils\validation.py:2749: UserWarning: X does not have valid feature names, but LinearRegression was fitted with feature names
  warnings.warn(
[06/Apr/2026 19:17:35] "POST /predict/marketplace/ HTTP/1.1" 201 276
C:\Users\acer\AppData\Local\Programs\Python\Python312\Lib\site-packages\sklearn\utils\validation.py:2749: UserWarning: X does not have valid feature names, but LinearRegression was fitted with feature names
  warnings.warn(
[06/Apr/2026 19:17:35] "POST /predict/marketplace/ HTTP/1.1" 201 272
C:\Users\acer\AppData\Local\Programs\Python\Python312\Lib\site-packages\sklearn\utils\validation.py:2749: UserWarning: X does not have valid feature names, but LinearRegression was fitted with feature names
  warnings.warn(
C:\Users\acer\AppData\Local\Programs\Python\Python312\Lib\site-packages\sklearn\utils\validation.py:2749: UserWarning: X does not have valid feature names, but LinearRegression was fitted with feature names
  warnings.warn(
[06/Apr/2026 19:17:35] "GET /status/marketplaces/ HTTP/1.1" 200 559
C:\Users\acer\AppData\Local\Programs\Python\Python312\Lib\site-packages\sklearn\utils\validation.py:2749: UserWarning: X does not have valid feature names, but LinearRegression was fitted with feature names
  warnings.warn(
C:\Users\acer\AppData\Local\Programs\Python\Python312\Lib\site-packages\sklearn\utils\validation.py:2749: UserWarning: X does not have valid feature names, but LinearRegression was fitted with feature names
  warnings.warn(
[06/Apr/2026 19:17:35] "GET /status/marketplaces/ HTTP/1.1" 200 559
C:\Users\acer\AppData\Local\Programs\Python\Python312\Lib\site-packages\sklearn\utils\validation.py:2749: UserWarning: X does not have valid feature names, but LinearRegression was fitted with feature names
  warnings.warn(
C:\Users\acer\AppData\Local\Programs\Python\Python312\Lib\site-packages\sklearn\utils\validation.py:2749: UserWarning: X does not have valid feature names, but LinearRegression was fitted with feature names
  warnings.warn(
[06/Apr/2026 19:17:37] "GET /status/marketplaces/ HTTP/1.1" 200 559
C:\Users\acer\AppData\Local\Programs\Python\Python312\Lib\site-packages\sklearn\utils\validation.py:2749: UserWarning: X does not have valid feature names, but LinearRegression was fitted with feature names
  warnings.warn(
C:\Users\acer\AppData\Local\Programs\Python\Python312\Lib\site-packages\sklearn\utils\validation.py:2749: UserWarning: X does not have valid feature names, but LinearRegression was fitted with feature names
  warnings.warn(
[06/Apr/2026 19:17:38] "GET /status/marketplaces/ HTTP/1.1" 200 559
C:\Users\acer\AppData\Local\Programs\Python\Python312\Lib\site-packages\sklearn\utils\validation.py:2749: UserWarning: X does not have valid feature names, but LinearRegression was fitted with feature names
  warnings.warn(
C:\Users\acer\AppData\Local\Programs\Python\Python312\Lib\site-packages\sklearn\utils\validation.py:2749: UserWarning: X does not have valid feature names, but LinearRegression was fitted with feature names
  warnings.warn(
[06/Apr/2026 19:17:40] "GET /status/marketplaces/ HTTP/1.1" 200 559
C:\Users\acer\AppData\Local\Programs\Python\Python312\Lib\site-packages\sklearn\utils\validation.py:2749: UserWarning: X does not have valid feature names, but LinearRegression was fitted with feature names
  warnings.warn(
C:\Users\acer\AppData\Local\Programs\Python\Python312\Lib\site-packages\sklearn\utils\validation.py:2749: UserWarning: X does not have valid feature names, but LinearRegression was fitted with feature names
  warnings.warn(
[06/Apr/2026 19:17:41] "GET /status/marketplaces/ HTTP/1.1" 200 559
C:\Users\acer\AppData\Local\Programs\Python\Python312\Lib\site-packages\sklearn\utils\validation.py:2749: UserWarning: X does not have valid feature names, but LinearRegression was fitted with feature names
  warnings.warn(
C:\Users\acer\AppData\Local\Programs\Python\Python312\Lib\site-packages\sklearn\utils\validation.py:2749: UserWarning: X does not have valid feature names, but LinearRegression was fitted with feature names
  warnings.warn(
[06/Apr/2026 19:17:43] "GET /status/marketplaces/ HTTP/1.1" 200 559
C:\Users\acer\AppData\Local\Programs\Python\Python312\Lib\site-packages\sklearn\utils\validation.py:2749: UserWarning: X does not have valid feature names, but LinearRegression was fitted with feature names
  warnings.warn(
C:\Users\acer\AppData\Local\Programs\Python\Python312\Lib\site-packages\sklearn\utils\validation.py:2749: UserWarning: X does not have valid feature names, but LinearRegression was fitted with feature names
  warnings.warn(
[06/Apr/2026 19:17:44] "GET /status/marketplaces/ HTTP/1.1" 200 559
C:\Users\acer\AppData\Local\Programs\Python\Python312\Lib\site-packages\sklearn\utils\validation.py:2749: UserWarning: X does not have valid feature names, but LinearRegression was fitted with feature names
  warnings.warn(
C:\Users\acer\AppData\Local\Programs\Python\Python312\Lib\site-packages\sklearn\utils\validation.py:2749: UserWarning: X does not have valid feature names, but LinearRegression was fitted with feature names
  warnings.warn(
[06/Apr/2026 19:17:46] "GET /status/marketplaces/ HTTP/1.1" 200 559
C:\Users\acer\AppData\Local\Programs\Python\Python312\Lib\site-packages\sklearn\utils\validation.py:2749: UserWarning: X does not have valid feature names, but LinearRegression was fitted with feature names
  warnings.warn(
C:\Users\acer\AppData\Local\Programs\Python\Python312\Lib\site-packages\sklearn\utils\validation.py:2749: UserWarning: X does not have valid feature names, but LinearRegression was fitted with feature names
  warnings.warn(
[06/Apr/2026 19:17:47] "GET /status/marketplaces/ HTTP/1.1" 200 559
C:\Users\acer\AppData\Local\Programs\Python\Python312\Lib\site-packages\sklearn\utils\validation.py:2749: UserWarning: X does not have valid feature names, but LinearRegression was fitted with feature names
  warnings.warn(
C:\Users\acer\AppData\Local\Programs\Python\Python312\Lib\site-packages\sklearn\utils\validation.py:2749: UserWarning: X does not have valid feature names, but LinearRegression was fitted with feature names
  warnings.warn(
[06/Apr/2026 19:17:49] "GET /status/marketplaces/ HTTP/1.1" 200 559
C:\Users\acer\AppData\Local\Programs\Python\Python312\Lib\site-packages\sklearn\utils\validation.py:2749: UserWarning: X does not have valid feature names, but LinearRegression was fitted with feature names
  warnings.warn(
C:\Users\acer\AppData\Local\Programs\Python\Python312\Lib\site-packages\sklearn\utils\validation.py:2749: UserWarning: X does not have valid feature names, but LinearRegression was fitted with feature names
  warnings.warn(
[06/Apr/2026 19:17:50] "GET /status/marketplaces/ HTTP/1.1" 200 559
C:\Users\acer\AppData\Local\Programs\Python\Python312\Lib\site-packages\sklearn\utils\validation.py:2749: UserWarning: X does not have valid feature names, but LinearRegression was fitted with feature names
  warnings.warn(
C:\Users\acer\AppData\Local\Programs\Python\Python312\Lib\site-packages\sklearn\utils\validation.py:2749: UserWarning: X does not have valid feature names, but LinearRegression was fitted with feature names
  warnings.warn(
[06/Apr/2026 19:17:52] "GET /status/marketplaces/ HTTP/1.1" 200 559
C:\Users\acer\AppData\Local\Programs\Python\Python312\Lib\site-packages\sklearn\utils\validation.py:2749: UserWarning: X does not have valid feature names, but LinearRegression was fitted with feature names
  warnings.warn(
C:\Users\acer\AppData\Local\Programs\Python\Python312\Lib\site-packages\sklearn\utils\validation.py:2749: UserWarning: X does not have valid feature names, but LinearRegression was fitted with feature names
  warnings.warn(
[06/Apr/2026 19:17:53] "GET /status/marketplaces/ HTTP/1.1" 200 559
C:\Users\acer\AppData\Local\Programs\Python\Python312\Lib\site-packages\sklearn\utils\validation.py:2749: UserWarning: X does not have valid feature names, but LinearRegression was fitted with feature names
  warnings.warn(
[06/Apr/2026 19:17:55] "POST /predict/ HTTP/1.1" 200 52
C:\Users\acer\AppData\Local\Programs\Python\Python312\Lib\site-packages\sklearn\utils\validation.py:2749: UserWarning: X does not have valid feature names, but LinearRegression was fitted with feature names
  warnings.warn(
[06/Apr/2026 19:17:55] "POST /predict/marketplace/ HTTP/1.1" 201 272
C:\Users\acer\AppData\Local\Programs\Python\Python312\Lib\site-packages\sklearn\utils\validation.py:2749: UserWarning: X does not have valid feature names, but LinearRegression was fitted with feature names
  warnings.warn(
[06/Apr/2026 19:17:55] "POST /predict/marketplace/ HTTP/1.1" 201 276
C:\Users\acer\AppData\Local\Programs\Python\Python312\Lib\site-packages\sklearn\utils\validation.py:2749: UserWarning: X does not have valid feature names, but LinearRegression was fitted with feature names
  warnings.warn(
C:\Users\acer\AppData\Local\Programs\Python\Python312\Lib\site-packages\sklearn\utils\validation.py:2749: UserWarning: X does not have valid feature names, but LinearRegression was fitted with feature names
  warnings.warn(
[06/Apr/2026 19:17:55] "GET /status/marketplaces/ HTTP/1.1" 200 559
C:\Users\acer\AppData\Local\Programs\Python\Python312\Lib\site-packages\sklearn\utils\validation.py:2749: UserWarning: X does not have valid feature names, but LinearRegression was fitted with feature names
  warnings.warn(
C:\Users\acer\AppData\Local\Programs\Python\Python312\Lib\site-packages\sklearn\utils\validation.py:2749: UserWarning: X does not have valid feature names, but LinearRegression was fitted with feature names
  warnings.warn(
[06/Apr/2026 19:17:55] "GET /status/marketplaces/ HTTP/1.1" 200 559
C:\Users\acer\AppData\Local\Programs\Python\Python312\Lib\site-packages\sklearn\utils\validation.py:2749: UserWarning: X does not have valid feature names, but LinearRegression was fitted with feature names
  warnings.warn(
C:\Users\acer\AppData\Local\Programs\Python\Python312\Lib\site-packages\sklearn\utils\validation.py:2749: UserWarning: X does not have valid feature names, but LinearRegression was fitted with feature names
  warnings.warn(
[06/Apr/2026 19:17:56] "GET /status/marketplaces/ HTTP/1.1" 200 559
C:\Users\acer\AppData\Local\Programs\Python\Python312\Lib\site-packages\sklearn\utils\validation.py:2749: UserWarning: X does not have valid feature names, but LinearRegression was fitted with feature names
  warnings.warn(
C:\Users\acer\AppData\Local\Programs\Python\Python312\Lib\site-packages\sklearn\utils\validation.py:2749: UserWarning: X does not have valid feature names, but LinearRegression was fitted with feature names
  warnings.warn(
[06/Apr/2026 19:17:58] "GET /status/marketplaces/ HTTP/1.1" 200 559
C:\Users\acer\AppData\Local\Programs\Python\Python312\Lib\site-packages\sklearn\utils\validation.py:2749: UserWarning: X does not have valid feature names, but LinearRegression was fitted with feature names
  warnings.warn(
C:\Users\acer\AppData\Local\Programs\Python\Python312\Lib\site-packages\sklearn\utils\validation.py:2749: UserWarning: X does not have valid feature names, but LinearRegression was fitted with feature names
  warnings.warn(
[06/Apr/2026 19:17:59] "GET /status/marketplaces/ HTTP/1.1" 200 559
C:\Users\acer\AppData\Local\Programs\Python\Python312\Lib\site-packages\sklearn\utils\validation.py:2749: UserWarning: X does not have valid feature names, but LinearRegression was fitted with feature names
  warnings.warn(
C:\Users\acer\AppData\Local\Programs\Python\Python312\Lib\site-packages\sklearn\utils\validation.py:2749: UserWarning: X does not have valid feature names, but LinearRegression was fitted with feature names
  warnings.warn(
[06/Apr/2026 19:18:01] "GET /status/marketplaces/ HTTP/1.1" 200 559
C:\Users\acer\AppData\Local\Programs\Python\Python312\Lib\site-packages\sklearn\utils\validation.py:2749: UserWarning: X does not have valid feature names, but LinearRegression was fitted with feature names
  warnings.warn(
C:\Users\acer\AppData\Local\Programs\Python\Python312\Lib\site-packages\sklearn\utils\validation.py:2749: UserWarning: X does not have valid feature names, but LinearRegression was fitted with feature names
  warnings.warn(
[06/Apr/2026 19:18:02] "GET /status/marketplaces/ HTTP/1.1" 200 559
C:\Users\acer\AppData\Local\Programs\Python\Python312\Lib\site-packages\sklearn\utils\validation.py:2749: UserWarning: X does not have valid feature names, but LinearRegression was fitted with feature names
  warnings.warn(
C:\Users\acer\AppData\Local\Programs\Python\Python312\Lib\site-packages\sklearn\utils\validation.py:2749: UserWarning: X does not have valid feature names, but LinearRegression was fitted with feature names
  warnings.warn(
[06/Apr/2026 19:18:04] "GET /status/marketplaces/ HTTP/1.1" 200 559
C:\Users\acer\AppData\Local\Programs\Python\Python312\Lib\site-packages\sklearn\utils\validation.py:2749: UserWarning: X does not have valid feature names, but LinearRegression was fitted with feature names
  warnings.warn(
C:\Users\acer\AppData\Local\Programs\Python\Python312\Lib\site-packages\sklearn\utils\validation.py:2749: UserWarning: X does not have valid feature names, but LinearRegression was fitted with feature names
  warnings.warn(
[06/Apr/2026 19:18:05] "GET /status/marketplaces/ HTTP/1.1" 200 559
C:\Users\acer\AppData\Local\Programs\Python\Python312\Lib\site-packages\sklearn\utils\validation.py:2749: UserWarning: X does not have valid feature names, but LinearRegression was fitted with feature names
  warnings.warn(
C:\Users\acer\AppData\Local\Programs\Python\Python312\Lib\site-packages\sklearn\utils\validation.py:2749: UserWarning: X does not have valid feature names, but LinearRegression was fitted with feature names
  warnings.warn(
[06/Apr/2026 19:18:07] "GET /status/marketplaces/ HTTP/1.1" 200 559
C:\Users\acer\AppData\Local\Programs\Python\Python312\Lib\site-packages\sklearn\utils\validation.py:2749: UserWarning: X does not have valid feature names, but LinearRegression was fitted with feature names
  warnings.warn(
C:\Users\acer\AppData\Local\Programs\Python\Python312\Lib\site-packages\sklearn\utils\validation.py:2749: UserWarning: X does not have valid feature names, but LinearRegression was fitted with feature names
  warnings.warn(
[06/Apr/2026 19:18:08] "GET /status/marketplaces/ HTTP/1.1" 200 559
C:\Users\acer\AppData\Local\Programs\Python\Python312\Lib\site-packages\sklearn\utils\validation.py:2749: UserWarning: X does not have valid feature names, but LinearRegression was fitted with feature names
  warnings.warn(
[06/Apr/2026 19:18:09] "POST /predict/ HTTP/1.1" 200 52
C:\Users\acer\AppData\Local\Programs\Python\Python312\Lib\site-packages\sklearn\utils\validation.py:2749: UserWarning: X does not have valid feature names, but LinearRegression was fitted with feature names
  warnings.warn(
[06/Apr/2026 19:18:09] "POST /predict/marketplace/ HTTP/1.1" 201 273
C:\Users\acer\AppData\Local\Programs\Python\Python312\Lib\site-packages\sklearn\utils\validation.py:2749: UserWarning: X does not have valid feature names, but LinearRegression was fitted with feature names
  warnings.warn(
[06/Apr/2026 19:18:09] "POST /predict/marketplace/ HTTP/1.1" 201 277
C:\Users\acer\AppData\Local\Programs\Python\Python312\Lib\site-packages\sklearn\utils\validation.py:2749: UserWarning: X does not have valid feature names, but LinearRegression was fitted with feature names
  warnings.warn(
C:\Users\acer\AppData\Local\Programs\Python\Python312\Lib\site-packages\sklearn\utils\validation.py:2749: UserWarning: X does not have valid feature names, but LinearRegression was fitted with feature names
  warnings.warn(
[06/Apr/2026 19:18:10] "GET /status/marketplaces/ HTTP/1.1" 200 565
C:\Users\acer\AppData\Local\Programs\Python\Python312\Lib\site-packages\sklearn\utils\validation.py:2749: UserWarning: X does not have valid feature names, but LinearRegression was fitted with feature names
  warnings.warn(
C:\Users\acer\AppData\Local\Programs\Python\Python312\Lib\site-packages\sklearn\utils\validation.py:2749: UserWarning: X does not have valid feature names, but LinearRegression was fitted with feature names
  warnings.warn(
[06/Apr/2026 19:18:10] "GET /status/marketplaces/ HTTP/1.1" 200 565
C:\Users\acer\AppData\Local\Programs\Python\Python312\Lib\site-packages\sklearn\utils\validation.py:2749: UserWarning: X does not have valid feature names, but LinearRegression was fitted with feature names
  warnings.warn(
C:\Users\acer\AppData\Local\Programs\Python\Python312\Lib\site-packages\sklearn\utils\validation.py:2749: UserWarning: X does not have valid feature names, but LinearRegression was fitted with feature names
  warnings.warn(
[06/Apr/2026 19:18:11] "GET /status/marketplaces/ HTTP/1.1" 200 565
C:\Users\acer\AppData\Local\Programs\Python\Python312\Lib\site-packages\sklearn\utils\validation.py:2749: UserWarning: X does not have valid feature names, but LinearRegression was fitted with feature names
  warnings.warn(
C:\Users\acer\AppData\Local\Programs\Python\Python312\Lib\site-packages\sklearn\utils\validation.py:2749: UserWarning: X does not have valid feature names, but LinearRegression was fitted with feature names
  warnings.warn(
[06/Apr/2026 19:18:14] "GET /status/marketplaces/ HTTP/1.1" 200 565
C:\Users\acer\AppData\Local\Programs\Python\Python312\Lib\site-packages\sklearn\utils\validation.py:2749: UserWarning: X does not have valid feature names, but LinearRegression was fitted with feature names
  warnings.warn(
[06/Apr/2026 19:18:16] "POST /predict/ HTTP/1.1" 200 52
C:\Users\acer\AppData\Local\Programs\Python\Python312\Lib\site-packages\sklearn\utils\validation.py:2749: UserWarning: X does not have valid feature names, but LinearRegression was fitted with feature names
  warnings.warn(
[06/Apr/2026 19:18:16] "POST /predict/marketplace/ HTTP/1.1" 201 272
C:\Users\acer\AppData\Local\Programs\Python\Python312\Lib\site-packages\sklearn\utils\validation.py:2749: UserWarning: X does not have valid feature names, but LinearRegression was fitted with feature names
  warnings.warn(
[06/Apr/2026 19:18:16] "POST /predict/marketplace/ HTTP/1.1" 201 276
C:\Users\acer\AppData\Local\Programs\Python\Python312\Lib\site-packages\sklearn\utils\validation.py:2749: UserWarning: X does not have valid feature names, but LinearRegression was fitted with feature names
  warnings.warn(
C:\Users\acer\AppData\Local\Programs\Python\Python312\Lib\site-packages\sklearn\utils\validation.py:2749: UserWarning: X does not have valid feature names, but LinearRegression was fitted with feature names
  warnings.warn(
[06/Apr/2026 19:18:16] "GET /status/marketplaces/ HTTP/1.1" 200 569
C:\Users\acer\AppData\Local\Programs\Python\Python312\Lib\site-packages\sklearn\utils\validation.py:2749: UserWarning: X does not have valid feature names, but LinearRegression was fitted with feature names
  warnings.warn(
C:\Users\acer\AppData\Local\Programs\Python\Python312\Lib\site-packages\sklearn\utils\validation.py:2749: UserWarning: X does not have valid feature names, but LinearRegression was fitted with feature names
  warnings.warn(
[06/Apr/2026 19:18:17] "GET /status/marketplaces/ HTTP/1.1" 200 569
C:\Users\acer\AppData\Local\Programs\Python\Python312\Lib\site-packages\sklearn\utils\validation.py:2749: UserWarning: X does not have valid feature names, but LinearRegression was fitted with feature names
  warnings.warn(
C:\Users\acer\AppData\Local\Programs\Python\Python312\Lib\site-packages\sklearn\utils\validation.py:2749: UserWarning: X does not have valid feature names, but LinearRegression was fitted with feature names
  warnings.warn(
[06/Apr/2026 19:18:20] "GET /status/marketplaces/ HTTP/1.1" 200 569
C:\Users\acer\AppData\Local\Programs\Python\Python312\Lib\site-packages\sklearn\utils\validation.py:2749: UserWarning: X does not have valid feature names, but LinearRegression was fitted with feature names
  warnings.warn(
C:\Users\acer\AppData\Local\Programs\Python\Python312\Lib\site-packages\sklearn\utils\validation.py:2749: UserWarning: X does not have valid feature names, but LinearRegression was fitted with feature names
  warnings.warn(
[06/Apr/2026 19:18:22] "GET /status/marketplaces/ HTTP/1.1" 200 569
C:\Users\acer\AppData\Local\Programs\Python\Python312\Lib\site-packages\sklearn\utils\validation.py:2749: UserWarning: X does not have valid feature names, but LinearRegression was fitted with feature names
  warnings.warn(
[06/Apr/2026 19:18:23] "POST /predict/ HTTP/1.1" 200 52
C:\Users\acer\AppData\Local\Programs\Python\Python312\Lib\site-packages\sklearn\utils\validation.py:2749: UserWarning: X does not have valid feature names, but LinearRegression was fitted with feature names
  warnings.warn(
[06/Apr/2026 19:18:23] "POST /predict/marketplace/ HTTP/1.1" 201 272
C:\Users\acer\AppData\Local\Programs\Python\Python312\Lib\site-packages\sklearn\utils\validation.py:2749: UserWarning: X does not have valid feature names, but LinearRegression was fitted with feature names
  warnings.warn(
[06/Apr/2026 19:18:23] "POST /predict/marketplace/ HTTP/1.1" 201 276
C:\Users\acer\AppData\Local\Programs\Python\Python312\Lib\site-packages\sklearn\utils\validation.py:2749: UserWarning: X does not have valid feature names, but LinearRegression was fitted with feature names
  warnings.warn(
C:\Users\acer\AppData\Local\Programs\Python\Python312\Lib\site-packages\sklearn\utils\validation.py:2749: UserWarning: X does not have valid feature names, but LinearRegression was fitted with feature names
  warnings.warn(
[06/Apr/2026 19:18:23] "GET /status/marketplaces/ HTTP/1.1" 200 559
C:\Users\acer\AppData\Local\Programs\Python\Python312\Lib\site-packages\sklearn\utils\validation.py:2749: UserWarning: X does not have valid feature names, but LinearRegression was fitted with feature names
  warnings.warn(
C:\Users\acer\AppData\Local\Programs\Python\Python312\Lib\site-packages\sklearn\utils\validation.py:2749: UserWarning: X does not have valid feature names, but LinearRegression was fitted with feature names
  warnings.warn(
[06/Apr/2026 19:18:23] "GET /status/marketplaces/ HTTP/1.1" 200 559
C:\Users\acer\AppData\Local\Programs\Python\Python312\Lib\site-packages\sklearn\utils\validation.py:2749: UserWarning: X does not have valid feature names, but LinearRegression was fitted with feature names
  warnings.warn(
C:\Users\acer\AppData\Local\Programs\Python\Python312\Lib\site-packages\sklearn\utils\validation.py:2749: UserWarning: X does not have valid feature names, but LinearRegression was fitted with feature names
  warnings.warn(
[06/Apr/2026 19:18:26] "GET /status/marketplaces/ HTTP/1.1" 200 559
C:\Users\acer\AppData\Local\Programs\Python\Python312\Lib\site-packages\sklearn\utils\validation.py:2749: UserWarning: X does not have valid feature names, but LinearRegression was fitted with feature names
  warnings.warn(
C:\Users\acer\AppData\Local\Programs\Python\Python312\Lib\site-packages\sklearn\utils\validation.py:2749: UserWarning: X does not have valid feature names, but LinearRegression was fitted with feature names
  warnings.warn(
[06/Apr/2026 19:18:29] "GET /status/marketplaces/ HTTP/1.1" 200 559
C:\Users\acer\AppData\Local\Programs\Python\Python312\Lib\site-packages\sklearn\utils\validation.py:2749: UserWarning: X does not have valid feature names, but LinearRegression was fitted with feature names
  warnings.warn(
C:\Users\acer\AppData\Local\Programs\Python\Python312\Lib\site-packages\sklearn\utils\validation.py:2749: UserWarning: X does not have valid feature names, but LinearRegression was fitted with feature names
  warnings.warn(
[06/Apr/2026 19:18:32] "GET /status/marketplaces/ HTTP/1.1" 200 559
C:\Users\acer\AppData\Local\Programs\Python\Python312\Lib\site-packages\sklearn\utils\validation.py:2749: UserWarning: X does not have valid feature names, but LinearRegression was fitted with feature names
  warnings.warn(
C:\Users\acer\AppData\Local\Programs\Python\Python312\Lib\site-packages\sklearn\utils\validation.py:2749: UserWarning: X does not have valid feature names, but LinearRegression was fitted with feature names
  warnings.warn(
[06/Apr/2026 19:18:35] "GET /status/marketplaces/ HTTP/1.1" 200 559
C:\Users\acer\AppData\Local\Programs\Python\Python312\Lib\site-packages\sklearn\utils\validation.py:2749: UserWarning: X does not have valid feature names, but LinearRegression was fitted with feature names
  warnings.warn(
C:\Users\acer\AppData\Local\Programs\Python\Python312\Lib\site-packages\sklearn\utils\validation.py:2749: UserWarning: X does not have valid feature names, but LinearRegression was fitted with feature names
  warnings.warn(
[06/Apr/2026 19:18:38] "GET /status/marketplaces/ HTTP/1.1" 200 559
C:\Users\acer\AppData\Local\Programs\Python\Python312\Lib\site-packages\sklearn\utils\validation.py:2749: UserWarning: X does not have valid feature names, but LinearRegression was fitted with feature names
  warnings.warn(
C:\Users\acer\AppData\Local\Programs\Python\Python312\Lib\site-packages\sklearn\utils\validation.py:2749: UserWarning: X does not have valid feature names, but LinearRegression was fitted with feature names
  warnings.warn(
[06/Apr/2026 19:18:41] "GET /status/marketplaces/ HTTP/1.1" 200 559
C:\Users\acer\AppData\Local\Programs\Python\Python312\Lib\site-packages\sklearn\utils\validation.py:2749: UserWarning: X does not have valid feature names, but LinearRegression was fitted with feature names
  warnings.warn(
[06/Apr/2026 19:18:42] "POST /predict/marketplace/ HTTP/1.1" 201 276
C:\Users\acer\AppData\Local\Programs\Python\Python312\Lib\site-packages\sklearn\utils\validation.py:2749: UserWarning: X does not have valid feature names, but LinearRegression was fitted with feature names
  warnings.warn(
C:\Users\acer\AppData\Local\Programs\Python\Python312\Lib\site-packages\sklearn\utils\validation.py:2749: UserWarning: X does not have valid feature names, but LinearRegression was fitted with feature names
  warnings.warn(
[06/Apr/2026 19:18:42] "GET /status/marketplaces/ HTTP/1.1" 200 559
C:\Users\acer\AppData\Local\Programs\Python\Python312\Lib\site-packages\sklearn\utils\validation.py:2749: UserWarning: X does not have valid feature names, but LinearRegression was fitted with feature names
  warnings.warn(
[06/Apr/2026 19:18:44] "POST /predict/marketplace/ HTTP/1.1" 201 272
C:\Users\acer\AppData\Local\Programs\Python\Python312\Lib\site-packages\sklearn\utils\validation.py:2749: UserWarning: X does not have valid feature names, but LinearRegression was fitted with feature names
  warnings.warn(
C:\Users\acer\AppData\Local\Programs\Python\Python312\Lib\site-packages\sklearn\utils\validation.py:2749: UserWarning: X does not have valid feature names, but LinearRegression was fitted with feature names
  warnings.warn(
[06/Apr/2026 19:18:44] "GET /status/marketplaces/ HTTP/1.1" 200 559
C:\Users\acer\AppData\Local\Programs\Python\Python312\Lib\site-packages\sklearn\utils\validation.py:2749: UserWarning: X does not have valid feature names, but LinearRegression was fitted with feature names
  warnings.warn(
C:\Users\acer\AppData\Local\Programs\Python\Python312\Lib\site-packages\sklearn\utils\validation.py:2749: UserWarning: X does not have valid feature names, but LinearRegression was fitted with feature names
  warnings.warn(
[06/Apr/2026 19:18:44] "GET /status/marketplaces/ HTTP/1.1" 200 559
C:\Users\acer\AppData\Local\Programs\Python\Python312\Lib\site-packages\sklearn\utils\validation.py:2749: UserWarning: X does not have valid feature names, but LinearRegression was fitted with feature names
  warnings.warn(
[06/Apr/2026 19:18:45] "POST /predict/marketplace/ HTTP/1.1" 201 272
C:\Users\acer\AppData\Local\Programs\Python\Python312\Lib\site-packages\sklearn\utils\validation.py:2749: UserWarning: X does not have valid feature names, but LinearRegression was fitted with feature names
  warnings.warn(
C:\Users\acer\AppData\Local\Programs\Python\Python312\Lib\site-packages\sklearn\utils\validation.py:2749: UserWarning: X does not have valid feature names, but LinearRegression was fitted with feature names
  warnings.warn(
[06/Apr/2026 19:18:45] "GET /status/marketplaces/ HTTP/1.1" 200 559
C:\Users\acer\AppData\Local\Programs\Python\Python312\Lib\site-packages\sklearn\utils\validation.py:2749: UserWarning: X does not have valid feature names, but LinearRegression was fitted with feature names
  warnings.warn(
C:\Users\acer\AppData\Local\Programs\Python\Python312\Lib\site-packages\sklearn\utils\validation.py:2749: UserWarning: X does not have valid feature names, but LinearRegression was fitted with feature names
  warnings.warn(
[06/Apr/2026 19:18:47] "GET /status/marketplaces/ HTTP/1.1" 200 559
C:\Users\acer\AppData\Local\Programs\Python\Python312\Lib\site-packages\sklearn\utils\validation.py:2749: UserWarning: X does not have valid feature names, but LinearRegression was fitted with feature names
  warnings.warn(
C:\Users\acer\AppData\Local\Programs\Python\Python312\Lib\site-packages\sklearn\utils\validation.py:2749: UserWarning: X does not have valid feature names, but LinearRegression was fitted with feature names
  warnings.warn(
[06/Apr/2026 19:18:50] "GET /status/marketplaces/ HTTP/1.1" 200 559
C:\Users\acer\AppData\Local\Programs\Python\Python312\Lib\site-packages\sklearn\utils\validation.py:2749: UserWarning: X does not have valid feature names, but LinearRegression was fitted with feature names
  warnings.warn(
C:\Users\acer\AppData\Local\Programs\Python\Python312\Lib\site-packages\sklearn\utils\validation.py:2749: UserWarning: X does not have valid feature names, but LinearRegression was fitted with feature names
  warnings.warn(
[06/Apr/2026 19:18:53] "GET /status/marketplaces/ HTTP/1.1" 200 559
C:\Users\acer\AppData\Local\Programs\Python\Python312\Lib\site-packages\sklearn\utils\validation.py:2749: UserWarning: X does not have valid feature names, but LinearRegression was fitted with feature names
  warnings.warn(
C:\Users\acer\AppData\Local\Programs\Python\Python312\Lib\site-packages\sklearn\utils\validation.py:2749: UserWarning: X does not have valid feature names, but LinearRegression was fitted with feature names
  warnings.warn(
[06/Apr/2026 19:18:56] "GET /status/marketplaces/ HTTP/1.1" 200 559
C:\Users\acer\AppData\Local\Programs\Python\Python312\Lib\site-packages\sklearn\utils\validation.py:2749: UserWarning: X does not have valid feature names, but LinearRegression was fitted with feature names
  warnings.warn(
C:\Users\acer\AppData\Local\Programs\Python\Python312\Lib\site-packages\sklearn\utils\validation.py:2749: UserWarning: X does not have valid feature names, but LinearRegression was fitted with feature names
  warnings.warn(
[06/Apr/2026 19:18:59] "GET /status/marketplaces/ HTTP/1.1" 200 559
C:\Users\acer\AppData\Local\Programs\Python\Python312\Lib\site-packages\sklearn\utils\validation.py:2749: UserWarning: X does not have valid feature names, but LinearRegression was fitted with feature names
  warnings.warn(
C:\Users\acer\AppData\Local\Programs\Python\Python312\Lib\site-packages\sklearn\utils\validation.py:2749: UserWarning: X does not have valid feature names, but LinearRegression was fitted with feature names
  warnings.warn(
[06/Apr/2026 19:19:02] "GET /status/marketplaces/ HTTP/1.1" 200 559
C:\Users\acer\AppData\Local\Programs\Python\Python312\Lib\site-packages\sklearn\utils\validation.py:2749: UserWarning: X does not have valid feature names, but LinearRegression was fitted with feature names
  warnings.warn(
C:\Users\acer\AppData\Local\Programs\Python\Python312\Lib\site-packages\sklearn\utils\validation.py:2749: UserWarning: X does not have valid feature names, but LinearRegression was fitted with feature names
  warnings.warn(
[06/Apr/2026 19:19:05] "GET /status/marketplaces/ HTTP/1.1" 200 559
C:\Users\acer\AppData\Local\Programs\Python\Python312\Lib\site-packages\sklearn\utils\validation.py:2749: UserWarning: X does not have valid feature names, but LinearRegression was fitted with feature names
  warnings.warn(
C:\Users\acer\AppData\Local\Programs\Python\Python312\Lib\site-packages\sklearn\utils\validation.py:2749: UserWarning: X does not have valid feature names, but LinearRegression was fitted with feature names
  warnings.warn(
[06/Apr/2026 19:19:08] "GET /status/marketplaces/ HTTP/1.1" 200 559
C:\Users\acer\AppData\Local\Programs\Python\Python312\Lib\site-packages\sklearn\utils\validation.py:2749: UserWarning: X does not have valid feature names, but LinearRegression was fitted with feature names
  warnings.warn(
C:\Users\acer\AppData\Local\Programs\Python\Python312\Lib\site-packages\sklearn\utils\validation.py:2749: UserWarning: X does not have valid feature names, but LinearRegression was fitted with feature names
  warnings.warn(
[06/Apr/2026 19:19:11] "GET /status/marketplaces/ HTTP/1.1" 200 559
C:\Users\acer\AppData\Local\Programs\Python\Python312\Lib\site-packages\sklearn\utils\validation.py:2749: UserWarning: X does not have valid feature names, but LinearRegression was fitted with feature names
  warnings.warn(
C:\Users\acer\AppData\Local\Programs\Python\Python312\Lib\site-packages\sklearn\utils\validation.py:2749: UserWarning: X does not have valid feature names, but LinearRegression was fitted with feature names
  warnings.warn(
[06/Apr/2026 19:19:14] "GET /status/marketplaces/ HTTP/1.1" 200 559
C:\Users\acer\AppData\Local\Programs\Python\Python312\Lib\site-packages\sklearn\utils\validation.py:2749: UserWarning: X does not have valid feature names, but LinearRegression was fitted with feature names
  warnings.warn(
C:\Users\acer\AppData\Local\Programs\Python\Python312\Lib\site-packages\sklearn\utils\validation.py:2749: UserWarning: X does not have valid feature names, but LinearRegression was fitted with feature names
  warnings.warn(
[06/Apr/2026 19:19:17] "GET /status/marketplaces/ HTTP/1.1" 200 559
C:\Users\acer\AppData\Local\Programs\Python\Python312\Lib\site-packages\sklearn\utils\validation.py:2749: UserWarning: X does not have valid feature names, but LinearRegression was fitted with feature names
  warnings.warn(
[06/Apr/2026 19:19:17] "POST /predict/ HTTP/1.1" 200 52
C:\Users\acer\AppData\Local\Programs\Python\Python312\Lib\site-packages\sklearn\utils\validation.py:2749: UserWarning: X does not have valid feature names, but LinearRegression was fitted with feature names
  warnings.warn(
[06/Apr/2026 19:19:17] "POST /predict/marketplace/ HTTP/1.1" 201 272
C:\Users\acer\AppData\Local\Programs\Python\Python312\Lib\site-packages\sklearn\utils\validation.py:2749: UserWarning: X does not have valid feature names, but LinearRegression was fitted with feature names
  warnings.warn(
[06/Apr/2026 19:19:17] "POST /predict/marketplace/ HTTP/1.1" 201 276
C:\Users\acer\AppData\Local\Programs\Python\Python312\Lib\site-packages\sklearn\utils\validation.py:2749: UserWarning: X does not have valid feature names, but LinearRegression was fitted with feature names
  warnings.warn(
C:\Users\acer\AppData\Local\Programs\Python\Python312\Lib\site-packages\sklearn\utils\validation.py:2749: UserWarning: X does not have valid feature names, but LinearRegression was fitted with feature names
  warnings.warn(
[06/Apr/2026 19:19:17] "GET /status/marketplaces/ HTTP/1.1" 200 559
C:\Users\acer\AppData\Local\Programs\Python\Python312\Lib\site-packages\sklearn\utils\validation.py:2749: UserWarning: X does not have valid feature names, but LinearRegression was fitted with feature names
  warnings.warn(
C:\Users\acer\AppData\Local\Programs\Python\Python312\Lib\site-packages\sklearn\utils\validation.py:2749: UserWarning: X does not have valid feature names, but LinearRegression was fitted with feature names
  warnings.warn(
[06/Apr/2026 19:19:20] "GET /status/marketplaces/ HTTP/1.1" 200 559
C:\Users\acer\AppData\Local\Programs\Python\Python312\Lib\site-packages\sklearn\utils\validation.py:2749: UserWarning: X does not have valid feature names, but LinearRegression was fitted with feature names
  warnings.warn(
C:\Users\acer\AppData\Local\Programs\Python\Python312\Lib\site-packages\sklearn\utils\validation.py:2749: UserWarning: X does not have valid feature names, but LinearRegression was fitted with feature names
  warnings.warn(
[06/Apr/2026 19:19:22] "GET /status/marketplaces/ HTTP/1.1" 200 559
C:\Users\acer\AppData\Local\Programs\Python\Python312\Lib\site-packages\sklearn\utils\validation.py:2749: UserWarning: X does not have valid feature names, but LinearRegression was fitted with feature names
  warnings.warn(
C:\Users\acer\AppData\Local\Programs\Python\Python312\Lib\site-packages\sklearn\utils\validation.py:2749: UserWarning: X does not have valid feature names, but LinearRegression was fitted with feature names
  warnings.warn(
[06/Apr/2026 19:19:23] "GET /status/marketplaces/ HTTP/1.1" 200 559
C:\Users\acer\AppData\Local\Programs\Python\Python312\Lib\site-packages\sklearn\utils\validation.py:2749: UserWarning: X does not have valid feature names, but LinearRegression was fitted with feature names
  warnings.warn(
C:\Users\acer\AppData\Local\Programs\Python\Python312\Lib\site-packages\sklearn\utils\validation.py:2749: UserWarning: X does not have valid feature names, but LinearRegression was fitted with feature names
  warnings.warn(
[06/Apr/2026 19:19:26] "GET /status/marketplaces/ HTTP/1.1" 200 559
C:\Users\acer\AppData\Local\Programs\Python\Python312\Lib\site-packages\sklearn\utils\validation.py:2749: UserWarning: X does not have valid feature names, but LinearRegression was fitted with feature names
  warnings.warn(
C:\Users\acer\AppData\Local\Programs\Python\Python312\Lib\site-packages\sklearn\utils\validation.py:2749: UserWarning: X does not have valid feature names, but LinearRegression was fitted with feature names
  warnings.warn(
[06/Apr/2026 19:19:29] "GET /status/marketplaces/ HTTP/1.1" 200 559
C:\Users\acer\AppData\Local\Programs\Python\Python312\Lib\site-packages\sklearn\utils\validation.py:2749: UserWarning: X does not have valid feature names, but LinearRegression was fitted with feature names
  warnings.warn(
C:\Users\acer\AppData\Local\Programs\Python\Python312\Lib\site-packages\sklearn\utils\validation.py:2749: UserWarning: X does not have valid feature names, but LinearRegression was fitted with feature names
  warnings.warn(
[06/Apr/2026 19:19:32] "GET /status/marketplaces/ HTTP/1.1" 200 559
C:\Users\acer\AppData\Local\Programs\Python\Python312\Lib\site-packages\sklearn\utils\validation.py:2749: UserWarning: X does not have valid feature names, but LinearRegression was fitted with feature names
  warnings.warn(
C:\Users\acer\AppData\Local\Programs\Python\Python312\Lib\site-packages\sklearn\utils\validation.py:2749: UserWarning: X does not have valid feature names, but LinearRegression was fitted with feature names
  warnings.warn(
[06/Apr/2026 19:19:35] "GET /status/marketplaces/ HTTP/1.1" 200 559
C:\Users\acer\AppData\Local\Programs\Python\Python312\Lib\site-packages\sklearn\utils\validation.py:2749: UserWarning: X does not have valid feature names, but LinearRegression was fitted with feature names
  warnings.warn(
C:\Users\acer\AppData\Local\Programs\Python\Python312\Lib\site-packages\sklearn\utils\validation.py:2749: UserWarning: X does not have valid feature names, but LinearRegression was fitted with feature names
  warnings.warn(
[06/Apr/2026 19:19:38] "GET /status/marketplaces/ HTTP/1.1" 200 559
C:\Users\acer\AppData\Local\Programs\Python\Python312\Lib\site-packages\sklearn\utils\validation.py:2749: UserWarning: X does not have valid feature names, but LinearRegression was fitted with feature names
  warnings.warn(
C:\Users\acer\AppData\Local\Programs\Python\Python312\Lib\site-packages\sklearn\utils\validation.py:2749: UserWarning: X does not have valid feature names, but LinearRegression was fitted with feature names
  warnings.warn(
[06/Apr/2026 19:19:41] "GET /status/marketplaces/ HTTP/1.1" 200 559
C:\Users\acer\AppData\Local\Programs\Python\Python312\Lib\site-packages\sklearn\utils\validation.py:2749: UserWarning: X does not have valid feature names, but LinearRegression was fitted with feature names
  warnings.warn(
C:\Users\acer\AppData\Local\Programs\Python\Python312\Lib\site-packages\sklearn\utils\validation.py:2749: UserWarning: X does not have valid feature names, but LinearRegression was fitted with feature names
  warnings.warn(
[06/Apr/2026 19:19:44] "GET /status/marketplaces/ HTTP/1.1" 200 559
C:\Users\acer\AppData\Local\Programs\Python\Python312\Lib\site-packages\sklearn\utils\validation.py:2749: UserWarning: X does not have valid feature names, but LinearRegression was fitted with feature names
  warnings.warn(
C:\Users\acer\AppData\Local\Programs\Python\Python312\Lib\site-packages\sklearn\utils\validation.py:2749: UserWarning: X does not have valid feature names, but LinearRegression was fitted with feature names
  warnings.warn(
[06/Apr/2026 19:19:47] "GET /status/marketplaces/ HTTP/1.1" 200 559
C:\Users\acer\AppData\Local\Programs\Python\Python312\Lib\site-packages\sklearn\utils\validation.py:2749: UserWarning: X does not have valid feature names, but LinearRegression was fitted with feature names
  warnings.warn(
C:\Users\acer\AppData\Local\Programs\Python\Python312\Lib\site-packages\sklearn\utils\validation.py:2749: UserWarning: X does not have valid feature names, but LinearRegression was fitted with feature names
  warnings.warn(
[06/Apr/2026 19:19:50] "GET /status/marketplaces/ HTTP/1.1" 200 559
C:\Users\acer\AppData\Local\Programs\Python\Python312\Lib\site-packages\sklearn\utils\validation.py:2749: UserWarning: X does not have valid feature names, but LinearRegression was fitted with feature names
  warnings.warn(
C:\Users\acer\AppData\Local\Programs\Python\Python312\Lib\site-packages\sklearn\utils\validation.py:2749: UserWarning: X does not have valid feature names, but LinearRegression was fitted with feature names
  warnings.warn(
[06/Apr/2026 19:19:53] "GET /status/marketplaces/ HTTP/1.1" 200 559
C:\Users\acer\AppData\Local\Programs\Python\Python312\Lib\site-packages\sklearn\utils\validation.py:2749: UserWarning: X does not have valid feature names, but LinearRegression was fitted with feature names
  warnings.warn(
C:\Users\acer\AppData\Local\Programs\Python\Python312\Lib\site-packages\sklearn\utils\validation.py:2749: UserWarning: X does not have valid feature names, but LinearRegression was fitted with feature names
  warnings.warn(
[06/Apr/2026 19:19:56] "GET /status/marketplaces/ HTTP/1.1" 200 559
C:\Users\acer\AppData\Local\Programs\Python\Python312\Lib\site-packages\sklearn\utils\validation.py:2749: UserWarning: X does not have valid feature names, but LinearRegression was fitted with feature names
  warnings.warn(
C:\Users\acer\AppData\Local\Programs\Python\Python312\Lib\site-packages\sklearn\utils\validation.py:2749: UserWarning: X does not have valid feature names, but LinearRegression was fitted with feature names
  warnings.warn(
[06/Apr/2026 19:19:59] "GET /status/marketplaces/ HTTP/1.1" 200 559
C:\Users\acer\AppData\Local\Programs\Python\Python312\Lib\site-packages\sklearn\utils\validation.py:2749: UserWarning: X does not have valid feature names, but LinearRegression was fitted with feature names
  warnings.warn(
C:\Users\acer\AppData\Local\Programs\Python\Python312\Lib\site-packages\sklearn\utils\validation.py:2749: UserWarning: X does not have valid feature names, but LinearRegression was fitted with feature names
  warnings.warn(
[06/Apr/2026 19:20:02] "GET /status/marketplaces/ HTTP/1.1" 200 559
C:\Users\acer\AppData\Local\Programs\Python\Python312\Lib\site-packages\sklearn\utils\validation.py:2749: UserWarning: X does not have valid feature names, but LinearRegression was fitted with feature names
  warnings.warn(
C:\Users\acer\AppData\Local\Programs\Python\Python312\Lib\site-packages\sklearn\utils\validation.py:2749: UserWarning: X does not have valid feature names, but LinearRegression was fitted with feature names
  warnings.warn(
[06/Apr/2026 19:20:05] "GET /status/marketplaces/ HTTP/1.1" 200 559
Not Found: /
[06/Apr/2026 19:20:38] "GET / HTTP/1.1" 404 4854
Not Found: /favicon.ico
[06/Apr/2026 19:20:38] "GET /favicon.ico HTTP/1.1" 404 4905
[06/Apr/2026 19:23:33] "GET /health/ HTTP/1.1" 200 56
[06/Apr/2026 19:23:33] "GET /health/ HTTP/1.1" 200 56
[06/Apr/2026 19:23:33] "GET /dataset/ HTTP/1.1" 200 493
[06/Apr/2026 19:25:58] "GET /health/ HTTP/1.1" 200 56
[06/Apr/2026 19:25:58] "GET /health/ HTTP/1.1" 200 56
[06/Apr/2026 19:25:58] "GET /dataset/ HTTP/1.1" 200 493
[06/Apr/2026 19:25:58] "GET /dataset/ HTTP/1.1" 200 493
C:\Users\acer\AppData\Local\Programs\Python\Python312\Lib\site-packages\sklearn\utils\validation.py:2749: UserWarning: X does not have valid feature names, but LinearRegression was fitted with feature names
  warnings.warn(
C:\Users\acer\AppData\Local\Programs\Python\Python312\Lib\site-packages\sklearn\utils\validation.py:2749: UserWarning: X does not have valid feature names, but LinearRegression was fitted with feature names
  warnings.warn(
[06/Apr/2026 19:25:58] "GET /status/marketplaces/ HTTP/1.1" 200 559
C:\Users\acer\AppData\Local\Programs\Python\Python312\Lib\site-packages\sklearn\utils\validation.py:2749: UserWarning: X does not have valid feature names, but LinearRegression was fitted with feature names
  warnings.warn(
C:\Users\acer\AppData\Local\Programs\Python\Python312\Lib\site-packages\sklearn\utils\validation.py:2749: UserWarning: X does not have valid feature names, but LinearRegression was fitted with feature names
  warnings.warn(
[06/Apr/2026 19:25:58] "GET /status/marketplaces/ HTTP/1.1" 200 559
C:\Users\acer\AppData\Local\Programs\Python\Python312\Lib\site-packages\sklearn\utils\validation.py:2749: UserWarning: X does not have valid feature names, but LinearRegression was fitted with feature names
  warnings.warn(
C:\Users\acer\AppData\Local\Programs\Python\Python312\Lib\site-packages\sklearn\utils\validation.py:2749: UserWarning: X does not have valid feature names, but LinearRegression was fitted with feature names
  warnings.warn(
[06/Apr/2026 19:26:01] "GET /status/marketplaces/ HTTP/1.1" 200 559
C:\Users\acer\AppData\Local\Programs\Python\Python312\Lib\site-packages\sklearn\utils\validation.py:2749: UserWarning: X does not have valid feature names, but LinearRegression was fitted with feature names
  warnings.warn(
C:\Users\acer\AppData\Local\Programs\Python\Python312\Lib\site-packages\sklearn\utils\validation.py:2749: UserWarning: X does not have valid feature names, but LinearRegression was fitted with feature names
  warnings.warn(
[06/Apr/2026 19:26:04] "GET /status/marketplaces/ HTTP/1.1" 200 559
C:\Users\acer\AppData\Local\Programs\Python\Python312\Lib\site-packages\sklearn\utils\validation.py:2749: UserWarning: X does not have valid feature names, but LinearRegression was fitted with feature names
  warnings.warn(
C:\Users\acer\AppData\Local\Programs\Python\Python312\Lib\site-packages\sklearn\utils\validation.py:2749: UserWarning: X does not have valid feature names, but LinearRegression was fitted with feature names
  warnings.warn(
[06/Apr/2026 19:26:08] "GET /status/marketplaces/ HTTP/1.1" 200 559
C:\Users\acer\AppData\Local\Programs\Python\Python312\Lib\site-packages\sklearn\utils\validation.py:2749: UserWarning: X does not have valid feature names, but LinearRegression was fitted with feature names
  warnings.warn(
C:\Users\acer\AppData\Local\Programs\Python\Python312\Lib\site-packages\sklearn\utils\validation.py:2749: UserWarning: X does not have valid feature names, but LinearRegression was fitted with feature names
  warnings.warn(
[06/Apr/2026 19:26:11] "GET /status/marketplaces/ HTTP/1.1" 200 559
C:\Users\acer\AppData\Local\Programs\Python\Python312\Lib\site-packages\sklearn\utils\validation.py:2749: UserWarning: X does not have valid feature names, but LinearRegression was fitted with feature names
  warnings.warn(
C:\Users\acer\AppData\Local\Programs\Python\Python312\Lib\site-packages\sklearn\utils\validation.py:2749: UserWarning: X does not have valid feature names, but LinearRegression was fitted with feature names
  warnings.warn(
[06/Apr/2026 19:26:14] "GET /status/marketplaces/ HTTP/1.1" 200 559
C:\Users\acer\AppData\Local\Programs\Python\Python312\Lib\site-packages\sklearn\utils\validation.py:2749: UserWarning: X does not have valid feature names, but LinearRegression was fitted with feature names
  warnings.warn(
C:\Users\acer\AppData\Local\Programs\Python\Python312\Lib\site-packages\sklearn\utils\validation.py:2749: UserWarning: X does not have valid feature names, but LinearRegression was fitted with feature names
  warnings.warn(
[06/Apr/2026 19:26:17] "GET /status/marketplaces/ HTTP/1.1" 200 559
C:\Users\acer\AppData\Local\Programs\Python\Python312\Lib\site-packages\sklearn\utils\validation.py:2749: UserWarning: X does not have valid feature names, but LinearRegression was fitted with feature names
  warnings.warn(
C:\Users\acer\AppData\Local\Programs\Python\Python312\Lib\site-packages\sklearn\utils\validation.py:2749: UserWarning: X does not have valid feature names, but LinearRegression was fitted with feature names
  warnings.warn(
[06/Apr/2026 19:26:20] "GET /status/marketplaces/ HTTP/1.1" 200 559
C:\Users\acer\AppData\Local\Programs\Python\Python312\Lib\site-packages\sklearn\utils\validation.py:2749: UserWarning: X does not have valid feature names, but LinearRegression was fitted with feature names
  warnings.warn(
C:\Users\acer\AppData\Local\Programs\Python\Python312\Lib\site-packages\sklearn\utils\validation.py:2749: UserWarning: X does not have valid feature names, but LinearRegression was fitted with feature names
  warnings.warn(
[06/Apr/2026 19:26:23] "GET /status/marketplaces/ HTTP/1.1" 200 559
[06/Apr/2026 19:26:24] "GET /health/ HTTP/1.1" 200 56
[06/Apr/2026 19:26:24] "GET /health/ HTTP/1.1" 200 56
[06/Apr/2026 19:26:24] "GET /dataset/ HTTP/1.1" 200 493
[06/Apr/2026 19:26:24] "GET /dataset/ HTTP/1.1" 200 493
C:\Users\acer\AppData\Local\Programs\Python\Python312\Lib\site-packages\sklearn\utils\validation.py:2749: UserWarning: X does not have valid feature names, but LinearRegression was fitted with feature names
  warnings.warn(
C:\Users\acer\AppData\Local\Programs\Python\Python312\Lib\site-packages\sklearn\utils\validation.py:2749: UserWarning: X does not have valid feature names, but LinearRegression was fitted with feature names
  warnings.warn(
[06/Apr/2026 19:26:24] "GET /status/marketplaces/ HTTP/1.1" 200 559
C:\Users\acer\AppData\Local\Programs\Python\Python312\Lib\site-packages\sklearn\utils\validation.py:2749: UserWarning: X does not have valid feature names, but LinearRegression was fitted with feature names
  warnings.warn(
C:\Users\acer\AppData\Local\Programs\Python\Python312\Lib\site-packages\sklearn\utils\validation.py:2749: UserWarning: X does not have valid feature names, but LinearRegression was fitted with feature names
  warnings.warn(
[06/Apr/2026 19:26:24] "GET /status/marketplaces/ HTTP/1.1" 200 559
C:\Users\acer\AppData\Local\Programs\Python\Python312\Lib\site-packages\sklearn\utils\validation.py:2749: UserWarning: X does not have valid feature names, but LinearRegression was fitted with feature names
  warnings.warn(
C:\Users\acer\AppData\Local\Programs\Python\Python312\Lib\site-packages\sklearn\utils\validation.py:2749: UserWarning: X does not have valid feature names, but LinearRegression was fitted with feature names
  warnings.warn(
[06/Apr/2026 19:26:26] "GET /status/marketplaces/ HTTP/1.1" 200 559
C:\Users\acer\AppData\Local\Programs\Python\Python312\Lib\site-packages\sklearn\utils\validation.py:2749: UserWarning: X does not have valid feature names, but LinearRegression was fitted with feature names
  warnings.warn(
C:\Users\acer\AppData\Local\Programs\Python\Python312\Lib\site-packages\sklearn\utils\validation.py:2749: UserWarning: X does not have valid feature names, but LinearRegression was fitted with feature names
  warnings.warn(
[06/Apr/2026 19:26:27] "GET /status/marketplaces/ HTTP/1.1" 200 559
[06/Apr/2026 19:26:28] "OPTIONS /predict/ HTTP/1.1" 200 0
C:\Users\acer\AppData\Local\Programs\Python\Python312\Lib\site-packages\sklearn\utils\validation.py:2749: UserWarning: X does not have valid feature names, but LinearRegression was fitted with feature names
  warnings.warn(
[06/Apr/2026 19:26:28] "POST /predict/ HTTP/1.1" 200 52
[06/Apr/2026 19:26:28] "OPTIONS /predict/marketplace/ HTTP/1.1" 200 0
[06/Apr/2026 19:26:28] "OPTIONS /predict/marketplace/ HTTP/1.1" 200 0
C:\Users\acer\AppData\Local\Programs\Python\Python312\Lib\site-packages\sklearn\utils\validation.py:2749: UserWarning: X does not have valid feature names, but LinearRegression was fitted with feature names
  warnings.warn(
[06/Apr/2026 19:26:28] "POST /predict/marketplace/ HTTP/1.1" 201 272
C:\Users\acer\AppData\Local\Programs\Python\Python312\Lib\site-packages\sklearn\utils\validation.py:2749: UserWarning: X does not have valid feature names, but LinearRegression was fitted with feature names
  warnings.warn(
[06/Apr/2026 19:26:29] "POST /predict/marketplace/ HTTP/1.1" 201 276
C:\Users\acer\AppData\Local\Programs\Python\Python312\Lib\site-packages\sklearn\utils\validation.py:2749: UserWarning: X does not have valid feature names, but LinearRegression was fitted with feature names
  warnings.warn(
C:\Users\acer\AppData\Local\Programs\Python\Python312\Lib\site-packages\sklearn\utils\validation.py:2749: UserWarning: X does not have valid feature names, but LinearRegression was fitted with feature names
  warnings.warn(
[06/Apr/2026 19:26:29] "GET /status/marketplaces/ HTTP/1.1" 200 559
C:\Users\acer\AppData\Local\Programs\Python\Python312\Lib\site-packages\sklearn\utils\validation.py:2749: UserWarning: X does not have valid feature names, but LinearRegression was fitted with feature names
  warnings.warn(
C:\Users\acer\AppData\Local\Programs\Python\Python312\Lib\site-packages\sklearn\utils\validation.py:2749: UserWarning: X does not have valid feature names, but LinearRegression was fitted with feature names
  warnings.warn(
[06/Apr/2026 19:26:29] "GET /status/marketplaces/ HTTP/1.1" 200 559
C:\Users\acer\AppData\Local\Programs\Python\Python312\Lib\site-packages\sklearn\utils\validation.py:2749: UserWarning: X does not have valid feature names, but LinearRegression was fitted with feature names
  warnings.warn(
C:\Users\acer\AppData\Local\Programs\Python\Python312\Lib\site-packages\sklearn\utils\validation.py:2749: UserWarning: X does not have valid feature names, but LinearRegression was fitted with feature names
  warnings.warn(
[06/Apr/2026 19:26:30] "GET /status/marketplaces/ HTTP/1.1" 200 559
C:\Users\acer\AppData\Local\Programs\Python\Python312\Lib\site-packages\sklearn\utils\validation.py:2749: UserWarning: X does not have valid feature names, but LinearRegression was fitted with feature names
  warnings.warn(
C:\Users\acer\AppData\Local\Programs\Python\Python312\Lib\site-packages\sklearn\utils\validation.py:2749: UserWarning: X does not have valid feature names, but LinearRegression was fitted with feature names
  warnings.warn(
[06/Apr/2026 19:26:32] "GET /status/marketplaces/ HTTP/1.1" 200 559
C:\Users\acer\AppData\Local\Programs\Python\Python312\Lib\site-packages\sklearn\utils\validation.py:2749: UserWarning: X does not have valid feature names, but LinearRegression was fitted with feature names
  warnings.warn(
C:\Users\acer\AppData\Local\Programs\Python\Python312\Lib\site-packages\sklearn\utils\validation.py:2749: UserWarning: X does not have valid feature names, but LinearRegression was fitted with feature names
  warnings.warn(
[06/Apr/2026 19:26:34] "GET /status/marketplaces/ HTTP/1.1" 200 559
C:\Users\acer\AppData\Local\Programs\Python\Python312\Lib\site-packages\sklearn\utils\validation.py:2749: UserWarning: X does not have valid feature names, but LinearRegression was fitted with feature names
  warnings.warn(
C:\Users\acer\AppData\Local\Programs\Python\Python312\Lib\site-packages\sklearn\utils\validation.py:2749: UserWarning: X does not have valid feature names, but LinearRegression was fitted with feature names
  warnings.warn(
[06/Apr/2026 19:26:38] "GET /status/marketplaces/ HTTP/1.1" 200 559
C:\Users\acer\AppData\Local\Programs\Python\Python312\Lib\site-packages\sklearn\utils\validation.py:2749: UserWarning: X does not have valid feature names, but LinearRegression was fitted with feature names
  warnings.warn(
C:\Users\acer\AppData\Local\Programs\Python\Python312\Lib\site-packages\sklearn\utils\validation.py:2749: UserWarning: X does not have valid feature names, but LinearRegression was fitted with feature names
  warnings.warn(
[06/Apr/2026 19:26:41] "GET /status/marketplaces/ HTTP/1.1" 200 559
C:\Users\acer\AppData\Local\Programs\Python\Python312\Lib\site-packages\sklearn\utils\validation.py:2749: UserWarning: X does not have valid feature names, but LinearRegression was fitted with feature names
  warnings.warn(
C:\Users\acer\AppData\Local\Programs\Python\Python312\Lib\site-packages\sklearn\utils\validation.py:2749: UserWarning: X does not have valid feature names, but LinearRegression was fitted with feature names
  warnings.warn(
[06/Apr/2026 19:26:44] "GET /status/marketplaces/ HTTP/1.1" 200 559
C:\Users\acer\AppData\Local\Programs\Python\Python312\Lib\site-packages\sklearn\utils\validation.py:2749: UserWarning: X does not have valid feature names, but LinearRegression was fitted with feature names
  warnings.warn(
C:\Users\acer\AppData\Local\Programs\Python\Python312\Lib\site-packages\sklearn\utils\validation.py:2749: UserWarning: X does not have valid feature names, but LinearRegression was fitted with feature names
  warnings.warn(
[06/Apr/2026 19:26:47] "GET /status/marketplaces/ HTTP/1.1" 200 559
C:\Users\acer\AppData\Local\Programs\Python\Python312\Lib\site-packages\sklearn\utils\validation.py:2749: UserWarning: X does not have valid feature names, but LinearRegression was fitted with feature names
  warnings.warn(
C:\Users\acer\AppData\Local\Programs\Python\Python312\Lib\site-packages\sklearn\utils\validation.py:2749: UserWarning: X does not have valid feature names, but LinearRegression was fitted with feature names
  warnings.warn(
[06/Apr/2026 19:26:50] "GET /status/marketplaces/ HTTP/1.1" 200 559
C:\Users\acer\AppData\Local\Programs\Python\Python312\Lib\site-packages\sklearn\utils\validation.py:2749: UserWarning: X does not have valid feature names, but LinearRegression was fitted with feature names
  warnings.warn(
C:\Users\acer\AppData\Local\Programs\Python\Python312\Lib\site-packages\sklearn\utils\validation.py:2749: UserWarning: X does not have valid feature names, but LinearRegression was fitted with feature names
  warnings.warn(
[06/Apr/2026 19:26:53] "GET /status/marketplaces/ HTTP/1.1" 200 559
C:\Users\acer\AppData\Local\Programs\Python\Python312\Lib\site-packages\sklearn\utils\validation.py:2749: UserWarning: X does not have valid feature names, but LinearRegression was fitted with feature names
  warnings.warn(
C:\Users\acer\AppData\Local\Programs\Python\Python312\Lib\site-packages\sklearn\utils\validation.py:2749: UserWarning: X does not have valid feature names, but LinearRegression was fitted with feature names
  warnings.warn(
[06/Apr/2026 19:26:56] "GET /status/marketplaces/ HTTP/1.1" 200 559
C:\Users\acer\AppData\Local\Programs\Python\Python312\Lib\site-packages\sklearn\utils\validation.py:2749: UserWarning: X does not have valid feature names, but LinearRegression was fitted with feature names
  warnings.warn(
C:\Users\acer\AppData\Local\Programs\Python\Python312\Lib\site-packages\sklearn\utils\validation.py:2749: UserWarning: X does not have valid feature names, but LinearRegression was fitted with feature names
  warnings.warn(
[06/Apr/2026 19:26:59] "GET /status/marketplaces/ HTTP/1.1" 200 559
C:\Users\acer\AppData\Local\Programs\Python\Python312\Lib\site-packages\sklearn\utils\validation.py:2749: UserWarning: X does not have valid feature names, but LinearRegression was fitted with feature names
  warnings.warn(
C:\Users\acer\AppData\Local\Programs\Python\Python312\Lib\site-packages\sklearn\utils\validation.py:2749: UserWarning: X does not have valid feature names, but LinearRegression was fitted with feature names
  warnings.warn(
[06/Apr/2026 19:27:02] "GET /status/marketplaces/ HTTP/1.1" 200 559
C:\Users\acer\AppData\Local\Programs\Python\Python312\Lib\site-packages\sklearn\utils\validation.py:2749: UserWarning: X does not have valid feature names, but LinearRegression was fitted with feature names
  warnings.warn(
C:\Users\acer\AppData\Local\Programs\Python\Python312\Lib\site-packages\sklearn\utils\validation.py:2749: UserWarning: X does not have valid feature names, but LinearRegression was fitted with feature names
  warnings.warn(
[06/Apr/2026 19:27:05] "GET /status/marketplaces/ HTTP/1.1" 200 559
C:\Users\acer\AppData\Local\Programs\Python\Python312\Lib\site-packages\sklearn\utils\validation.py:2749: UserWarning: X does not have valid feature names, but LinearRegression was fitted with feature names
  warnings.warn(
C:\Users\acer\AppData\Local\Programs\Python\Python312\Lib\site-packages\sklearn\utils\validation.py:2749: UserWarning: X does not have valid feature names, but LinearRegression was fitted with feature names
  warnings.warn(
[06/Apr/2026 19:27:08] "GET /status/marketplaces/ HTTP/1.1" 200 559
C:\Users\acer\AppData\Local\Programs\Python\Python312\Lib\site-packages\sklearn\utils\validation.py:2749: UserWarning: X does not have valid feature names, but LinearRegression was fitted with feature names
  warnings.warn(
C:\Users\acer\AppData\Local\Programs\Python\Python312\Lib\site-packages\sklearn\utils\validation.py:2749: UserWarning: X does not have valid feature names, but LinearRegression was fitted with feature names
  warnings.warn(
[06/Apr/2026 19:27:11] "GET /status/marketplaces/ HTTP/1.1" 200 559
C:\Users\acer\AppData\Local\Programs\Python\Python312\Lib\site-packages\sklearn\utils\validation.py:2749: UserWarning: X does not have valid feature names, but LinearRegression was fitted with feature names
  warnings.warn(
C:\Users\acer\AppData\Local\Programs\Python\Python312\Lib\site-packages\sklearn\utils\validation.py:2749: UserWarning: X does not have valid feature names, but LinearRegression was fitted with feature names
  warnings.warn(
[06/Apr/2026 19:27:14] "GET /status/marketplaces/ HTTP/1.1" 200 559
C:\Users\acer\AppData\Local\Programs\Python\Python312\Lib\site-packages\sklearn\utils\validation.py:2749: UserWarning: X does not have valid feature names, but LinearRegression was fitted with feature names
  warnings.warn(
C:\Users\acer\AppData\Local\Programs\Python\Python312\Lib\site-packages\sklearn\utils\validation.py:2749: UserWarning: X does not have valid feature names, but LinearRegression was fitted with feature names
  warnings.warn(
[06/Apr/2026 19:27:17] "GET /status/marketplaces/ HTTP/1.1" 200 559
C:\Users\acer\AppData\Local\Programs\Python\Python312\Lib\site-packages\sklearn\utils\validation.py:2749: UserWarning: X does not have valid feature names, but LinearRegression was fitted with feature names
  warnings.warn(
C:\Users\acer\AppData\Local\Programs\Python\Python312\Lib\site-packages\sklearn\utils\validation.py:2749: UserWarning: X does not have valid feature names, but LinearRegression was fitted with feature names
  warnings.warn(
[06/Apr/2026 19:27:20] "GET /status/marketplaces/ HTTP/1.1" 200 559
C:\Users\acer\AppData\Local\Programs\Python\Python312\Lib\site-packages\sklearn\utils\validation.py:2749: UserWarning: X does not have valid feature names, but LinearRegression was fitted with feature names
  warnings.warn(
C:\Users\acer\AppData\Local\Programs\Python\Python312\Lib\site-packages\sklearn\utils\validation.py:2749: UserWarning: X does not have valid feature names, but LinearRegression was fitted with feature names
  warnings.warn(
[06/Apr/2026 19:27:23] "GET /status/marketplaces/ HTTP/1.1" 200 559
C:\Users\acer\AppData\Local\Programs\Python\Python312\Lib\site-packages\sklearn\utils\validation.py:2749: UserWarning: X does not have valid feature names, but LinearRegression was fitted with feature names
  warnings.warn(
C:\Users\acer\AppData\Local\Programs\Python\Python312\Lib\site-packages\sklearn\utils\validation.py:2749: UserWarning: X does not have valid feature names, but LinearRegression was fitted with feature names
  warnings.warn(
[06/Apr/2026 19:27:26] "GET /status/marketplaces/ HTTP/1.1" 200 559
C:\Users\acer\AppData\Local\Programs\Python\Python312\Lib\site-packages\sklearn\utils\validation.py:2749: UserWarning: X does not have valid feature names, but LinearRegression was fitted with feature names
  warnings.warn(
C:\Users\acer\AppData\Local\Programs\Python\Python312\Lib\site-packages\sklearn\utils\validation.py:2749: UserWarning: X does not have valid feature names, but LinearRegression was fitted with feature names
  warnings.warn(
[06/Apr/2026 19:27:29] "GET /status/marketplaces/ HTTP/1.1" 200 559
C:\Users\acer\AppData\Local\Programs\Python\Python312\Lib\site-packages\sklearn\utils\validation.py:2749: UserWarning: X does not have valid feature names, but LinearRegression was fitted with feature names
  warnings.warn(
C:\Users\acer\AppData\Local\Programs\Python\Python312\Lib\site-packages\sklearn\utils\validation.py:2749: UserWarning: X does not have valid feature names, but LinearRegression was fitted with feature names
  warnings.warn(
[06/Apr/2026 19:27:32] "GET /status/marketplaces/ HTTP/1.1" 200 559
C:\Users\acer\AppData\Local\Programs\Python\Python312\Lib\site-packages\sklearn\utils\validation.py:2749: UserWarning: X does not have valid feature names, but LinearRegression was fitted with feature names
  warnings.warn(
C:\Users\acer\AppData\Local\Programs\Python\Python312\Lib\site-packages\sklearn\utils\validation.py:2749: UserWarning: X does not have valid feature names, but LinearRegression was fitted with feature names
  warnings.warn(
[06/Apr/2026 19:27:35] "GET /status/marketplaces/ HTTP/1.1" 200 559
C:\Users\acer\AppData\Local\Programs\Python\Python312\Lib\site-packages\sklearn\utils\validation.py:2749: UserWarning: X does not have valid feature names, but LinearRegression was fitted with feature names
  warnings.warn(
C:\Users\acer\AppData\Local\Programs\Python\Python312\Lib\site-packages\sklearn\utils\validation.py:2749: UserWarning: X does not have valid feature names, but LinearRegression was fitted with feature names
  warnings.warn(
[06/Apr/2026 19:28:22] "GET /status/marketplaces/ HTTP/1.1" 200 559
C:\Users\acer\AppData\Local\Programs\Python\Python312\Lib\site-packages\sklearn\utils\validation.py:2749: UserWarning: X does not have valid feature names, but LinearRegression was fitted with feature names
  warnings.warn(
C:\Users\acer\AppData\Local\Programs\Python\Python312\Lib\site-packages\sklearn\utils\validation.py:2749: UserWarning: X does not have valid feature names, but LinearRegression was fitted with feature names
  warnings.warn(
[06/Apr/2026 19:29:22] "GET /status/marketplaces/ HTTP/1.1" 200 559
C:\Users\acer\AppData\Local\Programs\Python\Python312\Lib\site-packages\sklearn\utils\validation.py:2749: UserWarning: X does not have valid feature names, but LinearRegression was fitted with feature names
  warnings.warn(
C:\Users\acer\AppData\Local\Programs\Python\Python312\Lib\site-packages\sklearn\utils\validation.py:2749: UserWarning: X does not have valid feature names, but LinearRegression was fitted with feature names
  warnings.warn(
[06/Apr/2026 19:30:22] "GET /status/marketplaces/ HTTP/1.1" 200 559
C:\Users\acer\AppData\Local\Programs\Python\Python312\Lib\site-packages\sklearn\utils\validation.py:2749: UserWarning: X does not have valid feature names, but LinearRegression was fitted with feature names
  warnings.warn(
C:\Users\acer\AppData\Local\Programs\Python\Python312\Lib\site-packages\sklearn\utils\validation.py:2749: UserWarning: X does not have valid feature names, but LinearRegression was fitted with feature names
  warnings.warn(
[06/Apr/2026 19:31:22] "GET /status/marketplaces/ HTTP/1.1" 200 559
