[07/Apr/2026 11:40:34] "GET /status/marketplaces/ HTTP/1.1" 200 77
[07/Apr/2026 11:40:34] "GET /status/marketplaces/ HTTP/1.1" 200 77
[07/Apr/2026 11:40:34,990] - Broken pipe from ('127.0.0.1', 58799)
[07/Apr/2026 11:40:34,996] - Broken pipe from ('127.0.0.1', 57415)
[07/Apr/2026 11:40:34,996] - Broken pipe from ('127.0.0.1', 58475)
[07/Apr/2026 11:40:35] "GET /status/marketplaces/ HTTP/1.1" 200 77
[07/Apr/2026 11:40:38] "GET /status/marketplaces/ HTTP/1.1" 200 77
[07/Apr/2026 11:40:41] "GET /status/marketplaces/ HTTP/1.1" 200 77
[07/Apr/2026 11:40:44] "GET /status/marketplaces/ HTTP/1.1" 200 77
[07/Apr/2026 11:40:47] "GET /status/marketplaces/ HTTP/1.1" 200 77
[07/Apr/2026 11:40:50] "GET /status/marketplaces/ HTTP/1.1" 200 77
[07/Apr/2026 11:40:53] "GET /status/marketplaces/ HTTP/1.1" 200 77
[07/Apr/2026 11:40:56] "GET /status/marketplaces/ HTTP/1.1" 200 77
[07/Apr/2026 11:40:59] "GET /status/marketplaces/ HTTP/1.1" 200 77
[07/Apr/2026 11:41:00] "GET /health/ HTTP/1.1" 200 56
[07/Apr/2026 11:41:00] "GET /status/marketplaces/ HTTP/1.1" 200 77
[07/Apr/2026 11:41:00,247] - Broken pipe from ('127.0.0.1', 52663)
[07/Apr/2026 11:41:00,269] - Broken pipe from ('127.0.0.1', 52664)
[07/Apr/2026 11:41:02] "GET /status/marketplaces/ HTTP/1.1" 200 77
[07/Apr/2026 11:41:05] "GET /status/marketplaces/ HTTP/1.1" 200 77
[07/Apr/2026 11:41:08] "GET /status/marketplaces/ HTTP/1.1" 200 77
[07/Apr/2026 11:41:11] "GET /status/marketplaces/ HTTP/1.1" 200 77
[07/Apr/2026 11:41:14] "GET /status/marketplaces/ HTTP/1.1" 200 77
[07/Apr/2026 11:41:17] "GET /status/marketplaces/ HTTP/1.1" 200 77
[07/Apr/2026 11:41:20] "GET /status/marketplaces/ HTTP/1.1" 200 77
[07/Apr/2026 11:41:20] "OPTIONS /predict/ HTTP/1.1" 200 0
C:\Users\acer\AppData\Local\Programs\Python\Python312\Lib\site-packages\sklearn\utils\validation.py:2749: UserWarning: X does not have valid feature names, but LinearRegression was fitted with feature names
  warnings.warn(
[07/Apr/2026 11:41:20] "POST /predict/ HTTP/1.1" 200 137
[07/Apr/2026 11:41:20] "OPTIONS /predict/marketplace/ HTTP/1.1" 200 0
[07/Apr/2026 11:41:20] "OPTIONS /predict/marketplace/ HTTP/1.1" 200 0
C:\Users\acer\AppData\Local\Programs\Python\Python312\Lib\site-packages\sklearn\utils\validation.py:2749: UserWarning: X does not have valid feature names, but LinearRegression was fitted with feature names
  warnings.warn(
[07/Apr/2026 11:41:20] "POST /predict/marketplace/ HTTP/1.1" 201 316
C:\Users\acer\AppData\Local\Programs\Python\Python312\Lib\site-packages\sklearn\utils\validation.py:2749: UserWarning: X does not have valid feature names, but LinearRegression was fitted with feature names
  warnings.warn(
[07/Apr/2026 11:41:20] "POST /predict/marketplace/ HTTP/1.1" 201 320
C:\Users\acer\AppData\Local\Programs\Python\Python312\Lib\site-packages\sklearn\utils\validation.py:2749: UserWarning: X does not have valid feature names, but LinearRegression was fitted with feature names
  warnings.warn(
C:\Users\acer\AppData\Local\Programs\Python\Python312\Lib\site-packages\sklearn\utils\validation.py:2749: UserWarning: X does not have valid feature names, but LinearRegression was fitted with feature names
  warnings.warn(
[07/Apr/2026 11:41:20] "GET /status/marketplaces/ HTTP/1.1" 200 639
C:\Users\acer\AppData\Local\Programs\Python\Python312\Lib\site-packages\sklearn\utils\validation.py:2749: UserWarning: X does not have valid feature names, but LinearRegression was fitted with feature names
  warnings.warn(
[07/Apr/2026 11:41:22] "POST /predict/ HTTP/1.1" 200 137
C:\Users\acer\AppData\Local\Programs\Python\Python312\Lib\site-packages\sklearn\utils\validation.py:2749: UserWarning: X does not have valid feature names, but LinearRegression was fitted with feature names
  warnings.warn(
[07/Apr/2026 11:41:22] "POST /predict/marketplace/ HTTP/1.1" 201 320
C:\Users\acer\AppData\Local\Programs\Python\Python312\Lib\site-packages\sklearn\utils\validation.py:2749: UserWarning: X does not have valid feature names, but LinearRegression was fitted with feature names
  warnings.warn(
[07/Apr/2026 11:41:22] "POST /predict/marketplace/ HTTP/1.1" 201 316
C:\Users\acer\AppData\Local\Programs\Python\Python312\Lib\site-packages\sklearn\utils\validation.py:2749: UserWarning: X does not have valid feature names, but LinearRegression was fitted with feature names
  warnings.warn(
C:\Users\acer\AppData\Local\Programs\Python\Python312\Lib\site-packages\sklearn\utils\validation.py:2749: UserWarning: X does not have valid feature names, but LinearRegression was fitted with feature names
  warnings.warn(
[07/Apr/2026 11:41:22] "GET /status/marketplaces/ HTTP/1.1" 200 639
C:\Users\acer\AppData\Local\Programs\Python\Python312\Lib\site-packages\sklearn\utils\validation.py:2749: UserWarning: X does not have valid feature names, but LinearRegression was fitted with feature names
  warnings.warn(
C:\Users\acer\AppData\Local\Programs\Python\Python312\Lib\site-packages\sklearn\utils\validation.py:2749: UserWarning: X does not have valid feature names, but LinearRegression was fitted with feature names
  warnings.warn(
[07/Apr/2026 11:41:23] "GET /status/marketplaces/ HTTP/1.1" 200 639
C:\Users\acer\AppData\Local\Programs\Python\Python312\Lib\site-packages\sklearn\utils\validation.py:2749: UserWarning: X does not have valid feature names, but LinearRegression was fitted with feature names
  warnings.warn(
C:\Users\acer\AppData\Local\Programs\Python\Python312\Lib\site-packages\sklearn\utils\validation.py:2749: UserWarning: X does not have valid feature names, but LinearRegression was fitted with feature names
  warnings.warn(
[07/Apr/2026 11:41:26] "GET /status/marketplaces/ HTTP/1.1" 200 639
C:\Users\acer\AppData\Local\Programs\Python\Python312\Lib\site-packages\sklearn\utils\validation.py:2749: UserWarning: X does not have valid feature names, but LinearRegression was fitted with feature names
  warnings.warn(
C:\Users\acer\AppData\Local\Programs\Python\Python312\Lib\site-packages\sklearn\utils\validation.py:2749: UserWarning: X does not have valid feature names, but LinearRegression was fitted with feature names
  warnings.warn(
[07/Apr/2026 11:41:29] "GET /status/marketplaces/ HTTP/1.1" 200 639
C:\Users\acer\AppData\Local\Programs\Python\Python312\Lib\site-packages\sklearn\utils\validation.py:2749: UserWarning: X does not have valid feature names, but LinearRegression was fitted with feature names
  warnings.warn(
C:\Users\acer\AppData\Local\Programs\Python\Python312\Lib\site-packages\sklearn\utils\validation.py:2749: UserWarning: X does not have valid feature names, but LinearRegression was fitted with feature names
  warnings.warn(
[07/Apr/2026 11:41:32] "GET /status/marketplaces/ HTTP/1.1" 200 639
C:\Users\acer\AppData\Local\Programs\Python\Python312\Lib\site-packages\sklearn\utils\validation.py:2749: UserWarning: X does not have valid feature names, but LinearRegression was fitted with feature names
  warnings.warn(
C:\Users\acer\AppData\Local\Programs\Python\Python312\Lib\site-packages\sklearn\utils\validation.py:2749: UserWarning: X does not have valid feature names, but LinearRegression was fitted with feature names
  warnings.warn(
[07/Apr/2026 11:41:35] "GET /status/marketplaces/ HTTP/1.1" 200 639
C:\Users\acer\AppData\Local\Programs\Python\Python312\Lib\site-packages\sklearn\utils\validation.py:2749: UserWarning: X does not have valid feature names, but LinearRegression was fitted with feature names
  warnings.warn(
[07/Apr/2026 11:41:35] "POST /predict/ HTTP/1.1" 200 137
C:\Users\acer\AppData\Local\Programs\Python\Python312\Lib\site-packages\sklearn\utils\validation.py:2749: UserWarning: X does not have valid feature names, but LinearRegression was fitted with feature names
  warnings.warn(
[07/Apr/2026 11:41:35] "POST /predict/marketplace/ HTTP/1.1" 201 316
C:\Users\acer\AppData\Local\Programs\Python\Python312\Lib\site-packages\sklearn\utils\validation.py:2749: UserWarning: X does not have valid feature names, but LinearRegression was fitted with feature names
  warnings.warn(
[07/Apr/2026 11:41:35] "POST /predict/marketplace/ HTTP/1.1" 201 320
C:\Users\acer\AppData\Local\Programs\Python\Python312\Lib\site-packages\sklearn\utils\validation.py:2749: UserWarning: X does not have valid feature names, but LinearRegression was fitted with feature names
  warnings.warn(
C:\Users\acer\AppData\Local\Programs\Python\Python312\Lib\site-packages\sklearn\utils\validation.py:2749: UserWarning: X does not have valid feature names, but LinearRegression was fitted with feature names
  warnings.warn(
[07/Apr/2026 11:41:35] "GET /status/marketplaces/ HTTP/1.1" 200 639
C:\Users\acer\AppData\Local\Programs\Python\Python312\Lib\site-packages\sklearn\utils\validation.py:2749: UserWarning: X does not have valid feature names, but LinearRegression was fitted with feature names
  warnings.warn(
C:\Users\acer\AppData\Local\Programs\Python\Python312\Lib\site-packages\sklearn\utils\validation.py:2749: UserWarning: X does not have valid feature names, but LinearRegression was fitted with feature names
  warnings.warn(
[07/Apr/2026 11:41:38] "GET /status/marketplaces/ HTTP/1.1" 200 639
C:\Users\acer\AppData\Local\Programs\Python\Python312\Lib\site-packages\sklearn\utils\validation.py:2749: UserWarning: X does not have valid feature names, but LinearRegression was fitted with feature names
  warnings.warn(
[07/Apr/2026 11:41:38] "POST /predict/ HTTP/1.1" 200 136
C:\Users\acer\AppData\Local\Programs\Python\Python312\Lib\site-packages\sklearn\utils\validation.py:2749: UserWarning: X does not have valid feature names, but LinearRegression was fitted with feature names
  warnings.warn(
C:\Users\acer\AppData\Local\Programs\Python\Python312\Lib\site-packages\sklearn\utils\validation.py:2749: UserWarning: X does not have valid feature names, but LinearRegression was fitted with feature names
  warnings.warn(
[07/Apr/2026 11:41:39] "POST /predict/marketplace/ HTTP/1.1" 201 315
[07/Apr/2026 11:41:39] "POST /predict/marketplace/ HTTP/1.1" 201 319
C:\Users\acer\AppData\Local\Programs\Python\Python312\Lib\site-packages\sklearn\utils\validation.py:2749: UserWarning: X does not have valid feature names, but LinearRegression was fitted with feature names
  warnings.warn(
C:\Users\acer\AppData\Local\Programs\Python\Python312\Lib\site-packages\sklearn\utils\validation.py:2749: UserWarning: X does not have valid feature names, but LinearRegression was fitted with feature names
  warnings.warn(
[07/Apr/2026 11:41:39] "GET /status/marketplaces/ HTTP/1.1" 200 633
C:\Users\acer\AppData\Local\Programs\Python\Python312\Lib\site-packages\sklearn\utils\validation.py:2749: UserWarning: X does not have valid feature names, but LinearRegression was fitted with feature names
  warnings.warn(
C:\Users\acer\AppData\Local\Programs\Python\Python312\Lib\site-packages\sklearn\utils\validation.py:2749: UserWarning: X does not have valid feature names, but LinearRegression was fitted with feature names
  warnings.warn(
[07/Apr/2026 11:41:41] "GET /status/marketplaces/ HTTP/1.1" 200 633
C:\Users\acer\AppData\Local\Programs\Python\Python312\Lib\site-packages\sklearn\utils\validation.py:2749: UserWarning: X does not have valid feature names, but LinearRegression was fitted with feature names
  warnings.warn(
C:\Users\acer\AppData\Local\Programs\Python\Python312\Lib\site-packages\sklearn\utils\validation.py:2749: UserWarning: X does not have valid feature names, but LinearRegression was fitted with feature names
  warnings.warn(
[07/Apr/2026 11:41:44] "GET /status/marketplaces/ HTTP/1.1" 200 633
C:\Users\acer\AppData\Local\Programs\Python\Python312\Lib\site-packages\sklearn\utils\validation.py:2749: UserWarning: X does not have valid feature names, but LinearRegression was fitted with feature names
  warnings.warn(
C:\Users\acer\AppData\Local\Programs\Python\Python312\Lib\site-packages\sklearn\utils\validation.py:2749: UserWarning: X does not have valid feature names, but LinearRegression was fitted with feature names
  warnings.warn(
[07/Apr/2026 11:41:47] "GET /status/marketplaces/ HTTP/1.1" 200 633
C:\Users\acer\AppData\Local\Programs\Python\Python312\Lib\site-packages\sklearn\utils\validation.py:2749: UserWarning: X does not have valid feature names, but LinearRegression was fitted with feature names
  warnings.warn(
C:\Users\acer\AppData\Local\Programs\Python\Python312\Lib\site-packages\sklearn\utils\validation.py:2749: UserWarning: X does not have valid feature names, but LinearRegression was fitted with feature names
  warnings.warn(
[07/Apr/2026 11:41:50] "GET /status/marketplaces/ HTTP/1.1" 200 633
C:\Users\acer\AppData\Local\Programs\Python\Python312\Lib\site-packages\sklearn\utils\validation.py:2749: UserWarning: X does not have valid feature names, but LinearRegression was fitted with feature names
  warnings.warn(
C:\Users\acer\AppData\Local\Programs\Python\Python312\Lib\site-packages\sklearn\utils\validation.py:2749: UserWarning: X does not have valid feature names, but LinearRegression was fitted with feature names
  warnings.warn(
[07/Apr/2026 11:41:53] "GET /status/marketplaces/ HTTP/1.1" 200 633
C:\Users\acer\AppData\Local\Programs\Python\Python312\Lib\site-packages\sklearn\utils\validation.py:2749: UserWarning: X does not have valid feature names, but LinearRegression was fitted with feature names
  warnings.warn(
C:\Users\acer\AppData\Local\Programs\Python\Python312\Lib\site-packages\sklearn\utils\validation.py:2749: UserWarning: X does not have valid feature names, but LinearRegression was fitted with feature names
  warnings.warn(
[07/Apr/2026 11:41:56] "GET /status/marketplaces/ HTTP/1.1" 200 633
C:\Users\acer\AppData\Local\Programs\Python\Python312\Lib\site-packages\sklearn\utils\validation.py:2749: UserWarning: X does not have valid feature names, but LinearRegression was fitted with feature names
  warnings.warn(
C:\Users\acer\AppData\Local\Programs\Python\Python312\Lib\site-packages\sklearn\utils\validation.py:2749: UserWarning: X does not have valid feature names, but LinearRegression was fitted with feature names
  warnings.warn(
[07/Apr/2026 11:41:59] "GET /status/marketplaces/ HTTP/1.1" 200 633
C:\Users\acer\AppData\Local\Programs\Python\Python312\Lib\site-packages\sklearn\utils\validation.py:2749: UserWarning: X does not have valid feature names, but LinearRegression was fitted with feature names
  warnings.warn(
C:\Users\acer\AppData\Local\Programs\Python\Python312\Lib\site-packages\sklearn\utils\validation.py:2749: UserWarning: X does not have valid feature names, but LinearRegression was fitted with feature names
  warnings.warn(
[07/Apr/2026 11:42:02] "GET /status/marketplaces/ HTTP/1.1" 200 633
C:\Users\acer\AppData\Local\Programs\Python\Python312\Lib\site-packages\sklearn\utils\validation.py:2749: UserWarning: X does not have valid feature names, but LinearRegression was fitted with feature names
  warnings.warn(
C:\Users\acer\AppData\Local\Programs\Python\Python312\Lib\site-packages\sklearn\utils\validation.py:2749: UserWarning: X does not have valid feature names, but LinearRegression was fitted with feature names
  warnings.warn(
[07/Apr/2026 11:42:05] "GET /status/marketplaces/ HTTP/1.1" 200 633
C:\Users\acer\AppData\Local\Programs\Python\Python312\Lib\site-packages\sklearn\utils\validation.py:2749: UserWarning: X does not have valid feature names, but LinearRegression was fitted with feature names
  warnings.warn(
C:\Users\acer\AppData\Local\Programs\Python\Python312\Lib\site-packages\sklearn\utils\validation.py:2749: UserWarning: X does not have valid feature names, but LinearRegression was fitted with feature names
  warnings.warn(
[07/Apr/2026 11:42:08] "GET /status/marketplaces/ HTTP/1.1" 200 633
C:\Users\acer\AppData\Local\Programs\Python\Python312\Lib\site-packages\sklearn\utils\validation.py:2749: UserWarning: X does not have valid feature names, but LinearRegression was fitted with feature names
  warnings.warn(
C:\Users\acer\AppData\Local\Programs\Python\Python312\Lib\site-packages\sklearn\utils\validation.py:2749: UserWarning: X does not have valid feature names, but LinearRegression was fitted with feature names
  warnings.warn(
[07/Apr/2026 11:42:11] "GET /status/marketplaces/ HTTP/1.1" 200 633
[07/Apr/2026 11:42:13] "GET /health/ HTTP/1.1" 200 56
[07/Apr/2026 11:42:13] "GET /health/ HTTP/1.1" 200 56
[07/Apr/2026 11:42:13] "GET /dataset/ HTTP/1.1" 200 556
[07/Apr/2026 11:42:13] "GET /dataset/ HTTP/1.1" 200 556
C:\Users\acer\AppData\Local\Programs\Python\Python312\Lib\site-packages\sklearn\utils\validation.py:2749: UserWarning: X does not have valid feature names, but LinearRegression was fitted with feature names
  warnings.warn(
C:\Users\acer\AppData\Local\Programs\Python\Python312\Lib\site-packages\sklearn\utils\validation.py:2749: UserWarning: X does not have valid feature names, but LinearRegression was fitted with feature names
  warnings.warn(
[07/Apr/2026 11:42:13] "GET /status/marketplaces/ HTTP/1.1" 200 633
C:\Users\acer\AppData\Local\Programs\Python\Python312\Lib\site-packages\sklearn\utils\validation.py:2749: UserWarning: X does not have valid feature names, but LinearRegression was fitted with feature names
  warnings.warn(
C:\Users\acer\AppData\Local\Programs\Python\Python312\Lib\site-packages\sklearn\utils\validation.py:2749: UserWarning: X does not have valid feature names, but LinearRegression was fitted with feature names
  warnings.warn(
[07/Apr/2026 11:42:13] "GET /status/marketplaces/ HTTP/1.1" 200 633
C:\Users\acer\AppData\Local\Programs\Python\Python312\Lib\site-packages\sklearn\utils\validation.py:2749: UserWarning: X does not have valid feature names, but LinearRegression was fitted with feature names
  warnings.warn(
C:\Users\acer\AppData\Local\Programs\Python\Python312\Lib\site-packages\sklearn\utils\validation.py:2749: UserWarning: X does not have valid feature names, but LinearRegression was fitted with feature names
  warnings.warn(
[07/Apr/2026 11:42:16] "GET /status/marketplaces/ HTTP/1.1" 200 633
C:\Users\acer\AppData\Local\Programs\Python\Python312\Lib\site-packages\sklearn\utils\validation.py:2749: UserWarning: X does not have valid feature names, but LinearRegression was fitted with feature names
  warnings.warn(
[07/Apr/2026 11:42:18] "POST /predict/ HTTP/1.1" 200 137
C:\Users\acer\AppData\Local\Programs\Python\Python312\Lib\site-packages\sklearn\utils\validation.py:2749: UserWarning: X does not have valid feature names, but LinearRegression was fitted with feature names
  warnings.warn(
C:\Users\acer\AppData\Local\Programs\Python\Python312\Lib\site-packages\sklearn\utils\validation.py:2749: UserWarning: X does not have valid feature names, but LinearRegression was fitted with feature names
  warnings.warn(
[07/Apr/2026 11:42:18] "POST /predict/marketplace/ HTTP/1.1" 201 320
[07/Apr/2026 11:42:18] "POST /predict/marketplace/ HTTP/1.1" 201 317
C:\Users\acer\AppData\Local\Programs\Python\Python312\Lib\site-packages\sklearn\utils\validation.py:2749: UserWarning: X does not have valid feature names, but LinearRegression was fitted with feature names
  warnings.warn(
C:\Users\acer\AppData\Local\Programs\Python\Python312\Lib\site-packages\sklearn\utils\validation.py:2749: UserWarning: X does not have valid feature names, but LinearRegression was fitted with feature names
  warnings.warn(
[07/Apr/2026 11:42:18] "GET /status/marketplaces/ HTTP/1.1" 200 640
C:\Users\acer\AppData\Local\Programs\Python\Python312\Lib\site-packages\sklearn\utils\validation.py:2749: UserWarning: X does not have valid feature names, but LinearRegression was fitted with feature names
  warnings.warn(
C:\Users\acer\AppData\Local\Programs\Python\Python312\Lib\site-packages\sklearn\utils\validation.py:2749: UserWarning: X does not have valid feature names, but LinearRegression was fitted with feature names
  warnings.warn(
[07/Apr/2026 11:42:19] "GET /status/marketplaces/ HTTP/1.1" 200 640
C:\Users\acer\AppData\Local\Programs\Python\Python312\Lib\site-packages\sklearn\utils\validation.py:2749: UserWarning: X does not have valid feature names, but LinearRegression was fitted with feature names
  warnings.warn(
C:\Users\acer\AppData\Local\Programs\Python\Python312\Lib\site-packages\sklearn\utils\validation.py:2749: UserWarning: X does not have valid feature names, but LinearRegression was fitted with feature names
  warnings.warn(
[07/Apr/2026 11:42:22] "GET /status/marketplaces/ HTTP/1.1" 200 640
C:\Users\acer\AppData\Local\Programs\Python\Python312\Lib\site-packages\sklearn\utils\validation.py:2749: UserWarning: X does not have valid feature names, but LinearRegression was fitted with feature names
  warnings.warn(
C:\Users\acer\AppData\Local\Programs\Python\Python312\Lib\site-packages\sklearn\utils\validation.py:2749: UserWarning: X does not have valid feature names, but LinearRegression was fitted with feature names
  warnings.warn(
[07/Apr/2026 11:42:25] "GET /status/marketplaces/ HTTP/1.1" 200 640
C:\Users\acer\AppData\Local\Programs\Python\Python312\Lib\site-packages\sklearn\utils\validation.py:2749: UserWarning: X does not have valid feature names, but LinearRegression was fitted with feature names
  warnings.warn(
C:\Users\acer\AppData\Local\Programs\Python\Python312\Lib\site-packages\sklearn\utils\validation.py:2749: UserWarning: X does not have valid feature names, but LinearRegression was fitted with feature names
  warnings.warn(
[07/Apr/2026 11:42:28] "GET /status/marketplaces/ HTTP/1.1" 200 640
C:\Users\acer\AppData\Local\Programs\Python\Python312\Lib\site-packages\sklearn\utils\validation.py:2749: UserWarning: X does not have valid feature names, but LinearRegression was fitted with feature names
  warnings.warn(
C:\Users\acer\AppData\Local\Programs\Python\Python312\Lib\site-packages\sklearn\utils\validation.py:2749: UserWarning: X does not have valid feature names, but LinearRegression was fitted with feature names
  warnings.warn(
[07/Apr/2026 11:42:31] "GET /status/marketplaces/ HTTP/1.1" 200 640
C:\Users\acer\AppData\Local\Programs\Python\Python312\Lib\site-packages\sklearn\utils\validation.py:2749: UserWarning: X does not have valid feature names, but LinearRegression was fitted with feature names
  warnings.warn(
C:\Users\acer\AppData\Local\Programs\Python\Python312\Lib\site-packages\sklearn\utils\validation.py:2749: UserWarning: X does not have valid feature names, but LinearRegression was fitted with feature names
  warnings.warn(
[07/Apr/2026 11:42:34] "GET /status/marketplaces/ HTTP/1.1" 200 640
C:\Users\acer\AppData\Local\Programs\Python\Python312\Lib\site-packages\sklearn\utils\validation.py:2749: UserWarning: X does not have valid feature names, but LinearRegression was fitted with feature names
  warnings.warn(
[07/Apr/2026 11:42:37] "POST /predict/ HTTP/1.1" 200 137
C:\Users\acer\AppData\Local\Programs\Python\Python312\Lib\site-packages\sklearn\utils\validation.py:2749: UserWarning: X does not have valid feature names, but LinearRegression was fitted with feature names
  warnings.warn(
[07/Apr/2026 11:42:37] "POST /predict/marketplace/ HTTP/1.1" 201 321
C:\Users\acer\AppData\Local\Programs\Python\Python312\Lib\site-packages\sklearn\utils\validation.py:2749: UserWarning: X does not have valid feature names, but LinearRegression was fitted with feature names
  warnings.warn(
[07/Apr/2026 11:42:37] "POST /predict/marketplace/ HTTP/1.1" 201 317
C:\Users\acer\AppData\Local\Programs\Python\Python312\Lib\site-packages\sklearn\utils\validation.py:2749: UserWarning: X does not have valid feature names, but LinearRegression was fitted with feature names
  warnings.warn(
C:\Users\acer\AppData\Local\Programs\Python\Python312\Lib\site-packages\sklearn\utils\validation.py:2749: UserWarning: X does not have valid feature names, but LinearRegression was fitted with feature names
  warnings.warn(
[07/Apr/2026 11:42:37] "GET /status/marketplaces/ HTTP/1.1" 200 637
C:\Users\acer\AppData\Local\Programs\Python\Python312\Lib\site-packages\sklearn\utils\validation.py:2749: UserWarning: X does not have valid feature names, but LinearRegression was fitted with feature names
  warnings.warn(
C:\Users\acer\AppData\Local\Programs\Python\Python312\Lib\site-packages\sklearn\utils\validation.py:2749: UserWarning: X does not have valid feature names, but LinearRegression was fitted with feature names
  warnings.warn(
[07/Apr/2026 11:42:37] "GET /status/marketplaces/ HTTP/1.1" 200 637
C:\Users\acer\AppData\Local\Programs\Python\Python312\Lib\site-packages\sklearn\utils\validation.py:2749: UserWarning: X does not have valid feature names, but LinearRegression was fitted with feature names
  warnings.warn(
C:\Users\acer\AppData\Local\Programs\Python\Python312\Lib\site-packages\sklearn\utils\validation.py:2749: UserWarning: X does not have valid feature names, but LinearRegression was fitted with feature names
  warnings.warn(
[07/Apr/2026 11:42:40] "GET /status/marketplaces/ HTTP/1.1" 200 637
C:\Users\acer\AppData\Local\Programs\Python\Python312\Lib\site-packages\sklearn\utils\validation.py:2749: UserWarning: X does not have valid feature names, but LinearRegression was fitted with feature names
  warnings.warn(
C:\Users\acer\AppData\Local\Programs\Python\Python312\Lib\site-packages\sklearn\utils\validation.py:2749: UserWarning: X does not have valid feature names, but LinearRegression was fitted with feature names
  warnings.warn(
[07/Apr/2026 11:42:43] "GET /status/marketplaces/ HTTP/1.1" 200 637
C:\Users\acer\AppData\Local\Programs\Python\Python312\Lib\site-packages\sklearn\utils\validation.py:2749: UserWarning: X does not have valid feature names, but LinearRegression was fitted with feature names
  warnings.warn(
[07/Apr/2026 11:42:45] "POST /predict/ HTTP/1.1" 200 137
C:\Users\acer\AppData\Local\Programs\Python\Python312\Lib\site-packages\sklearn\utils\validation.py:2749: UserWarning: X does not have valid feature names, but LinearRegression was fitted with feature names
  warnings.warn(
[07/Apr/2026 11:42:45] "POST /predict/marketplace/ HTTP/1.1" 201 321
C:\Users\acer\AppData\Local\Programs\Python\Python312\Lib\site-packages\sklearn\utils\validation.py:2749: UserWarning: X does not have valid feature names, but LinearRegression was fitted with feature names
  warnings.warn(
[07/Apr/2026 11:42:45] "POST /predict/marketplace/ HTTP/1.1" 201 317
C:\Users\acer\AppData\Local\Programs\Python\Python312\Lib\site-packages\sklearn\utils\validation.py:2749: UserWarning: X does not have valid feature names, but LinearRegression was fitted with feature names
  warnings.warn(
C:\Users\acer\AppData\Local\Programs\Python\Python312\Lib\site-packages\sklearn\utils\validation.py:2749: UserWarning: X does not have valid feature names, but LinearRegression was fitted with feature names
  warnings.warn(
[07/Apr/2026 11:42:45] "GET /status/marketplaces/ HTTP/1.1" 200 641
C:\Users\acer\AppData\Local\Programs\Python\Python312\Lib\site-packages\sklearn\utils\validation.py:2749: UserWarning: X does not have valid feature names, but LinearRegression was fitted with feature names
  warnings.warn(
C:\Users\acer\AppData\Local\Programs\Python\Python312\Lib\site-packages\sklearn\utils\validation.py:2749: UserWarning: X does not have valid feature names, but LinearRegression was fitted with feature names
  warnings.warn(
[07/Apr/2026 11:42:46] "GET /status/marketplaces/ HTTP/1.1" 200 641
C:\Users\acer\AppData\Local\Programs\Python\Python312\Lib\site-packages\sklearn\utils\validation.py:2749: UserWarning: X does not have valid feature names, but LinearRegression was fitted with feature names
  warnings.warn(
C:\Users\acer\AppData\Local\Programs\Python\Python312\Lib\site-packages\sklearn\utils\validation.py:2749: UserWarning: X does not have valid feature names, but LinearRegression was fitted with feature names
  warnings.warn(
[07/Apr/2026 11:42:49] "GET /status/marketplaces/ HTTP/1.1" 200 641
C:\Users\acer\AppData\Local\Programs\Python\Python312\Lib\site-packages\sklearn\utils\validation.py:2749: UserWarning: X does not have valid feature names, but LinearRegression was fitted with feature names
  warnings.warn(
[07/Apr/2026 11:42:49] "POST /predict/ HTTP/1.1" 200 137
C:\Users\acer\AppData\Local\Programs\Python\Python312\Lib\site-packages\sklearn\utils\validation.py:2749: UserWarning: X does not have valid feature names, but LinearRegression was fitted with feature names
  warnings.warn(
C:\Users\acer\AppData\Local\Programs\Python\Python312\Lib\site-packages\sklearn\utils\validation.py:2749: UserWarning: X does not have valid feature names, but LinearRegression was fitted with feature names
  warnings.warn(
[07/Apr/2026 11:42:49] "POST /predict/marketplace/ HTTP/1.1" 201 321
[07/Apr/2026 11:42:49] "POST /predict/marketplace/ HTTP/1.1" 201 317
C:\Users\acer\AppData\Local\Programs\Python\Python312\Lib\site-packages\sklearn\utils\validation.py:2749: UserWarning: X does not have valid feature names, but LinearRegression was fitted with feature names
  warnings.warn(
C:\Users\acer\AppData\Local\Programs\Python\Python312\Lib\site-packages\sklearn\utils\validation.py:2749: UserWarning: X does not have valid feature names, but LinearRegression was fitted with feature names
  warnings.warn(
[07/Apr/2026 11:42:49] "GET /status/marketplaces/ HTTP/1.1" 200 641
C:\Users\acer\AppData\Local\Programs\Python\Python312\Lib\site-packages\sklearn\utils\validation.py:2749: UserWarning: X does not have valid feature names, but LinearRegression was fitted with feature names
  warnings.warn(
C:\Users\acer\AppData\Local\Programs\Python\Python312\Lib\site-packages\sklearn\utils\validation.py:2749: UserWarning: X does not have valid feature names, but LinearRegression was fitted with feature names
  warnings.warn(
[07/Apr/2026 11:42:52] "GET /status/marketplaces/ HTTP/1.1" 200 641
C:\Users\acer\AppData\Local\Programs\Python\Python312\Lib\site-packages\sklearn\utils\validation.py:2749: UserWarning: X does not have valid feature names, but LinearRegression was fitted with feature names
  warnings.warn(
[07/Apr/2026 11:42:55] "POST /predict/ HTTP/1.1" 200 136
C:\Users\acer\AppData\Local\Programs\Python\Python312\Lib\site-packages\sklearn\utils\validation.py:2749: UserWarning: X does not have valid feature names, but LinearRegression was fitted with feature names
  warnings.warn(
[07/Apr/2026 11:42:55] "POST /predict/marketplace/ HTTP/1.1" 201 316
C:\Users\acer\AppData\Local\Programs\Python\Python312\Lib\site-packages\sklearn\utils\validation.py:2749: UserWarning: X does not have valid feature names, but LinearRegression was fitted with feature names
  warnings.warn(
[07/Apr/2026 11:42:55] "POST /predict/marketplace/ HTTP/1.1" 201 320
C:\Users\acer\AppData\Local\Programs\Python\Python312\Lib\site-packages\sklearn\utils\validation.py:2749: UserWarning: X does not have valid feature names, but LinearRegression was fitted with feature names
  warnings.warn(
C:\Users\acer\AppData\Local\Programs\Python\Python312\Lib\site-packages\sklearn\utils\validation.py:2749: UserWarning: X does not have valid feature names, but LinearRegression was fitted with feature names
  warnings.warn(
[07/Apr/2026 11:42:55] "GET /status/marketplaces/ HTTP/1.1" 200 635
C:\Users\acer\AppData\Local\Programs\Python\Python312\Lib\site-packages\sklearn\utils\validation.py:2749: UserWarning: X does not have valid feature names, but LinearRegression was fitted with feature names
  warnings.warn(
C:\Users\acer\AppData\Local\Programs\Python\Python312\Lib\site-packages\sklearn\utils\validation.py:2749: UserWarning: X does not have valid feature names, but LinearRegression was fitted with feature names
  warnings.warn(
[07/Apr/2026 11:42:55] "GET /status/marketplaces/ HTTP/1.1" 200 635
C:\Users\acer\AppData\Local\Programs\Python\Python312\Lib\site-packages\sklearn\utils\validation.py:2749: UserWarning: X does not have valid feature names, but LinearRegression was fitted with feature names
  warnings.warn(
C:\Users\acer\AppData\Local\Programs\Python\Python312\Lib\site-packages\sklearn\utils\validation.py:2749: UserWarning: X does not have valid feature names, but LinearRegression was fitted with feature names
  warnings.warn(
[07/Apr/2026 11:42:58] "GET /status/marketplaces/ HTTP/1.1" 200 635
C:\Users\acer\AppData\Local\Programs\Python\Python312\Lib\site-packages\sklearn\utils\validation.py:2749: UserWarning: X does not have valid feature names, but LinearRegression was fitted with feature names
  warnings.warn(
C:\Users\acer\AppData\Local\Programs\Python\Python312\Lib\site-packages\sklearn\utils\validation.py:2749: UserWarning: X does not have valid feature names, but LinearRegression was fitted with feature names
  warnings.warn(
[07/Apr/2026 11:43:01] "GET /status/marketplaces/ HTTP/1.1" 200 635
C:\Users\acer\AppData\Local\Programs\Python\Python312\Lib\site-packages\sklearn\utils\validation.py:2749: UserWarning: X does not have valid feature names, but LinearRegression was fitted with feature names
  warnings.warn(
C:\Users\acer\AppData\Local\Programs\Python\Python312\Lib\site-packages\sklearn\utils\validation.py:2749: UserWarning: X does not have valid feature names, but LinearRegression was fitted with feature names
  warnings.warn(
[07/Apr/2026 11:43:04] "GET /status/marketplaces/ HTTP/1.1" 200 635
C:\Users\acer\AppData\Local\Programs\Python\Python312\Lib\site-packages\sklearn\utils\validation.py:2749: UserWarning: X does not have valid feature names, but LinearRegression was fitted with feature names
  warnings.warn(
C:\Users\acer\AppData\Local\Programs\Python\Python312\Lib\site-packages\sklearn\utils\validation.py:2749: UserWarning: X does not have valid feature names, but LinearRegression was fitted with feature names
  warnings.warn(
[07/Apr/2026 11:43:07] "GET /status/marketplaces/ HTTP/1.1" 200 635
C:\Users\acer\AppData\Local\Programs\Python\Python312\Lib\site-packages\sklearn\utils\validation.py:2749: UserWarning: X does not have valid feature names, but LinearRegression was fitted with feature names
  warnings.warn(
[07/Apr/2026 11:43:08] "POST /predict/ HTTP/1.1" 200 136
C:\Users\acer\AppData\Local\Programs\Python\Python312\Lib\site-packages\sklearn\utils\validation.py:2749: UserWarning: X does not have valid feature names, but LinearRegression was fitted with feature names
  warnings.warn(
C:\Users\acer\AppData\Local\Programs\Python\Python312\Lib\site-packages\sklearn\utils\validation.py:2749: UserWarning: X does not have valid feature names, but LinearRegression was fitted with feature names
  warnings.warn(
[07/Apr/2026 11:43:08] "POST /predict/marketplace/ HTTP/1.1" 201 316
[07/Apr/2026 11:43:08] "POST /predict/marketplace/ HTTP/1.1" 201 320
C:\Users\acer\AppData\Local\Programs\Python\Python312\Lib\site-packages\sklearn\utils\validation.py:2749: UserWarning: X does not have valid feature names, but LinearRegression was fitted with feature names
  warnings.warn(
C:\Users\acer\AppData\Local\Programs\Python\Python312\Lib\site-packages\sklearn\utils\validation.py:2749: UserWarning: X does not have valid feature names, but LinearRegression was fitted with feature names
  warnings.warn(
[07/Apr/2026 11:43:08] "GET /status/marketplaces/ HTTP/1.1" 200 639
C:\Users\acer\AppData\Local\Programs\Python\Python312\Lib\site-packages\sklearn\utils\validation.py:2749: UserWarning: X does not have valid feature names, but LinearRegression was fitted with feature names
  warnings.warn(
C:\Users\acer\AppData\Local\Programs\Python\Python312\Lib\site-packages\sklearn\utils\validation.py:2749: UserWarning: X does not have valid feature names, but LinearRegression was fitted with feature names
  warnings.warn(
[07/Apr/2026 11:43:10] "GET /status/marketplaces/ HTTP/1.1" 200 639
C:\Users\acer\AppData\Local\Programs\Python\Python312\Lib\site-packages\sklearn\utils\validation.py:2749: UserWarning: X does not have valid feature names, but LinearRegression was fitted with feature names
  warnings.warn(
C:\Users\acer\AppData\Local\Programs\Python\Python312\Lib\site-packages\sklearn\utils\validation.py:2749: UserWarning: X does not have valid feature names, but LinearRegression was fitted with feature names
  warnings.warn(
[07/Apr/2026 11:43:13] "GET /status/marketplaces/ HTTP/1.1" 200 639
C:\Users\acer\AppData\Local\Programs\Python\Python312\Lib\site-packages\sklearn\utils\validation.py:2749: UserWarning: X does not have valid feature names, but LinearRegression was fitted with feature names
  warnings.warn(
C:\Users\acer\AppData\Local\Programs\Python\Python312\Lib\site-packages\sklearn\utils\validation.py:2749: UserWarning: X does not have valid feature names, but LinearRegression was fitted with feature names
  warnings.warn(
[07/Apr/2026 11:43:16] "GET /status/marketplaces/ HTTP/1.1" 200 639
C:\Users\acer\AppData\Local\Programs\Python\Python312\Lib\site-packages\sklearn\utils\validation.py:2749: UserWarning: X does not have valid feature names, but LinearRegression was fitted with feature names
  warnings.warn(
[07/Apr/2026 11:43:19] "POST /predict/ HTTP/1.1" 200 136
C:\Users\acer\AppData\Local\Programs\Python\Python312\Lib\site-packages\sklearn\utils\validation.py:2749: UserWarning: X does not have valid feature names, but LinearRegression was fitted with feature names
  warnings.warn(
C:\Users\acer\AppData\Local\Programs\Python\Python312\Lib\site-packages\sklearn\utils\validation.py:2749: UserWarning: X does not have valid feature names, but LinearRegression was fitted with feature names
  warnings.warn(
[07/Apr/2026 11:43:19] "POST /predict/marketplace/ HTTP/1.1" 201 316
[07/Apr/2026 11:43:19] "POST /predict/marketplace/ HTTP/1.1" 201 320
C:\Users\acer\AppData\Local\Programs\Python\Python312\Lib\site-packages\sklearn\utils\validation.py:2749: UserWarning: X does not have valid feature names, but LinearRegression was fitted with feature names
  warnings.warn(
C:\Users\acer\AppData\Local\Programs\Python\Python312\Lib\site-packages\sklearn\utils\validation.py:2749: UserWarning: X does not have valid feature names, but LinearRegression was fitted with feature names
  warnings.warn(
[07/Apr/2026 11:43:19] "GET /status/marketplaces/ HTTP/1.1" 200 639
C:\Users\acer\AppData\Local\Programs\Python\Python312\Lib\site-packages\sklearn\utils\validation.py:2749: UserWarning: X does not have valid feature names, but LinearRegression was fitted with feature names
  warnings.warn(
C:\Users\acer\AppData\Local\Programs\Python\Python312\Lib\site-packages\sklearn\utils\validation.py:2749: UserWarning: X does not have valid feature names, but LinearRegression was fitted with feature names
  warnings.warn(
[07/Apr/2026 11:43:19] "GET /status/marketplaces/ HTTP/1.1" 200 639
C:\Users\acer\AppData\Local\Programs\Python\Python312\Lib\site-packages\sklearn\utils\validation.py:2749: UserWarning: X does not have valid feature names, but LinearRegression was fitted with feature names
  warnings.warn(
C:\Users\acer\AppData\Local\Programs\Python\Python312\Lib\site-packages\sklearn\utils\validation.py:2749: UserWarning: X does not have valid feature names, but LinearRegression was fitted with feature names
  warnings.warn(
[07/Apr/2026 11:43:22] "GET /status/marketplaces/ HTTP/1.1" 200 639
C:\Users\acer\AppData\Local\Programs\Python\Python312\Lib\site-packages\sklearn\utils\validation.py:2749: UserWarning: X does not have valid feature names, but LinearRegression was fitted with feature names
  warnings.warn(
C:\Users\acer\AppData\Local\Programs\Python\Python312\Lib\site-packages\sklearn\utils\validation.py:2749: UserWarning: X does not have valid feature names, but LinearRegression was fitted with feature names
  warnings.warn(
[07/Apr/2026 11:43:25] "GET /status/marketplaces/ HTTP/1.1" 200 639
C:\Users\acer\AppData\Local\Programs\Python\Python312\Lib\site-packages\sklearn\utils\validation.py:2749: UserWarning: X does not have valid feature names, but LinearRegression was fitted with feature names
  warnings.warn(
C:\Users\acer\AppData\Local\Programs\Python\Python312\Lib\site-packages\sklearn\utils\validation.py:2749: UserWarning: X does not have valid feature names, but LinearRegression was fitted with feature names
  warnings.warn(
[07/Apr/2026 11:43:28] "GET /status/marketplaces/ HTTP/1.1" 200 639
C:\Users\acer\AppData\Local\Programs\Python\Python312\Lib\site-packages\sklearn\utils\validation.py:2749: UserWarning: X does not have valid feature names, but LinearRegression was fitted with feature names
  warnings.warn(
C:\Users\acer\AppData\Local\Programs\Python\Python312\Lib\site-packages\sklearn\utils\validation.py:2749: UserWarning: X does not have valid feature names, but LinearRegression was fitted with feature names
  warnings.warn(
[07/Apr/2026 11:43:31] "GET /status/marketplaces/ HTTP/1.1" 200 639
C:\Users\acer\AppData\Local\Programs\Python\Python312\Lib\site-packages\sklearn\utils\validation.py:2749: UserWarning: X does not have valid feature names, but LinearRegression was fitted with feature names
  warnings.warn(
C:\Users\acer\AppData\Local\Programs\Python\Python312\Lib\site-packages\sklearn\utils\validation.py:2749: UserWarning: X does not have valid feature names, but LinearRegression was fitted with feature names
  warnings.warn(
[07/Apr/2026 11:43:34] "GET /status/marketplaces/ HTTP/1.1" 200 639
C:\Users\acer\AppData\Local\Programs\Python\Python312\Lib\site-packages\sklearn\utils\validation.py:2749: UserWarning: X does not have valid feature names, but LinearRegression was fitted with feature names
  warnings.warn(
C:\Users\acer\AppData\Local\Programs\Python\Python312\Lib\site-packages\sklearn\utils\validation.py:2749: UserWarning: X does not have valid feature names, but LinearRegression was fitted with feature names
  warnings.warn(
[07/Apr/2026 11:43:37] "GET /status/marketplaces/ HTTP/1.1" 200 639
C:\Users\acer\AppData\Local\Programs\Python\Python312\Lib\site-packages\sklearn\utils\validation.py:2749: UserWarning: X does not have valid feature names, but LinearRegression was fitted with feature names
  warnings.warn(
[07/Apr/2026 11:43:40] "POST /predict/ HTTP/1.1" 200 133
C:\Users\acer\AppData\Local\Programs\Python\Python312\Lib\site-packages\sklearn\utils\validation.py:2749: UserWarning: X does not have valid feature names, but LinearRegression was fitted with feature names
  warnings.warn(
[07/Apr/2026 11:43:40] "POST /predict/marketplace/ HTTP/1.1" 201 317
[07/Apr/2026 11:43:40] "POST /predict/marketplace/ HTTP/1.1" 201 313
C:\Users\acer\AppData\Local\Programs\Python\Python312\Lib\site-packages\sklearn\utils\validation.py:2749: UserWarning: X does not have valid feature names, but LinearRegression was fitted with feature names
  warnings.warn(
C:\Users\acer\AppData\Local\Programs\Python\Python312\Lib\site-packages\sklearn\utils\validation.py:2749: UserWarning: X does not have valid feature names, but LinearRegression was fitted with feature names
  warnings.warn(
[07/Apr/2026 11:43:40] "GET /status/marketplaces/ HTTP/1.1" 200 633
C:\Users\acer\AppData\Local\Programs\Python\Python312\Lib\site-packages\sklearn\utils\validation.py:2749: UserWarning: X does not have valid feature names, but LinearRegression was fitted with feature names
  warnings.warn(
C:\Users\acer\AppData\Local\Programs\Python\Python312\Lib\site-packages\sklearn\utils\validation.py:2749: UserWarning: X does not have valid feature names, but LinearRegression was fitted with feature names
  warnings.warn(
[07/Apr/2026 11:43:40] "GET /status/marketplaces/ HTTP/1.1" 200 633
C:\Users\acer\AppData\Local\Programs\Python\Python312\Lib\site-packages\sklearn\utils\validation.py:2749: UserWarning: X does not have valid feature names, but LinearRegression was fitted with feature names
  warnings.warn(
C:\Users\acer\AppData\Local\Programs\Python\Python312\Lib\site-packages\sklearn\utils\validation.py:2749: UserWarning: X does not have valid feature names, but LinearRegression was fitted with feature names
  warnings.warn(
[07/Apr/2026 11:43:43] "GET /status/marketplaces/ HTTP/1.1" 200 633
C:\Users\acer\AppData\Local\Programs\Python\Python312\Lib\site-packages\sklearn\utils\validation.py:2749: UserWarning: X does not have valid feature names, but LinearRegression was fitted with feature names
  warnings.warn(
[07/Apr/2026 11:43:45] "POST /predict/ HTTP/1.1" 200 133
C:\Users\acer\AppData\Local\Programs\Python\Python312\Lib\site-packages\sklearn\utils\validation.py:2749: UserWarning: X does not have valid feature names, but LinearRegression was fitted with feature names
  warnings.warn(
[07/Apr/2026 11:43:45] "POST /predict/marketplace/ HTTP/1.1" 201 317
C:\Users\acer\AppData\Local\Programs\Python\Python312\Lib\site-packages\sklearn\utils\validation.py:2749: UserWarning: X does not have valid feature names, but LinearRegression was fitted with feature names
  warnings.warn(
[07/Apr/2026 11:43:45] "POST /predict/marketplace/ HTTP/1.1" 201 313
C:\Users\acer\AppData\Local\Programs\Python\Python312\Lib\site-packages\sklearn\utils\validation.py:2749: UserWarning: X does not have valid feature names, but LinearRegression was fitted with feature names
  warnings.warn(
C:\Users\acer\AppData\Local\Programs\Python\Python312\Lib\site-packages\sklearn\utils\validation.py:2749: UserWarning: X does not have valid feature names, but LinearRegression was fitted with feature names
  warnings.warn(
[07/Apr/2026 11:43:45] "GET /status/marketplaces/ HTTP/1.1" 200 633
C:\Users\acer\AppData\Local\Programs\Python\Python312\Lib\site-packages\sklearn\utils\validation.py:2749: UserWarning: X does not have valid feature names, but LinearRegression was fitted with feature names
  warnings.warn(
C:\Users\acer\AppData\Local\Programs\Python\Python312\Lib\site-packages\sklearn\utils\validation.py:2749: UserWarning: X does not have valid feature names, but LinearRegression was fitted with feature names
  warnings.warn(
[07/Apr/2026 11:43:46] "GET /status/marketplaces/ HTTP/1.1" 200 633
C:\Users\acer\AppData\Local\Programs\Python\Python312\Lib\site-packages\sklearn\utils\validation.py:2749: UserWarning: X does not have valid feature names, but LinearRegression was fitted with feature names
  warnings.warn(
C:\Users\acer\AppData\Local\Programs\Python\Python312\Lib\site-packages\sklearn\utils\validation.py:2749: UserWarning: X does not have valid feature names, but LinearRegression was fitted with feature names
  warnings.warn(
[07/Apr/2026 11:43:49] "GET /status/marketplaces/ HTTP/1.1" 200 633
C:\Users\acer\AppData\Local\Programs\Python\Python312\Lib\site-packages\sklearn\utils\validation.py:2749: UserWarning: X does not have valid feature names, but LinearRegression was fitted with feature names
  warnings.warn(
C:\Users\acer\AppData\Local\Programs\Python\Python312\Lib\site-packages\sklearn\utils\validation.py:2749: UserWarning: X does not have valid feature names, but LinearRegression was fitted with feature names
  warnings.warn(
[07/Apr/2026 11:43:52] "GET /status/marketplaces/ HTTP/1.1" 200 633
C:\Users\acer\AppData\Local\Programs\Python\Python312\Lib\site-packages\sklearn\utils\validation.py:2749: UserWarning: X does not have valid feature names, but LinearRegression was fitted with feature names
  warnings.warn(
C:\Users\acer\AppData\Local\Programs\Python\Python312\Lib\site-packages\sklearn\utils\validation.py:2749: UserWarning: X does not have valid feature names, but LinearRegression was fitted with feature names
  warnings.warn(
[07/Apr/2026 11:43:55] "GET /status/marketplaces/ HTTP/1.1" 200 633
C:\Users\acer\AppData\Local\Programs\Python\Python312\Lib\site-packages\sklearn\utils\validation.py:2749: UserWarning: X does not have valid feature names, but LinearRegression was fitted with feature names
  warnings.warn(
C:\Users\acer\AppData\Local\Programs\Python\Python312\Lib\site-packages\sklearn\utils\validation.py:2749: UserWarning: X does not have valid feature names, but LinearRegression was fitted with feature names
  warnings.warn(
[07/Apr/2026 11:43:58] "GET /status/marketplaces/ HTTP/1.1" 200 633
C:\Users\acer\AppData\Local\Programs\Python\Python312\Lib\site-packages\sklearn\utils\validation.py:2749: UserWarning: X does not have valid feature names, but LinearRegression was fitted with feature names
  warnings.warn(
C:\Users\acer\AppData\Local\Programs\Python\Python312\Lib\site-packages\sklearn\utils\validation.py:2749: UserWarning: X does not have valid feature names, but LinearRegression was fitted with feature names
  warnings.warn(
[07/Apr/2026 11:44:01] "GET /status/marketplaces/ HTTP/1.1" 200 633
C:\Users\acer\AppData\Local\Programs\Python\Python312\Lib\site-packages\sklearn\utils\validation.py:2749: UserWarning: X does not have valid feature names, but LinearRegression was fitted with feature names
  warnings.warn(
C:\Users\acer\AppData\Local\Programs\Python\Python312\Lib\site-packages\sklearn\utils\validation.py:2749: UserWarning: X does not have valid feature names, but LinearRegression was fitted with feature names
  warnings.warn(
[07/Apr/2026 11:44:04] "GET /status/marketplaces/ HTTP/1.1" 200 633
C:\Users\acer\AppData\Local\Programs\Python\Python312\Lib\site-packages\sklearn\utils\validation.py:2749: UserWarning: X does not have valid feature names, but LinearRegression was fitted with feature names
  warnings.warn(
C:\Users\acer\AppData\Local\Programs\Python\Python312\Lib\site-packages\sklearn\utils\validation.py:2749: UserWarning: X does not have valid feature names, but LinearRegression was fitted with feature names
  warnings.warn(
[07/Apr/2026 11:44:07] "GET /status/marketplaces/ HTTP/1.1" 200 633
C:\Users\acer\AppData\Local\Programs\Python\Python312\Lib\site-packages\sklearn\utils\validation.py:2749: UserWarning: X does not have valid feature names, but LinearRegression was fitted with feature names
  warnings.warn(
C:\Users\acer\AppData\Local\Programs\Python\Python312\Lib\site-packages\sklearn\utils\validation.py:2749: UserWarning: X does not have valid feature names, but LinearRegression was fitted with feature names
  warnings.warn(
[07/Apr/2026 11:44:10] "GET /status/marketplaces/ HTTP/1.1" 200 633
C:\Users\acer\AppData\Local\Programs\Python\Python312\Lib\site-packages\sklearn\utils\validation.py:2749: UserWarning: X does not have valid feature names, but LinearRegression was fitted with feature names
  warnings.warn(
[07/Apr/2026 11:44:11] "POST /predict/ HTTP/1.1" 200 132
C:\Users\acer\AppData\Local\Programs\Python\Python312\Lib\site-packages\sklearn\utils\validation.py:2749: UserWarning: X does not have valid feature names, but LinearRegression was fitted with feature names
  warnings.warn(
[07/Apr/2026 11:44:11] "POST /predict/marketplace/ HTTP/1.1" 201 312
C:\Users\acer\AppData\Local\Programs\Python\Python312\Lib\site-packages\sklearn\utils\validation.py:2749: UserWarning: X does not have valid feature names, but LinearRegression was fitted with feature names
  warnings.warn(
[07/Apr/2026 11:44:11] "POST /predict/marketplace/ HTTP/1.1" 201 316
C:\Users\acer\AppData\Local\Programs\Python\Python312\Lib\site-packages\sklearn\utils\validation.py:2749: UserWarning: X does not have valid feature names, but LinearRegression was fitted with feature names
  warnings.warn(
C:\Users\acer\AppData\Local\Programs\Python\Python312\Lib\site-packages\sklearn\utils\validation.py:2749: UserWarning: X does not have valid feature names, but LinearRegression was fitted with feature names
  warnings.warn(
[07/Apr/2026 11:44:11] "GET /status/marketplaces/ HTTP/1.1" 200 631
C:\Users\acer\AppData\Local\Programs\Python\Python312\Lib\site-packages\sklearn\utils\validation.py:2749: UserWarning: X does not have valid feature names, but LinearRegression was fitted with feature names
  warnings.warn(
C:\Users\acer\AppData\Local\Programs\Python\Python312\Lib\site-packages\sklearn\utils\validation.py:2749: UserWarning: X does not have valid feature names, but LinearRegression was fitted with feature names
  warnings.warn(
[07/Apr/2026 11:44:13] "GET /status/marketplaces/ HTTP/1.1" 200 631
C:\Users\acer\AppData\Local\Programs\Python\Python312\Lib\site-packages\sklearn\utils\validation.py:2749: UserWarning: X does not have valid feature names, but LinearRegression was fitted with feature names
  warnings.warn(
C:\Users\acer\AppData\Local\Programs\Python\Python312\Lib\site-packages\sklearn\utils\validation.py:2749: UserWarning: X does not have valid feature names, but LinearRegression was fitted with feature names
  warnings.warn(
[07/Apr/2026 11:44:16] "GET /status/marketplaces/ HTTP/1.1" 200 631
C:\Users\acer\AppData\Local\Programs\Python\Python312\Lib\site-packages\sklearn\utils\validation.py:2749: UserWarning: X does not have valid feature names, but LinearRegression was fitted with feature names
  warnings.warn(
C:\Users\acer\AppData\Local\Programs\Python\Python312\Lib\site-packages\sklearn\utils\validation.py:2749: UserWarning: X does not have valid feature names, but LinearRegression was fitted with feature names
  warnings.warn(
[07/Apr/2026 11:44:19] "GET /status/marketplaces/ HTTP/1.1" 200 631
C:\Users\acer\AppData\Local\Programs\Python\Python312\Lib\site-packages\sklearn\utils\validation.py:2749: UserWarning: X does not have valid feature names, but LinearRegression was fitted with feature names
  warnings.warn(
C:\Users\acer\AppData\Local\Programs\Python\Python312\Lib\site-packages\sklearn\utils\validation.py:2749: UserWarning: X does not have valid feature names, but LinearRegression was fitted with feature names
  warnings.warn(
[07/Apr/2026 11:44:22] "GET /status/marketplaces/ HTTP/1.1" 200 631
C:\Users\acer\AppData\Local\Programs\Python\Python312\Lib\site-packages\sklearn\utils\validation.py:2749: UserWarning: X does not have valid feature names, but LinearRegression was fitted with feature names
  warnings.warn(
C:\Users\acer\AppData\Local\Programs\Python\Python312\Lib\site-packages\sklearn\utils\validation.py:2749: UserWarning: X does not have valid feature names, but LinearRegression was fitted with feature names
  warnings.warn(
[07/Apr/2026 11:44:25] "GET /status/marketplaces/ HTTP/1.1" 200 631
C:\Users\acer\AppData\Local\Programs\Python\Python312\Lib\site-packages\sklearn\utils\validation.py:2749: UserWarning: X does not have valid feature names, but LinearRegression was fitted with feature names
  warnings.warn(
C:\Users\acer\AppData\Local\Programs\Python\Python312\Lib\site-packages\sklearn\utils\validation.py:2749: UserWarning: X does not have valid feature names, but LinearRegression was fitted with feature names
  warnings.warn(
[07/Apr/2026 11:44:28] "GET /status/marketplaces/ HTTP/1.1" 200 631
C:\Users\acer\AppData\Local\Programs\Python\Python312\Lib\site-packages\sklearn\utils\validation.py:2749: UserWarning: X does not have valid feature names, but LinearRegression was fitted with feature names
  warnings.warn(
C:\Users\acer\AppData\Local\Programs\Python\Python312\Lib\site-packages\sklearn\utils\validation.py:2749: UserWarning: X does not have valid feature names, but LinearRegression was fitted with feature names
  warnings.warn(
[07/Apr/2026 11:44:31] "GET /status/marketplaces/ HTTP/1.1" 200 631
C:\Users\acer\AppData\Local\Programs\Python\Python312\Lib\site-packages\sklearn\utils\validation.py:2749: UserWarning: X does not have valid feature names, but LinearRegression was fitted with feature names
  warnings.warn(
C:\Users\acer\AppData\Local\Programs\Python\Python312\Lib\site-packages\sklearn\utils\validation.py:2749: UserWarning: X does not have valid feature names, but LinearRegression was fitted with feature names
  warnings.warn(
[07/Apr/2026 11:44:34] "GET /status/marketplaces/ HTTP/1.1" 200 631
C:\Users\acer\AppData\Local\Programs\Python\Python312\Lib\site-packages\sklearn\utils\validation.py:2749: UserWarning: X does not have valid feature names, but LinearRegression was fitted with feature names
  warnings.warn(
[07/Apr/2026 11:44:37] "POST /predict/ HTTP/1.1" 200 135
C:\Users\acer\AppData\Local\Programs\Python\Python312\Lib\site-packages\sklearn\utils\validation.py:2749: UserWarning: X does not have valid feature names, but LinearRegression was fitted with feature names
  warnings.warn(
C:\Users\acer\AppData\Local\Programs\Python\Python312\Lib\site-packages\sklearn\utils\validation.py:2749: UserWarning: X does not have valid feature names, but LinearRegression was fitted with feature names
  warnings.warn(
[07/Apr/2026 11:44:37] "POST /predict/marketplace/ HTTP/1.1" 201 315
[07/Apr/2026 11:44:37] "POST /predict/marketplace/ HTTP/1.1" 201 319
C:\Users\acer\AppData\Local\Programs\Python\Python312\Lib\site-packages\sklearn\utils\validation.py:2749: UserWarning: X does not have valid feature names, but LinearRegression was fitted with feature names
  warnings.warn(
C:\Users\acer\AppData\Local\Programs\Python\Python312\Lib\site-packages\sklearn\utils\validation.py:2749: UserWarning: X does not have valid feature names, but LinearRegression was fitted with feature names
  warnings.warn(
[07/Apr/2026 11:44:37] "GET /status/marketplaces/ HTTP/1.1" 200 637
C:\Users\acer\AppData\Local\Programs\Python\Python312\Lib\site-packages\sklearn\utils\validation.py:2749: UserWarning: X does not have valid feature names, but LinearRegression was fitted with feature names
  warnings.warn(
C:\Users\acer\AppData\Local\Programs\Python\Python312\Lib\site-packages\sklearn\utils\validation.py:2749: UserWarning: X does not have valid feature names, but LinearRegression was fitted with feature names
  warnings.warn(
[07/Apr/2026 11:44:37] "GET /status/marketplaces/ HTTP/1.1" 200 637
C:\Users\acer\AppData\Local\Programs\Python\Python312\Lib\site-packages\sklearn\utils\validation.py:2749: UserWarning: X does not have valid feature names, but LinearRegression was fitted with feature names
  warnings.warn(
C:\Users\acer\AppData\Local\Programs\Python\Python312\Lib\site-packages\sklearn\utils\validation.py:2749: UserWarning: X does not have valid feature names, but LinearRegression was fitted with feature names
  warnings.warn(
[07/Apr/2026 11:44:40] "GET /status/marketplaces/ HTTP/1.1" 200 637
C:\Users\acer\AppData\Local\Programs\Python\Python312\Lib\site-packages\sklearn\utils\validation.py:2749: UserWarning: X does not have valid feature names, but LinearRegression was fitted with feature names
  warnings.warn(
C:\Users\acer\AppData\Local\Programs\Python\Python312\Lib\site-packages\sklearn\utils\validation.py:2749: UserWarning: X does not have valid feature names, but LinearRegression was fitted with feature names
  warnings.warn(
[07/Apr/2026 11:44:43] "GET /status/marketplaces/ HTTP/1.1" 200 637
C:\Users\acer\AppData\Local\Programs\Python\Python312\Lib\site-packages\sklearn\utils\validation.py:2749: UserWarning: X does not have valid feature names, but LinearRegression was fitted with feature names
  warnings.warn(
C:\Users\acer\AppData\Local\Programs\Python\Python312\Lib\site-packages\sklearn\utils\validation.py:2749: UserWarning: X does not have valid feature names, but LinearRegression was fitted with feature names
  warnings.warn(
[07/Apr/2026 11:44:46] "GET /status/marketplaces/ HTTP/1.1" 200 637
C:\Users\acer\AppData\Local\Programs\Python\Python312\Lib\site-packages\sklearn\utils\validation.py:2749: UserWarning: X does not have valid feature names, but LinearRegression was fitted with feature names
  warnings.warn(
[07/Apr/2026 11:44:49] "POST /predict/ HTTP/1.1" 200 136
C:\Users\acer\AppData\Local\Programs\Python\Python312\Lib\site-packages\sklearn\utils\validation.py:2749: UserWarning: X does not have valid feature names, but LinearRegression was fitted with feature names
  warnings.warn(
C:\Users\acer\AppData\Local\Programs\Python\Python312\Lib\site-packages\sklearn\utils\validation.py:2749: UserWarning: X does not have valid feature names, but LinearRegression was fitted with feature names
  warnings.warn(
[07/Apr/2026 11:44:49] "POST /predict/marketplace/ HTTP/1.1" 201 316
[07/Apr/2026 11:44:49] "POST /predict/marketplace/ HTTP/1.1" 201 320
C:\Users\acer\AppData\Local\Programs\Python\Python312\Lib\site-packages\sklearn\utils\validation.py:2749: UserWarning: X does not have valid feature names, but LinearRegression was fitted with feature names
  warnings.warn(
C:\Users\acer\AppData\Local\Programs\Python\Python312\Lib\site-packages\sklearn\utils\validation.py:2749: UserWarning: X does not have valid feature names, but LinearRegression was fitted with feature names
  warnings.warn(
[07/Apr/2026 11:44:49] "GET /status/marketplaces/ HTTP/1.1" 200 635
C:\Users\acer\AppData\Local\Programs\Python\Python312\Lib\site-packages\sklearn\utils\validation.py:2749: UserWarning: X does not have valid feature names, but LinearRegression was fitted with feature names
  warnings.warn(
C:\Users\acer\AppData\Local\Programs\Python\Python312\Lib\site-packages\sklearn\utils\validation.py:2749: UserWarning: X does not have valid feature names, but LinearRegression was fitted with feature names
  warnings.warn(
[07/Apr/2026 11:44:49] "GET /status/marketplaces/ HTTP/1.1" 200 635
C:\Users\acer\AppData\Local\Programs\Python\Python312\Lib\site-packages\sklearn\utils\validation.py:2749: UserWarning: X does not have valid feature names, but LinearRegression was fitted with feature names
  warnings.warn(
C:\Users\acer\AppData\Local\Programs\Python\Python312\Lib\site-packages\sklearn\utils\validation.py:2749: UserWarning: X does not have valid feature names, but LinearRegression was fitted with feature names
  warnings.warn(
[07/Apr/2026 11:44:52] "GET /status/marketplaces/ HTTP/1.1" 200 635
C:\Users\acer\AppData\Local\Programs\Python\Python312\Lib\site-packages\sklearn\utils\validation.py:2749: UserWarning: X does not have valid feature names, but LinearRegression was fitted with feature names
  warnings.warn(
[07/Apr/2026 11:44:53] "POST /predict/ HTTP/1.1" 200 137
C:\Users\acer\AppData\Local\Programs\Python\Python312\Lib\site-packages\sklearn\utils\validation.py:2749: UserWarning: X does not have valid feature names, but LinearRegression was fitted with feature names
  warnings.warn(
[07/Apr/2026 11:44:53] "POST /predict/marketplace/ HTTP/1.1" 201 317
C:\Users\acer\AppData\Local\Programs\Python\Python312\Lib\site-packages\sklearn\utils\validation.py:2749: UserWarning: X does not have valid feature names, but LinearRegression was fitted with feature names
  warnings.warn(
[07/Apr/2026 11:44:53] "POST /predict/marketplace/ HTTP/1.1" 201 321
C:\Users\acer\AppData\Local\Programs\Python\Python312\Lib\site-packages\sklearn\utils\validation.py:2749: UserWarning: X does not have valid feature names, but LinearRegression was fitted with feature names
  warnings.warn(
C:\Users\acer\AppData\Local\Programs\Python\Python312\Lib\site-packages\sklearn\utils\validation.py:2749: UserWarning: X does not have valid feature names, but LinearRegression was fitted with feature names
  warnings.warn(
[07/Apr/2026 11:44:53] "GET /status/marketplaces/ HTTP/1.1" 200 641
C:\Users\acer\AppData\Local\Programs\Python\Python312\Lib\site-packages\sklearn\utils\validation.py:2749: UserWarning: X does not have valid feature names, but LinearRegression was fitted with feature names
  warnings.warn(
C:\Users\acer\AppData\Local\Programs\Python\Python312\Lib\site-packages\sklearn\utils\validation.py:2749: UserWarning: X does not have valid feature names, but LinearRegression was fitted with feature names
  warnings.warn(
[07/Apr/2026 11:44:55] "GET /status/marketplaces/ HTTP/1.1" 200 641
C:\Users\acer\AppData\Local\Programs\Python\Python312\Lib\site-packages\sklearn\utils\validation.py:2749: UserWarning: X does not have valid feature names, but LinearRegression was fitted with feature names
  warnings.warn(
C:\Users\acer\AppData\Local\Programs\Python\Python312\Lib\site-packages\sklearn\utils\validation.py:2749: UserWarning: X does not have valid feature names, but LinearRegression was fitted with feature names
  warnings.warn(
[07/Apr/2026 11:44:58] "GET /status/marketplaces/ HTTP/1.1" 200 641
C:\Users\acer\AppData\Local\Programs\Python\Python312\Lib\site-packages\sklearn\utils\validation.py:2749: UserWarning: X does not have valid feature names, but LinearRegression was fitted with feature names
  warnings.warn(
[07/Apr/2026 11:44:58] "POST /predict/ HTTP/1.1" 200 137
C:\Users\acer\AppData\Local\Programs\Python\Python312\Lib\site-packages\sklearn\utils\validation.py:2749: UserWarning: X does not have valid feature names, but LinearRegression was fitted with feature names
  warnings.warn(
[07/Apr/2026 11:44:58] "POST /predict/marketplace/ HTTP/1.1" 201 317
C:\Users\acer\AppData\Local\Programs\Python\Python312\Lib\site-packages\sklearn\utils\validation.py:2749: UserWarning: X does not have valid feature names, but LinearRegression was fitted with feature names
  warnings.warn(
[07/Apr/2026 11:44:58] "POST /predict/marketplace/ HTTP/1.1" 201 321
C:\Users\acer\AppData\Local\Programs\Python\Python312\Lib\site-packages\sklearn\utils\validation.py:2749: UserWarning: X does not have valid feature names, but LinearRegression was fitted with feature names
  warnings.warn(
C:\Users\acer\AppData\Local\Programs\Python\Python312\Lib\site-packages\sklearn\utils\validation.py:2749: UserWarning: X does not have valid feature names, but LinearRegression was fitted with feature names
  warnings.warn(
[07/Apr/2026 11:44:59] "GET /status/marketplaces/ HTTP/1.1" 200 641
C:\Users\acer\AppData\Local\Programs\Python\Python312\Lib\site-packages\sklearn\utils\validation.py:2749: UserWarning: X does not have valid feature names, but LinearRegression was fitted with feature names
  warnings.warn(
C:\Users\acer\AppData\Local\Programs\Python\Python312\Lib\site-packages\sklearn\utils\validation.py:2749: UserWarning: X does not have valid feature names, but LinearRegression was fitted with feature names
  warnings.warn(
[07/Apr/2026 11:45:01] "GET /status/marketplaces/ HTTP/1.1" 200 641
C:\Users\acer\AppData\Local\Programs\Python\Python312\Lib\site-packages\sklearn\utils\validation.py:2749: UserWarning: X does not have valid feature names, but LinearRegression was fitted with feature names
  warnings.warn(
C:\Users\acer\AppData\Local\Programs\Python\Python312\Lib\site-packages\sklearn\utils\validation.py:2749: UserWarning: X does not have valid feature names, but LinearRegression was fitted with feature names
  warnings.warn(
[07/Apr/2026 11:45:04] "GET /status/marketplaces/ HTTP/1.1" 200 641
C:\Users\acer\AppData\Local\Programs\Python\Python312\Lib\site-packages\sklearn\utils\validation.py:2749: UserWarning: X does not have valid feature names, but LinearRegression was fitted with feature names
  warnings.warn(
C:\Users\acer\AppData\Local\Programs\Python\Python312\Lib\site-packages\sklearn\utils\validation.py:2749: UserWarning: X does not have valid feature names, but LinearRegression was fitted with feature names
  warnings.warn(
[07/Apr/2026 11:45:07] "GET /status/marketplaces/ HTTP/1.1" 200 641
C:\Users\acer\AppData\Local\Programs\Python\Python312\Lib\site-packages\sklearn\utils\validation.py:2749: UserWarning: X does not have valid feature names, but LinearRegression was fitted with feature names
  warnings.warn(
C:\Users\acer\AppData\Local\Programs\Python\Python312\Lib\site-packages\sklearn\utils\validation.py:2749: UserWarning: X does not have valid feature names, but LinearRegression was fitted with feature names
  warnings.warn(
[07/Apr/2026 11:45:10] "GET /status/marketplaces/ HTTP/1.1" 200 641
C:\Users\acer\AppData\Local\Programs\Python\Python312\Lib\site-packages\sklearn\utils\validation.py:2749: UserWarning: X does not have valid feature names, but LinearRegression was fitted with feature names
  warnings.warn(
C:\Users\acer\AppData\Local\Programs\Python\Python312\Lib\site-packages\sklearn\utils\validation.py:2749: UserWarning: X does not have valid feature names, but LinearRegression was fitted with feature names
  warnings.warn(
[07/Apr/2026 11:45:13] "GET /status/marketplaces/ HTTP/1.1" 200 641
C:\Users\acer\AppData\Local\Programs\Python\Python312\Lib\site-packages\sklearn\utils\validation.py:2749: UserWarning: X does not have valid feature names, but LinearRegression was fitted with feature names
  warnings.warn(
C:\Users\acer\AppData\Local\Programs\Python\Python312\Lib\site-packages\sklearn\utils\validation.py:2749: UserWarning: X does not have valid feature names, but LinearRegression was fitted with feature names
  warnings.warn(
[07/Apr/2026 11:45:16] "GET /status/marketplaces/ HTTP/1.1" 200 641
C:\Users\acer\AppData\Local\Programs\Python\Python312\Lib\site-packages\sklearn\utils\validation.py:2749: UserWarning: X does not have valid feature names, but LinearRegression was fitted with feature names
  warnings.warn(
C:\Users\acer\AppData\Local\Programs\Python\Python312\Lib\site-packages\sklearn\utils\validation.py:2749: UserWarning: X does not have valid feature names, but LinearRegression was fitted with feature names
  warnings.warn(
[07/Apr/2026 11:45:19] "GET /status/marketplaces/ HTTP/1.1" 200 641
C:\Users\acer\AppData\Local\Programs\Python\Python312\Lib\site-packages\sklearn\utils\validation.py:2749: UserWarning: X does not have valid feature names, but LinearRegression was fitted with feature names
  warnings.warn(
C:\Users\acer\AppData\Local\Programs\Python\Python312\Lib\site-packages\sklearn\utils\validation.py:2749: UserWarning: X does not have valid feature names, but LinearRegression was fitted with feature names
  warnings.warn(
[07/Apr/2026 11:45:22] "GET /status/marketplaces/ HTTP/1.1" 200 641
C:\Users\acer\AppData\Local\Programs\Python\Python312\Lib\site-packages\sklearn\utils\validation.py:2749: UserWarning: X does not have valid feature names, but LinearRegression was fitted with feature names
  warnings.warn(
C:\Users\acer\AppData\Local\Programs\Python\Python312\Lib\site-packages\sklearn\utils\validation.py:2749: UserWarning: X does not have valid feature names, but LinearRegression was fitted with feature names
  warnings.warn(
[07/Apr/2026 11:45:25] "GET /status/marketplaces/ HTTP/1.1" 200 641
C:\Users\acer\AppData\Local\Programs\Python\Python312\Lib\site-packages\sklearn\utils\validation.py:2749: UserWarning: X does not have valid feature names, but LinearRegression was fitted with feature names
  warnings.warn(
C:\Users\acer\AppData\Local\Programs\Python\Python312\Lib\site-packages\sklearn\utils\validation.py:2749: UserWarning: X does not have valid feature names, but LinearRegression was fitted with feature names
  warnings.warn(
[07/Apr/2026 11:45:28] "GET /status/marketplaces/ HTTP/1.1" 200 641
C:\Users\acer\AppData\Local\Programs\Python\Python312\Lib\site-packages\sklearn\utils\validation.py:2749: UserWarning: X does not have valid feature names, but LinearRegression was fitted with feature names
  warnings.warn(
C:\Users\acer\AppData\Local\Programs\Python\Python312\Lib\site-packages\sklearn\utils\validation.py:2749: UserWarning: X does not have valid feature names, but LinearRegression was fitted with feature names
  warnings.warn(
[07/Apr/2026 11:45:31] "GET /status/marketplaces/ HTTP/1.1" 200 641
C:\Users\acer\AppData\Local\Programs\Python\Python312\Lib\site-packages\sklearn\utils\validation.py:2749: UserWarning: X does not have valid feature names, but LinearRegression was fitted with feature names
  warnings.warn(
C:\Users\acer\AppData\Local\Programs\Python\Python312\Lib\site-packages\sklearn\utils\validation.py:2749: UserWarning: X does not have valid feature names, but LinearRegression was fitted with feature names
  warnings.warn(
[07/Apr/2026 11:45:34] "GET /status/marketplaces/ HTTP/1.1" 200 641
C:\Users\acer\AppData\Local\Programs\Python\Python312\Lib\site-packages\sklearn\utils\validation.py:2749: UserWarning: X does not have valid feature names, but LinearRegression was fitted with feature names
  warnings.warn(
C:\Users\acer\AppData\Local\Programs\Python\Python312\Lib\site-packages\sklearn\utils\validation.py:2749: UserWarning: X does not have valid feature names, but LinearRegression was fitted with feature names
  warnings.warn(
[07/Apr/2026 11:45:37] "GET /status/marketplaces/ HTTP/1.1" 200 641
C:\Users\acer\AppData\Local\Programs\Python\Python312\Lib\site-packages\sklearn\utils\validation.py:2749: UserWarning: X does not have valid feature names, but LinearRegression was fitted with feature names
  warnings.warn(
C:\Users\acer\AppData\Local\Programs\Python\Python312\Lib\site-packages\sklearn\utils\validation.py:2749: UserWarning: X does not have valid feature names, but LinearRegression was fitted with feature names
  warnings.warn(
[07/Apr/2026 11:45:40] "GET /status/marketplaces/ HTTP/1.1" 200 641
C:\Users\acer\AppData\Local\Programs\Python\Python312\Lib\site-packages\sklearn\utils\validation.py:2749: UserWarning: X does not have valid feature names, but LinearRegression was fitted with feature names
  warnings.warn(
C:\Users\acer\AppData\Local\Programs\Python\Python312\Lib\site-packages\sklearn\utils\validation.py:2749: UserWarning: X does not have valid feature names, but LinearRegression was fitted with feature names
  warnings.warn(
[07/Apr/2026 11:45:43] "GET /status/marketplaces/ HTTP/1.1" 200 641
C:\Users\acer\AppData\Local\Programs\Python\Python312\Lib\site-packages\sklearn\utils\validation.py:2749: UserWarning: X does not have valid feature names, but LinearRegression was fitted with feature names
  warnings.warn(
C:\Users\acer\AppData\Local\Programs\Python\Python312\Lib\site-packages\sklearn\utils\validation.py:2749: UserWarning: X does not have valid feature names, but LinearRegression was fitted with feature names
  warnings.warn(
[07/Apr/2026 11:45:46] "GET /status/marketplaces/ HTTP/1.1" 200 641
C:\Users\acer\AppData\Local\Programs\Python\Python312\Lib\site-packages\sklearn\utils\validation.py:2749: UserWarning: X does not have valid feature names, but LinearRegression was fitted with feature names
  warnings.warn(
C:\Users\acer\AppData\Local\Programs\Python\Python312\Lib\site-packages\sklearn\utils\validation.py:2749: UserWarning: X does not have valid feature names, but LinearRegression was fitted with feature names
  warnings.warn(
[07/Apr/2026 11:45:49] "GET /status/marketplaces/ HTTP/1.1" 200 641
C:\Users\acer\AppData\Local\Programs\Python\Python312\Lib\site-packages\sklearn\utils\validation.py:2749: UserWarning: X does not have valid feature names, but LinearRegression was fitted with feature names
  warnings.warn(
C:\Users\acer\AppData\Local\Programs\Python\Python312\Lib\site-packages\sklearn\utils\validation.py:2749: UserWarning: X does not have valid feature names, but LinearRegression was fitted with feature names
  warnings.warn(
[07/Apr/2026 11:45:52] "GET /status/marketplaces/ HTTP/1.1" 200 641
C:\Users\acer\AppData\Local\Programs\Python\Python312\Lib\site-packages\sklearn\utils\validation.py:2749: UserWarning: X does not have valid feature names, but LinearRegression was fitted with feature names
  warnings.warn(
C:\Users\acer\AppData\Local\Programs\Python\Python312\Lib\site-packages\sklearn\utils\validation.py:2749: UserWarning: X does not have valid feature names, but LinearRegression was fitted with feature names
  warnings.warn(
[07/Apr/2026 11:45:55] "GET /status/marketplaces/ HTTP/1.1" 200 641
C:\Users\acer\AppData\Local\Programs\Python\Python312\Lib\site-packages\sklearn\utils\validation.py:2749: UserWarning: X does not have valid feature names, but LinearRegression was fitted with feature names
  warnings.warn(
C:\Users\acer\AppData\Local\Programs\Python\Python312\Lib\site-packages\sklearn\utils\validation.py:2749: UserWarning: X does not have valid feature names, but LinearRegression was fitted with feature names
  warnings.warn(
[07/Apr/2026 11:45:58] "GET /status/marketplaces/ HTTP/1.1" 200 641
C:\Users\acer\AppData\Local\Programs\Python\Python312\Lib\site-packages\sklearn\utils\validation.py:2749: UserWarning: X does not have valid feature names, but LinearRegression was fitted with feature names
  warnings.warn(
C:\Users\acer\AppData\Local\Programs\Python\Python312\Lib\site-packages\sklearn\utils\validation.py:2749: UserWarning: X does not have valid feature names, but LinearRegression was fitted with feature names
  warnings.warn(
[07/Apr/2026 11:46:01] "GET /status/marketplaces/ HTTP/1.1" 200 641
C:\Users\acer\AppData\Local\Programs\Python\Python312\Lib\site-packages\sklearn\utils\validation.py:2749: UserWarning: X does not have valid feature names, but LinearRegression was fitted with feature names
  warnings.warn(
C:\Users\acer\AppData\Local\Programs\Python\Python312\Lib\site-packages\sklearn\utils\validation.py:2749: UserWarning: X does not have valid feature names, but LinearRegression was fitted with feature names
  warnings.warn(
[07/Apr/2026 11:46:04] "GET /status/marketplaces/ HTTP/1.1" 200 641
C:\Users\acer\AppData\Local\Programs\Python\Python312\Lib\site-packages\sklearn\utils\validation.py:2749: UserWarning: X does not have valid feature names, but LinearRegression was fitted with feature names
  warnings.warn(
C:\Users\acer\AppData\Local\Programs\Python\Python312\Lib\site-packages\sklearn\utils\validation.py:2749: UserWarning: X does not have valid feature names, but LinearRegression was fitted with feature names
  warnings.warn(
[07/Apr/2026 11:46:07] "GET /status/marketplaces/ HTTP/1.1" 200 641
C:\Users\acer\AppData\Local\Programs\Python\Python312\Lib\site-packages\sklearn\utils\validation.py:2749: UserWarning: X does not have valid feature names, but LinearRegression was fitted with feature names
  warnings.warn(
C:\Users\acer\AppData\Local\Programs\Python\Python312\Lib\site-packages\sklearn\utils\validation.py:2749: UserWarning: X does not have valid feature names, but LinearRegression was fitted with feature names
  warnings.warn(
[07/Apr/2026 11:46:10] "GET /status/marketplaces/ HTTP/1.1" 200 641
C:\Users\acer\AppData\Local\Programs\Python\Python312\Lib\site-packages\sklearn\utils\validation.py:2749: UserWarning: X does not have valid feature names, but LinearRegression was fitted with feature names
  warnings.warn(
C:\Users\acer\AppData\Local\Programs\Python\Python312\Lib\site-packages\sklearn\utils\validation.py:2749: UserWarning: X does not have valid feature names, but LinearRegression was fitted with feature names
  warnings.warn(
[07/Apr/2026 11:46:13] "GET /status/marketplaces/ HTTP/1.1" 200 641
C:\Users\acer\AppData\Local\Programs\Python\Python312\Lib\site-packages\sklearn\utils\validation.py:2749: UserWarning: X does not have valid feature names, but LinearRegression was fitted with feature names
  warnings.warn(
C:\Users\acer\AppData\Local\Programs\Python\Python312\Lib\site-packages\sklearn\utils\validation.py:2749: UserWarning: X does not have valid feature names, but LinearRegression was fitted with feature names
  warnings.warn(
[07/Apr/2026 11:46:16] "GET /status/marketplaces/ HTTP/1.1" 200 641
C:\Users\acer\AppData\Local\Programs\Python\Python312\Lib\site-packages\sklearn\utils\validation.py:2749: UserWarning: X does not have valid feature names, but LinearRegression was fitted with feature names
  warnings.warn(
C:\Users\acer\AppData\Local\Programs\Python\Python312\Lib\site-packages\sklearn\utils\validation.py:2749: UserWarning: X does not have valid feature names, but LinearRegression was fitted with feature names
  warnings.warn(
[07/Apr/2026 11:46:19] "GET /status/marketplaces/ HTTP/1.1" 200 641
C:\Users\acer\AppData\Local\Programs\Python\Python312\Lib\site-packages\sklearn\utils\validation.py:2749: UserWarning: X does not have valid feature names, but LinearRegression was fitted with feature names
  warnings.warn(
C:\Users\acer\AppData\Local\Programs\Python\Python312\Lib\site-packages\sklearn\utils\validation.py:2749: UserWarning: X does not have valid feature names, but LinearRegression was fitted with feature names
  warnings.warn(
[07/Apr/2026 11:46:22] "GET /status/marketplaces/ HTTP/1.1" 200 641
C:\Users\acer\AppData\Local\Programs\Python\Python312\Lib\site-packages\sklearn\utils\validation.py:2749: UserWarning: X does not have valid feature names, but LinearRegression was fitted with feature names
  warnings.warn(
C:\Users\acer\AppData\Local\Programs\Python\Python312\Lib\site-packages\sklearn\utils\validation.py:2749: UserWarning: X does not have valid feature names, but LinearRegression was fitted with feature names
  warnings.warn(
[07/Apr/2026 11:47:12] "POST /predict/ HTTP/1.1" 200 136
[07/Apr/2026 11:47:12] "POST /predict/ HTTP/1.1" 200 137
C:\Users\acer\AppData\Local\Programs\Python\Python312\Lib\site-packages\sklearn\utils\validation.py:2749: UserWarning: X does not have valid feature names, but LinearRegression was fitted with feature names
  warnings.warn(
[07/Apr/2026 11:47:12] "POST /predict/ HTTP/1.1" 200 136
[07/Apr/2026 11:47:12,348] - Broken pipe from ('127.0.0.1', 64063)
[07/Apr/2026 11:47:12,348] - Broken pipe from ('127.0.0.1', 64064)
[07/Apr/2026 11:47:12,429] - Broken pipe from ('127.0.0.1', 64065)
C:\Users\acer\AppData\Local\Programs\Python\Python312\Lib\site-packages\sklearn\utils\validation.py:2749: UserWarning: X does not have valid feature names, but LinearRegression was fitted with feature names
  warnings.warn(
C:\Users\acer\AppData\Local\Programs\Python\Python312\Lib\site-packages\sklearn\utils\validation.py:2749: UserWarning: X does not have valid feature names, but LinearRegression was fitted with feature names
  warnings.warn(
[07/Apr/2026 11:47:20] "GET /status/marketplaces/ HTTP/1.1" 200 641
[07/Apr/2026 11:47:34] "GET /health/ HTTP/1.1" 200 56
C:\Users\acer\AppData\Local\Programs\Python\Python312\Lib\site-packages\sklearn\utils\validation.py:2749: UserWarning: X does not have valid feature names, but LinearRegression was fitted with feature names
  warnings.warn(
C:\Users\acer\AppData\Local\Programs\Python\Python312\Lib\site-packages\sklearn\utils\validation.py:2749: UserWarning: X does not have valid feature names, but LinearRegression was fitted with feature names
  warnings.warn(
[07/Apr/2026 11:47:34] "GET /status/marketplaces/ HTTP/1.1" 200 641
C:\Users\acer\AppData\Local\Programs\Python\Python312\Lib\site-packages\sklearn\utils\validation.py:2749: UserWarning: X does not have valid feature names, but LinearRegression was fitted with feature names
  warnings.warn(
C:\Users\acer\AppData\Local\Programs\Python\Python312\Lib\site-packages\sklearn\utils\validation.py:2749: UserWarning: X does not have valid feature names, but LinearRegression was fitted with feature names
  warnings.warn(
[07/Apr/2026 11:47:38] "GET /status/marketplaces/ HTTP/1.1" 200 641
C:\Users\acer\AppData\Local\Programs\Python\Python312\Lib\site-packages\sklearn\utils\validation.py:2749: UserWarning: X does not have valid feature names, but LinearRegression was fitted with feature names
  warnings.warn(
C:\Users\acer\AppData\Local\Programs\Python\Python312\Lib\site-packages\sklearn\utils\validation.py:2749: UserWarning: X does not have valid feature names, but LinearRegression was fitted with feature names
  warnings.warn(
[07/Apr/2026 11:48:25] "GET /status/marketplaces/ HTTP/1.1" 200 641
[07/Apr/2026 11:48:28] "GET /health/ HTTP/1.1" 200 56
[07/Apr/2026 11:48:28] "GET /health/ HTTP/1.1" 200 56
[07/Apr/2026 11:48:28] "GET /dataset/ HTTP/1.1" 200 556
[07/Apr/2026 11:48:28] "GET /dataset/ HTTP/1.1" 200 556
C:\Users\acer\AppData\Local\Programs\Python\Python312\Lib\site-packages\sklearn\utils\validation.py:2749: UserWarning: X does not have valid feature names, but LinearRegression was fitted with feature names
  warnings.warn(
C:\Users\acer\AppData\Local\Programs\Python\Python312\Lib\site-packages\sklearn\utils\validation.py:2749: UserWarning: X does not have valid feature names, but LinearRegression was fitted with feature names
  warnings.warn(
[07/Apr/2026 11:48:28] "GET /status/marketplaces/ HTTP/1.1" 200 641
C:\Users\acer\AppData\Local\Programs\Python\Python312\Lib\site-packages\sklearn\utils\validation.py:2749: UserWarning: X does not have valid feature names, but LinearRegression was fitted with feature names
  warnings.warn(
C:\Users\acer\AppData\Local\Programs\Python\Python312\Lib\site-packages\sklearn\utils\validation.py:2749: UserWarning: X does not have valid feature names, but LinearRegression was fitted with feature names
  warnings.warn(
[07/Apr/2026 11:48:28] "GET /status/marketplaces/ HTTP/1.1" 200 641
C:\Users\acer\AppData\Local\Programs\Python\Python312\Lib\site-packages\sklearn\utils\validation.py:2749: UserWarning: X does not have valid feature names, but LinearRegression was fitted with feature names
  warnings.warn(
C:\Users\acer\AppData\Local\Programs\Python\Python312\Lib\site-packages\sklearn\utils\validation.py:2749: UserWarning: X does not have valid feature names, but LinearRegression was fitted with feature names
  warnings.warn(
[07/Apr/2026 11:48:31] "GET /status/marketplaces/ HTTP/1.1" 200 641
C:\Users\acer\AppData\Local\Programs\Python\Python312\Lib\site-packages\sklearn\utils\validation.py:2749: UserWarning: X does not have valid feature names, but LinearRegression was fitted with feature names
  warnings.warn(
[07/Apr/2026 11:48:33] "POST /predict/ HTTP/1.1" 200 136
C:\Users\acer\AppData\Local\Programs\Python\Python312\Lib\site-packages\sklearn\utils\validation.py:2749: UserWarning: X does not have valid feature names, but LinearRegression was fitted with feature names
  warnings.warn(
[07/Apr/2026 11:48:33] "POST /predict/marketplace/ HTTP/1.1" 201 316
C:\Users\acer\AppData\Local\Programs\Python\Python312\Lib\site-packages\sklearn\utils\validation.py:2749: UserWarning: X does not have valid feature names, but LinearRegression was fitted with feature names
  warnings.warn(
[07/Apr/2026 11:48:33] "POST /predict/marketplace/ HTTP/1.1" 201 320
C:\Users\acer\AppData\Local\Programs\Python\Python312\Lib\site-packages\sklearn\utils\validation.py:2749: UserWarning: X does not have valid feature names, but LinearRegression was fitted with feature names
  warnings.warn(
C:\Users\acer\AppData\Local\Programs\Python\Python312\Lib\site-packages\sklearn\utils\validation.py:2749: UserWarning: X does not have valid feature names, but LinearRegression was fitted with feature names
  warnings.warn(
[07/Apr/2026 11:48:33] "GET /status/marketplaces/ HTTP/1.1" 200 645
C:\Users\acer\AppData\Local\Programs\Python\Python312\Lib\site-packages\sklearn\utils\validation.py:2749: UserWarning: X does not have valid feature names, but LinearRegression was fitted with feature names
  warnings.warn(
C:\Users\acer\AppData\Local\Programs\Python\Python312\Lib\site-packages\sklearn\utils\validation.py:2749: UserWarning: X does not have valid feature names, but LinearRegression was fitted with feature names
  warnings.warn(
[07/Apr/2026 11:48:34] "GET /status/marketplaces/ HTTP/1.1" 200 645
C:\Users\acer\AppData\Local\Programs\Python\Python312\Lib\site-packages\sklearn\utils\validation.py:2749: UserWarning: X does not have valid feature names, but LinearRegression was fitted with feature names
  warnings.warn(
C:\Users\acer\AppData\Local\Programs\Python\Python312\Lib\site-packages\sklearn\utils\validation.py:2749: UserWarning: X does not have valid feature names, but LinearRegression was fitted with feature names
  warnings.warn(
[07/Apr/2026 11:48:37] "GET /status/marketplaces/ HTTP/1.1" 200 645
C:\Users\acer\AppData\Local\Programs\Python\Python312\Lib\site-packages\sklearn\utils\validation.py:2749: UserWarning: X does not have valid feature names, but LinearRegression was fitted with feature names
  warnings.warn(
C:\Users\acer\AppData\Local\Programs\Python\Python312\Lib\site-packages\sklearn\utils\validation.py:2749: UserWarning: X does not have valid feature names, but LinearRegression was fitted with feature names
  warnings.warn(
[07/Apr/2026 11:48:40] "GET /status/marketplaces/ HTTP/1.1" 200 645
C:\Users\acer\AppData\Local\Programs\Python\Python312\Lib\site-packages\sklearn\utils\validation.py:2749: UserWarning: X does not have valid feature names, but LinearRegression was fitted with feature names
  warnings.warn(
[07/Apr/2026 11:48:41] "POST /predict/ HTTP/1.1" 200 137
C:\Users\acer\AppData\Local\Programs\Python\Python312\Lib\site-packages\sklearn\utils\validation.py:2749: UserWarning: X does not have valid feature names, but LinearRegression was fitted with feature names
  warnings.warn(
[07/Apr/2026 11:48:41] "POST /predict/marketplace/ HTTP/1.1" 201 317
C:\Users\acer\AppData\Local\Programs\Python\Python312\Lib\site-packages\sklearn\utils\validation.py:2749: UserWarning: X does not have valid feature names, but LinearRegression was fitted with feature names
  warnings.warn(
[07/Apr/2026 11:48:41] "POST /predict/marketplace/ HTTP/1.1" 201 321
C:\Users\acer\AppData\Local\Programs\Python\Python312\Lib\site-packages\sklearn\utils\validation.py:2749: UserWarning: X does not have valid feature names, but LinearRegression was fitted with feature names
  warnings.warn(
C:\Users\acer\AppData\Local\Programs\Python\Python312\Lib\site-packages\sklearn\utils\validation.py:2749: UserWarning: X does not have valid feature names, but LinearRegression was fitted with feature names
  warnings.warn(
[07/Apr/2026 11:48:41] "GET /status/marketplaces/ HTTP/1.1" 200 641
C:\Users\acer\AppData\Local\Programs\Python\Python312\Lib\site-packages\sklearn\utils\validation.py:2749: UserWarning: X does not have valid feature names, but LinearRegression was fitted with feature names
  warnings.warn(
C:\Users\acer\AppData\Local\Programs\Python\Python312\Lib\site-packages\sklearn\utils\validation.py:2749: UserWarning: X does not have valid feature names, but LinearRegression was fitted with feature names
  warnings.warn(
[07/Apr/2026 11:48:43] "GET /status/marketplaces/ HTTP/1.1" 200 641
C:\Users\acer\AppData\Local\Programs\Python\Python312\Lib\site-packages\sklearn\utils\validation.py:2749: UserWarning: X does not have valid feature names, but LinearRegression was fitted with feature names
  warnings.warn(
C:\Users\acer\AppData\Local\Programs\Python\Python312\Lib\site-packages\sklearn\utils\validation.py:2749: UserWarning: X does not have valid feature names, but LinearRegression was fitted with feature names
  warnings.warn(
[07/Apr/2026 11:48:46] "GET /status/marketplaces/ HTTP/1.1" 200 641
C:\Users\acer\AppData\Local\Programs\Python\Python312\Lib\site-packages\sklearn\utils\validation.py:2749: UserWarning: X does not have valid feature names, but LinearRegression was fitted with feature names
  warnings.warn(
[07/Apr/2026 11:48:46] "POST /predict/ HTTP/1.1" 200 137
C:\Users\acer\AppData\Local\Programs\Python\Python312\Lib\site-packages\sklearn\utils\validation.py:2749: UserWarning: X does not have valid feature names, but LinearRegression was fitted with feature names
  warnings.warn(
C:\Users\acer\AppData\Local\Programs\Python\Python312\Lib\site-packages\sklearn\utils\validation.py:2749: UserWarning: X does not have valid feature names, but LinearRegression was fitted with feature names
  warnings.warn(
[07/Apr/2026 11:48:46] "POST /predict/marketplace/ HTTP/1.1" 201 317
[07/Apr/2026 11:48:46] "POST /predict/marketplace/ HTTP/1.1" 201 321
C:\Users\acer\AppData\Local\Programs\Python\Python312\Lib\site-packages\sklearn\utils\validation.py:2749: UserWarning: X does not have valid feature names, but LinearRegression was fitted with feature names
  warnings.warn(
C:\Users\acer\AppData\Local\Programs\Python\Python312\Lib\site-packages\sklearn\utils\validation.py:2749: UserWarning: X does not have valid feature names, but LinearRegression was fitted with feature names
  warnings.warn(
[07/Apr/2026 11:48:46] "GET /status/marketplaces/ HTTP/1.1" 200 641
C:\Users\acer\AppData\Local\Programs\Python\Python312\Lib\site-packages\sklearn\utils\validation.py:2749: UserWarning: X does not have valid feature names, but LinearRegression was fitted with feature names
  warnings.warn(
C:\Users\acer\AppData\Local\Programs\Python\Python312\Lib\site-packages\sklearn\utils\validation.py:2749: UserWarning: X does not have valid feature names, but LinearRegression was fitted with feature names
  warnings.warn(
[07/Apr/2026 11:48:49] "GET /status/marketplaces/ HTTP/1.1" 200 641
C:\Users\acer\AppData\Local\Programs\Python\Python312\Lib\site-packages\sklearn\utils\validation.py:2749: UserWarning: X does not have valid feature names, but LinearRegression was fitted with feature names
  warnings.warn(
C:\Users\acer\AppData\Local\Programs\Python\Python312\Lib\site-packages\sklearn\utils\validation.py:2749: UserWarning: X does not have valid feature names, but LinearRegression was fitted with feature names
  warnings.warn(
[07/Apr/2026 11:48:52] "GET /status/marketplaces/ HTTP/1.1" 200 641
C:\Users\acer\AppData\Local\Programs\Python\Python312\Lib\site-packages\sklearn\utils\validation.py:2749: UserWarning: X does not have valid feature names, but LinearRegression was fitted with feature names
  warnings.warn(
C:\Users\acer\AppData\Local\Programs\Python\Python312\Lib\site-packages\sklearn\utils\validation.py:2749: UserWarning: X does not have valid feature names, but LinearRegression was fitted with feature names
  warnings.warn(
[07/Apr/2026 11:48:55] "GET /status/marketplaces/ HTTP/1.1" 200 641
C:\Users\acer\AppData\Local\Programs\Python\Python312\Lib\site-packages\sklearn\utils\validation.py:2749: UserWarning: X does not have valid feature names, but LinearRegression was fitted with feature names
  warnings.warn(
C:\Users\acer\AppData\Local\Programs\Python\Python312\Lib\site-packages\sklearn\utils\validation.py:2749: UserWarning: X does not have valid feature names, but LinearRegression was fitted with feature names
  warnings.warn(
[07/Apr/2026 11:48:58] "GET /status/marketplaces/ HTTP/1.1" 200 641
C:\Users\acer\AppData\Local\Programs\Python\Python312\Lib\site-packages\sklearn\utils\validation.py:2749: UserWarning: X does not have valid feature names, but LinearRegression was fitted with feature names
  warnings.warn(
C:\Users\acer\AppData\Local\Programs\Python\Python312\Lib\site-packages\sklearn\utils\validation.py:2749: UserWarning: X does not have valid feature names, but LinearRegression was fitted with feature names
  warnings.warn(
[07/Apr/2026 11:49:01] "GET /status/marketplaces/ HTTP/1.1" 200 641
C:\Users\acer\AppData\Local\Programs\Python\Python312\Lib\site-packages\sklearn\utils\validation.py:2749: UserWarning: X does not have valid feature names, but LinearRegression was fitted with feature names
  warnings.warn(
C:\Users\acer\AppData\Local\Programs\Python\Python312\Lib\site-packages\sklearn\utils\validation.py:2749: UserWarning: X does not have valid feature names, but LinearRegression was fitted with feature names
  warnings.warn(
[07/Apr/2026 11:49:04] "GET /status/marketplaces/ HTTP/1.1" 200 641
C:\Users\acer\AppData\Local\Programs\Python\Python312\Lib\site-packages\sklearn\utils\validation.py:2749: UserWarning: X does not have valid feature names, but LinearRegression was fitted with feature names
  warnings.warn(
C:\Users\acer\AppData\Local\Programs\Python\Python312\Lib\site-packages\sklearn\utils\validation.py:2749: UserWarning: X does not have valid feature names, but LinearRegression was fitted with feature names
  warnings.warn(
[07/Apr/2026 11:49:07] "GET /status/marketplaces/ HTTP/1.1" 200 641
C:\Users\acer\AppData\Local\Programs\Python\Python312\Lib\site-packages\sklearn\utils\validation.py:2749: UserWarning: X does not have valid feature names, but LinearRegression was fitted with feature names
  warnings.warn(
C:\Users\acer\AppData\Local\Programs\Python\Python312\Lib\site-packages\sklearn\utils\validation.py:2749: UserWarning: X does not have valid feature names, but LinearRegression was fitted with feature names
  warnings.warn(
[07/Apr/2026 11:49:10] "GET /status/marketplaces/ HTTP/1.1" 200 641
C:\Users\acer\AppData\Local\Programs\Python\Python312\Lib\site-packages\sklearn\utils\validation.py:2749: UserWarning: X does not have valid feature names, but LinearRegression was fitted with feature names
  warnings.warn(
C:\Users\acer\AppData\Local\Programs\Python\Python312\Lib\site-packages\sklearn\utils\validation.py:2749: UserWarning: X does not have valid feature names, but LinearRegression was fitted with feature names
  warnings.warn(
[07/Apr/2026 11:49:13] "GET /status/marketplaces/ HTTP/1.1" 200 641
C:\Users\acer\AppData\Local\Programs\Python\Python312\Lib\site-packages\sklearn\utils\validation.py:2749: UserWarning: X does not have valid feature names, but LinearRegression was fitted with feature names
  warnings.warn(
C:\Users\acer\AppData\Local\Programs\Python\Python312\Lib\site-packages\sklearn\utils\validation.py:2749: UserWarning: X does not have valid feature names, but LinearRegression was fitted with feature names
  warnings.warn(
[07/Apr/2026 11:49:16] "GET /status/marketplaces/ HTTP/1.1" 200 641
C:\Users\acer\AppData\Local\Programs\Python\Python312\Lib\site-packages\sklearn\utils\validation.py:2749: UserWarning: X does not have valid feature names, but LinearRegression was fitted with feature names
  warnings.warn(
C:\Users\acer\AppData\Local\Programs\Python\Python312\Lib\site-packages\sklearn\utils\validation.py:2749: UserWarning: X does not have valid feature names, but LinearRegression was fitted with feature names
  warnings.warn(
[07/Apr/2026 11:49:19] "GET /status/marketplaces/ HTTP/1.1" 200 641
C:\Users\acer\AppData\Local\Programs\Python\Python312\Lib\site-packages\sklearn\utils\validation.py:2749: UserWarning: X does not have valid feature names, but LinearRegression was fitted with feature names
  warnings.warn(
C:\Users\acer\AppData\Local\Programs\Python\Python312\Lib\site-packages\sklearn\utils\validation.py:2749: UserWarning: X does not have valid feature names, but LinearRegression was fitted with feature names
  warnings.warn(
[07/Apr/2026 11:49:22] "GET /status/marketplaces/ HTTP/1.1" 200 641
C:\Users\acer\AppData\Local\Programs\Python\Python312\Lib\site-packages\sklearn\utils\validation.py:2749: UserWarning: X does not have valid feature names, but LinearRegression was fitted with feature names
  warnings.warn(
C:\Users\acer\AppData\Local\Programs\Python\Python312\Lib\site-packages\sklearn\utils\validation.py:2749: UserWarning: X does not have valid feature names, but LinearRegression was fitted with feature names
  warnings.warn(
[07/Apr/2026 11:49:25] "GET /status/marketplaces/ HTTP/1.1" 200 641
C:\Users\acer\AppData\Local\Programs\Python\Python312\Lib\site-packages\sklearn\utils\validation.py:2749: UserWarning: X does not have valid feature names, but LinearRegression was fitted with feature names
  warnings.warn(
C:\Users\acer\AppData\Local\Programs\Python\Python312\Lib\site-packages\sklearn\utils\validation.py:2749: UserWarning: X does not have valid feature names, but LinearRegression was fitted with feature names
  warnings.warn(
[07/Apr/2026 11:49:28] "GET /status/marketplaces/ HTTP/1.1" 200 641
C:\Users\acer\AppData\Local\Programs\Python\Python312\Lib\site-packages\sklearn\utils\validation.py:2749: UserWarning: X does not have valid feature names, but LinearRegression was fitted with feature names
  warnings.warn(
C:\Users\acer\AppData\Local\Programs\Python\Python312\Lib\site-packages\sklearn\utils\validation.py:2749: UserWarning: X does not have valid feature names, but LinearRegression was fitted with feature names
  warnings.warn(
[07/Apr/2026 11:49:31] "GET /status/marketplaces/ HTTP/1.1" 200 641
C:\Users\acer\AppData\Local\Programs\Python\Python312\Lib\site-packages\sklearn\utils\validation.py:2749: UserWarning: X does not have valid feature names, but LinearRegression was fitted with feature names
  warnings.warn(
C:\Users\acer\AppData\Local\Programs\Python\Python312\Lib\site-packages\sklearn\utils\validation.py:2749: UserWarning: X does not have valid feature names, but LinearRegression was fitted with feature names
  warnings.warn(
[07/Apr/2026 11:49:36] "GET /status/marketplaces/ HTTP/1.1" 200 641
C:\Users\acer\AppData\Local\Programs\Python\Python312\Lib\site-packages\sklearn\utils\validation.py:2749: UserWarning: X does not have valid feature names, but LinearRegression was fitted with feature names
  warnings.warn(
C:\Users\acer\AppData\Local\Programs\Python\Python312\Lib\site-packages\sklearn\utils\validation.py:2749: UserWarning: X does not have valid feature names, but LinearRegression was fitted with feature names
  warnings.warn(
[07/Apr/2026 11:49:37] "GET /status/marketplaces/ HTTP/1.1" 200 641
C:\Users\acer\AppData\Local\Programs\Python\Python312\Lib\site-packages\sklearn\utils\validation.py:2749: UserWarning: X does not have valid feature names, but LinearRegression was fitted with feature names
  warnings.warn(
C:\Users\acer\AppData\Local\Programs\Python\Python312\Lib\site-packages\sklearn\utils\validation.py:2749: UserWarning: X does not have valid feature names, but LinearRegression was fitted with feature names
  warnings.warn(
[07/Apr/2026 11:49:40] "GET /status/marketplaces/ HTTP/1.1" 200 641
C:\Users\acer\AppData\Local\Programs\Python\Python312\Lib\site-packages\sklearn\utils\validation.py:2749: UserWarning: X does not have valid feature names, but LinearRegression was fitted with feature names
  warnings.warn(
C:\Users\acer\AppData\Local\Programs\Python\Python312\Lib\site-packages\sklearn\utils\validation.py:2749: UserWarning: X does not have valid feature names, but LinearRegression was fitted with feature names
  warnings.warn(
[07/Apr/2026 12:36:58] "GET /status/marketplaces/ HTTP/1.1" 200 641
C:\Users\acer\AppData\Local\Programs\Python\Python312\Lib\site-packages\sklearn\utils\validation.py:2749: UserWarning: X does not have valid feature names, but LinearRegression was fitted with feature names
  warnings.warn(
[07/Apr/2026 12:37:00] "POST /predict/ HTTP/1.1" 200 137
C:\Users\acer\AppData\Local\Programs\Python\Python312\Lib\site-packages\sklearn\utils\validation.py:2749: UserWarning: X does not have valid feature names, but LinearRegression was fitted with feature names
  warnings.warn(
[07/Apr/2026 12:37:00] "POST /predict/marketplace/ HTTP/1.1" 201 317
C:\Users\acer\AppData\Local\Programs\Python\Python312\Lib\site-packages\sklearn\utils\validation.py:2749: UserWarning: X does not have valid feature names, but LinearRegression was fitted with feature names
  warnings.warn(
[07/Apr/2026 12:37:00] "POST /predict/marketplace/ HTTP/1.1" 201 321
C:\Users\acer\AppData\Local\Programs\Python\Python312\Lib\site-packages\sklearn\utils\validation.py:2749: UserWarning: X does not have valid feature names, but LinearRegression was fitted with feature names
  warnings.warn(
C:\Users\acer\AppData\Local\Programs\Python\Python312\Lib\site-packages\sklearn\utils\validation.py:2749: UserWarning: X does not have valid feature names, but LinearRegression was fitted with feature names
  warnings.warn(
[07/Apr/2026 12:37:00] "GET /status/marketplaces/ HTTP/1.1" 200 637
C:\Users\acer\AppData\Local\Programs\Python\Python312\Lib\site-packages\sklearn\utils\validation.py:2749: UserWarning: X does not have valid feature names, but LinearRegression was fitted with feature names
  warnings.warn(
C:\Users\acer\AppData\Local\Programs\Python\Python312\Lib\site-packages\sklearn\utils\validation.py:2749: UserWarning: X does not have valid feature names, but LinearRegression was fitted with feature names
  warnings.warn(
[07/Apr/2026 12:37:01] "GET /status/marketplaces/ HTTP/1.1" 200 637
C:\Users\acer\AppData\Local\Programs\Python\Python312\Lib\site-packages\sklearn\utils\validation.py:2749: UserWarning: X does not have valid feature names, but LinearRegression was fitted with feature names
  warnings.warn(
C:\Users\acer\AppData\Local\Programs\Python\Python312\Lib\site-packages\sklearn\utils\validation.py:2749: UserWarning: X does not have valid feature names, but LinearRegression was fitted with feature names
  warnings.warn(
[07/Apr/2026 12:37:04] "GET /status/marketplaces/ HTTP/1.1" 200 637
C:\Users\acer\AppData\Local\Programs\Python\Python312\Lib\site-packages\sklearn\utils\validation.py:2749: UserWarning: X does not have valid feature names, but LinearRegression was fitted with feature names
  warnings.warn(
C:\Users\acer\AppData\Local\Programs\Python\Python312\Lib\site-packages\sklearn\utils\validation.py:2749: UserWarning: X does not have valid feature names, but LinearRegression was fitted with feature names
  warnings.warn(
[07/Apr/2026 12:37:07] "GET /status/marketplaces/ HTTP/1.1" 200 637
C:\Users\acer\AppData\Local\Programs\Python\Python312\Lib\site-packages\sklearn\utils\validation.py:2749: UserWarning: X does not have valid feature names, but LinearRegression was fitted with feature names
  warnings.warn(
C:\Users\acer\AppData\Local\Programs\Python\Python312\Lib\site-packages\sklearn\utils\validation.py:2749: UserWarning: X does not have valid feature names, but LinearRegression was fitted with feature names
  warnings.warn(
[07/Apr/2026 12:37:10] "GET /status/marketplaces/ HTTP/1.1" 200 637
C:\Users\acer\AppData\Local\Programs\Python\Python312\Lib\site-packages\sklearn\utils\validation.py:2749: UserWarning: X does not have valid feature names, but LinearRegression was fitted with feature names
  warnings.warn(
[07/Apr/2026 12:37:11] "POST /predict/ HTTP/1.1" 200 137
C:\Users\acer\AppData\Local\Programs\Python\Python312\Lib\site-packages\sklearn\utils\validation.py:2749: UserWarning: X does not have valid feature names, but LinearRegression was fitted with feature names
  warnings.warn(
[07/Apr/2026 12:37:11] "POST /predict/marketplace/ HTTP/1.1" 201 317
C:\Users\acer\AppData\Local\Programs\Python\Python312\Lib\site-packages\sklearn\utils\validation.py:2749: UserWarning: X does not have valid feature names, but LinearRegression was fitted with feature names
  warnings.warn(
[07/Apr/2026 12:37:11] "POST /predict/marketplace/ HTTP/1.1" 201 321
C:\Users\acer\AppData\Local\Programs\Python\Python312\Lib\site-packages\sklearn\utils\validation.py:2749: UserWarning: X does not have valid feature names, but LinearRegression was fitted with feature names
  warnings.warn(
C:\Users\acer\AppData\Local\Programs\Python\Python312\Lib\site-packages\sklearn\utils\validation.py:2749: UserWarning: X does not have valid feature names, but LinearRegression was fitted with feature names
  warnings.warn(
[07/Apr/2026 12:37:11] "GET /status/marketplaces/ HTTP/1.1" 200 637
C:\Users\acer\AppData\Local\Programs\Python\Python312\Lib\site-packages\sklearn\utils\validation.py:2749: UserWarning: X does not have valid feature names, but LinearRegression was fitted with feature names
  warnings.warn(
C:\Users\acer\AppData\Local\Programs\Python\Python312\Lib\site-packages\sklearn\utils\validation.py:2749: UserWarning: X does not have valid feature names, but LinearRegression was fitted with feature names
  warnings.warn(
[07/Apr/2026 12:37:13] "GET /status/marketplaces/ HTTP/1.1" 200 637
C:\Users\acer\AppData\Local\Programs\Python\Python312\Lib\site-packages\sklearn\utils\validation.py:2749: UserWarning: X does not have valid feature names, but LinearRegression was fitted with feature names
  warnings.warn(
C:\Users\acer\AppData\Local\Programs\Python\Python312\Lib\site-packages\sklearn\utils\validation.py:2749: UserWarning: X does not have valid feature names, but LinearRegression was fitted with feature names
  warnings.warn(
[07/Apr/2026 12:37:16] "GET /status/marketplaces/ HTTP/1.1" 200 637
C:\Users\acer\AppData\Local\Programs\Python\Python312\Lib\site-packages\sklearn\utils\validation.py:2749: UserWarning: X does not have valid feature names, but LinearRegression was fitted with feature names
  warnings.warn(
[07/Apr/2026 12:37:16] "POST /predict/ HTTP/1.1" 200 136
C:\Users\acer\AppData\Local\Programs\Python\Python312\Lib\site-packages\sklearn\utils\validation.py:2749: UserWarning: X does not have valid feature names, but LinearRegression was fitted with feature names
  warnings.warn(
C:\Users\acer\AppData\Local\Programs\Python\Python312\Lib\site-packages\sklearn\utils\validation.py:2749: UserWarning: X does not have valid feature names, but LinearRegression was fitted with feature names
  warnings.warn(
[07/Apr/2026 12:37:16] "POST /predict/marketplace/ HTTP/1.1" 201 320
[07/Apr/2026 12:37:16] "POST /predict/marketplace/ HTTP/1.1" 201 316
C:\Users\acer\AppData\Local\Programs\Python\Python312\Lib\site-packages\sklearn\utils\validation.py:2749: UserWarning: X does not have valid feature names, but LinearRegression was fitted with feature names
  warnings.warn(
C:\Users\acer\AppData\Local\Programs\Python\Python312\Lib\site-packages\sklearn\utils\validation.py:2749: UserWarning: X does not have valid feature names, but LinearRegression was fitted with feature names
  warnings.warn(
[07/Apr/2026 12:37:16] "GET /status/marketplaces/ HTTP/1.1" 200 645
C:\Users\acer\AppData\Local\Programs\Python\Python312\Lib\site-packages\sklearn\utils\validation.py:2749: UserWarning: X does not have valid feature names, but LinearRegression was fitted with feature names
  warnings.warn(
C:\Users\acer\AppData\Local\Programs\Python\Python312\Lib\site-packages\sklearn\utils\validation.py:2749: UserWarning: X does not have valid feature names, but LinearRegression was fitted with feature names
  warnings.warn(
[07/Apr/2026 12:37:19] "GET /status/marketplaces/ HTTP/1.1" 200 645
C:\Users\acer\AppData\Local\Programs\Python\Python312\Lib\site-packages\sklearn\utils\validation.py:2749: UserWarning: X does not have valid feature names, but LinearRegression was fitted with feature names
  warnings.warn(
C:\Users\acer\AppData\Local\Programs\Python\Python312\Lib\site-packages\sklearn\utils\validation.py:2749: UserWarning: X does not have valid feature names, but LinearRegression was fitted with feature names
  warnings.warn(
[07/Apr/2026 12:37:22] "GET /status/marketplaces/ HTTP/1.1" 200 645
C:\Users\acer\AppData\Local\Programs\Python\Python312\Lib\site-packages\sklearn\utils\validation.py:2749: UserWarning: X does not have valid feature names, but LinearRegression was fitted with feature names
  warnings.warn(
[07/Apr/2026 12:37:22] "POST /predict/ HTTP/1.1" 200 137
C:\Users\acer\AppData\Local\Programs\Python\Python312\Lib\site-packages\sklearn\utils\validation.py:2749: UserWarning: X does not have valid feature names, but LinearRegression was fitted with feature names
  warnings.warn(
C:\Users\acer\AppData\Local\Programs\Python\Python312\Lib\site-packages\sklearn\utils\validation.py:2749: UserWarning: X does not have valid feature names, but LinearRegression was fitted with feature names
  warnings.warn(
[07/Apr/2026 12:37:22] "POST /predict/marketplace/ HTTP/1.1" 201 321
[07/Apr/2026 12:37:22] "POST /predict/marketplace/ HTTP/1.1" 201 317
C:\Users\acer\AppData\Local\Programs\Python\Python312\Lib\site-packages\sklearn\utils\validation.py:2749: UserWarning: X does not have valid feature names, but LinearRegression was fitted with feature names
  warnings.warn(
C:\Users\acer\AppData\Local\Programs\Python\Python312\Lib\site-packages\sklearn\utils\validation.py:2749: UserWarning: X does not have valid feature names, but LinearRegression was fitted with feature names
  warnings.warn(
[07/Apr/2026 12:37:22] "GET /status/marketplaces/ HTTP/1.1" 200 641
C:\Users\acer\AppData\Local\Programs\Python\Python312\Lib\site-packages\sklearn\utils\validation.py:2749: UserWarning: X does not have valid feature names, but LinearRegression was fitted with feature names
  warnings.warn(
C:\Users\acer\AppData\Local\Programs\Python\Python312\Lib\site-packages\sklearn\utils\validation.py:2749: UserWarning: X does not have valid feature names, but LinearRegression was fitted with feature names
  warnings.warn(
[07/Apr/2026 12:37:25] "GET /status/marketplaces/ HTTP/1.1" 200 641
C:\Users\acer\AppData\Local\Programs\Python\Python312\Lib\site-packages\sklearn\utils\validation.py:2749: UserWarning: X does not have valid feature names, but LinearRegression was fitted with feature names
  warnings.warn(
[07/Apr/2026 12:37:27] "POST /predict/ HTTP/1.1" 200 137
C:\Users\acer\AppData\Local\Programs\Python\Python312\Lib\site-packages\sklearn\utils\validation.py:2749: UserWarning: X does not have valid feature names, but LinearRegression was fitted with feature names
  warnings.warn(
[07/Apr/2026 12:37:27] "POST /predict/marketplace/ HTTP/1.1" 201 317
C:\Users\acer\AppData\Local\Programs\Python\Python312\Lib\site-packages\sklearn\utils\validation.py:2749: UserWarning: X does not have valid feature names, but LinearRegression was fitted with feature names
  warnings.warn(
[07/Apr/2026 12:37:27] "POST /predict/marketplace/ HTTP/1.1" 201 321
C:\Users\acer\AppData\Local\Programs\Python\Python312\Lib\site-packages\sklearn\utils\validation.py:2749: UserWarning: X does not have valid feature names, but LinearRegression was fitted with feature names
  warnings.warn(
C:\Users\acer\AppData\Local\Programs\Python\Python312\Lib\site-packages\sklearn\utils\validation.py:2749: UserWarning: X does not have valid feature names, but LinearRegression was fitted with feature names
  warnings.warn(
[07/Apr/2026 12:37:27] "GET /status/marketplaces/ HTTP/1.1" 200 647
C:\Users\acer\AppData\Local\Programs\Python\Python312\Lib\site-packages\sklearn\utils\validation.py:2749: UserWarning: X does not have valid feature names, but LinearRegression was fitted with feature names
  warnings.warn(
C:\Users\acer\AppData\Local\Programs\Python\Python312\Lib\site-packages\sklearn\utils\validation.py:2749: UserWarning: X does not have valid feature names, but LinearRegression was fitted with feature names
  warnings.warn(
[07/Apr/2026 12:37:28] "GET /status/marketplaces/ HTTP/1.1" 200 647
C:\Users\acer\AppData\Local\Programs\Python\Python312\Lib\site-packages\sklearn\utils\validation.py:2749: UserWarning: X does not have valid feature names, but LinearRegression was fitted with feature names
  warnings.warn(
C:\Users\acer\AppData\Local\Programs\Python\Python312\Lib\site-packages\sklearn\utils\validation.py:2749: UserWarning: X does not have valid feature names, but LinearRegression was fitted with feature names
  warnings.warn(
[07/Apr/2026 12:37:31] "GET /status/marketplaces/ HTTP/1.1" 200 647
C:\Users\acer\AppData\Local\Programs\Python\Python312\Lib\site-packages\sklearn\utils\validation.py:2749: UserWarning: X does not have valid feature names, but LinearRegression was fitted with feature names
  warnings.warn(
C:\Users\acer\AppData\Local\Programs\Python\Python312\Lib\site-packages\sklearn\utils\validation.py:2749: UserWarning: X does not have valid feature names, but LinearRegression was fitted with feature names
  warnings.warn(
[07/Apr/2026 12:37:34] "GET /status/marketplaces/ HTTP/1.1" 200 647
C:\Users\acer\AppData\Local\Programs\Python\Python312\Lib\site-packages\sklearn\utils\validation.py:2749: UserWarning: X does not have valid feature names, but LinearRegression was fitted with feature names
  warnings.warn(
[07/Apr/2026 12:37:35] "POST /predict/ HTTP/1.1" 200 137
C:\Users\acer\AppData\Local\Programs\Python\Python312\Lib\site-packages\sklearn\utils\validation.py:2749: UserWarning: X does not have valid feature names, but LinearRegression was fitted with feature names
  warnings.warn(
C:\Users\acer\AppData\Local\Programs\Python\Python312\Lib\site-packages\sklearn\utils\validation.py:2749: UserWarning: X does not have valid feature names, but LinearRegression was fitted with feature names
  warnings.warn(
[07/Apr/2026 12:37:35] "POST /predict/marketplace/ HTTP/1.1" 201 321
[07/Apr/2026 12:37:35] "POST /predict/marketplace/ HTTP/1.1" 201 317
C:\Users\acer\AppData\Local\Programs\Python\Python312\Lib\site-packages\sklearn\utils\validation.py:2749: UserWarning: X does not have valid feature names, but LinearRegression was fitted with feature names
  warnings.warn(
C:\Users\acer\AppData\Local\Programs\Python\Python312\Lib\site-packages\sklearn\utils\validation.py:2749: UserWarning: X does not have valid feature names, but LinearRegression was fitted with feature names
  warnings.warn(
[07/Apr/2026 12:37:35] "GET /status/marketplaces/ HTTP/1.1" 200 637
C:\Users\acer\AppData\Local\Programs\Python\Python312\Lib\site-packages\sklearn\utils\validation.py:2749: UserWarning: X does not have valid feature names, but LinearRegression was fitted with feature names
  warnings.warn(
C:\Users\acer\AppData\Local\Programs\Python\Python312\Lib\site-packages\sklearn\utils\validation.py:2749: UserWarning: X does not have valid feature names, but LinearRegression was fitted with feature names
  warnings.warn(
[07/Apr/2026 12:37:37] "GET /status/marketplaces/ HTTP/1.1" 200 637
C:\Users\acer\AppData\Local\Programs\Python\Python312\Lib\site-packages\sklearn\utils\validation.py:2749: UserWarning: X does not have valid feature names, but LinearRegression was fitted with feature names
  warnings.warn(
C:\Users\acer\AppData\Local\Programs\Python\Python312\Lib\site-packages\sklearn\utils\validation.py:2749: UserWarning: X does not have valid feature names, but LinearRegression was fitted with feature names
  warnings.warn(
[07/Apr/2026 12:37:40] "GET /status/marketplaces/ HTTP/1.1" 200 637
C:\Users\acer\AppData\Local\Programs\Python\Python312\Lib\site-packages\sklearn\utils\validation.py:2749: UserWarning: X does not have valid feature names, but LinearRegression was fitted with feature names
  warnings.warn(
C:\Users\acer\AppData\Local\Programs\Python\Python312\Lib\site-packages\sklearn\utils\validation.py:2749: UserWarning: X does not have valid feature names, but LinearRegression was fitted with feature names
  warnings.warn(
[07/Apr/2026 12:37:43] "GET /status/marketplaces/ HTTP/1.1" 200 637
C:\Users\acer\AppData\Local\Programs\Python\Python312\Lib\site-packages\sklearn\utils\validation.py:2749: UserWarning: X does not have valid feature names, but LinearRegression was fitted with feature names
  warnings.warn(
[07/Apr/2026 12:37:44] "POST /predict/ HTTP/1.1" 200 136
C:\Users\acer\AppData\Local\Programs\Python\Python312\Lib\site-packages\sklearn\utils\validation.py:2749: UserWarning: X does not have valid feature names, but LinearRegression was fitted with feature names
  warnings.warn(
[07/Apr/2026 12:37:44] "POST /predict/marketplace/ HTTP/1.1" 201 320
C:\Users\acer\AppData\Local\Programs\Python\Python312\Lib\site-packages\sklearn\utils\validation.py:2749: UserWarning: X does not have valid feature names, but LinearRegression was fitted with feature names
  warnings.warn(
[07/Apr/2026 12:37:44] "POST /predict/marketplace/ HTTP/1.1" 201 316
C:\Users\acer\AppData\Local\Programs\Python\Python312\Lib\site-packages\sklearn\utils\validation.py:2749: UserWarning: X does not have valid feature names, but LinearRegression was fitted with feature names
  warnings.warn(
C:\Users\acer\AppData\Local\Programs\Python\Python312\Lib\site-packages\sklearn\utils\validation.py:2749: UserWarning: X does not have valid feature names, but LinearRegression was fitted with feature names
  warnings.warn(
[07/Apr/2026 12:37:44] "GET /status/marketplaces/ HTTP/1.1" 200 645
C:\Users\acer\AppData\Local\Programs\Python\Python312\Lib\site-packages\sklearn\utils\validation.py:2749: UserWarning: X does not have valid feature names, but LinearRegression was fitted with feature names
  warnings.warn(
C:\Users\acer\AppData\Local\Programs\Python\Python312\Lib\site-packages\sklearn\utils\validation.py:2749: UserWarning: X does not have valid feature names, but LinearRegression was fitted with feature names
  warnings.warn(
[07/Apr/2026 12:37:46] "GET /status/marketplaces/ HTTP/1.1" 200 645
C:\Users\acer\AppData\Local\Programs\Python\Python312\Lib\site-packages\sklearn\utils\validation.py:2749: UserWarning: X does not have valid feature names, but LinearRegression was fitted with feature names
  warnings.warn(
[07/Apr/2026 12:37:48] "POST /predict/ HTTP/1.1" 200 137
C:\Users\acer\AppData\Local\Programs\Python\Python312\Lib\site-packages\sklearn\utils\validation.py:2749: UserWarning: X does not have valid feature names, but LinearRegression was fitted with feature names
  warnings.warn(
[07/Apr/2026 12:37:48] "POST /predict/marketplace/ HTTP/1.1" 201 317
C:\Users\acer\AppData\Local\Programs\Python\Python312\Lib\site-packages\sklearn\utils\validation.py:2749: UserWarning: X does not have valid feature names, but LinearRegression was fitted with feature names
  warnings.warn(
[07/Apr/2026 12:37:48] "POST /predict/marketplace/ HTTP/1.1" 201 321
C:\Users\acer\AppData\Local\Programs\Python\Python312\Lib\site-packages\sklearn\utils\validation.py:2749: UserWarning: X does not have valid feature names, but LinearRegression was fitted with feature names
  warnings.warn(
C:\Users\acer\AppData\Local\Programs\Python\Python312\Lib\site-packages\sklearn\utils\validation.py:2749: UserWarning: X does not have valid feature names, but LinearRegression was fitted with feature names
  warnings.warn(
[07/Apr/2026 12:37:48] "GET /status/marketplaces/ HTTP/1.1" 200 641
C:\Users\acer\AppData\Local\Programs\Python\Python312\Lib\site-packages\sklearn\utils\validation.py:2749: UserWarning: X does not have valid feature names, but LinearRegression was fitted with feature names
  warnings.warn(
C:\Users\acer\AppData\Local\Programs\Python\Python312\Lib\site-packages\sklearn\utils\validation.py:2749: UserWarning: X does not have valid feature names, but LinearRegression was fitted with feature names
  warnings.warn(
[07/Apr/2026 12:37:49] "GET /status/marketplaces/ HTTP/1.1" 200 641
C:\Users\acer\AppData\Local\Programs\Python\Python312\Lib\site-packages\sklearn\utils\validation.py:2749: UserWarning: X does not have valid feature names, but LinearRegression was fitted with feature names
  warnings.warn(
C:\Users\acer\AppData\Local\Programs\Python\Python312\Lib\site-packages\sklearn\utils\validation.py:2749: UserWarning: X does not have valid feature names, but LinearRegression was fitted with feature names
  warnings.warn(
[07/Apr/2026 12:37:52] "GET /status/marketplaces/ HTTP/1.1" 200 641
C:\Users\acer\AppData\Local\Programs\Python\Python312\Lib\site-packages\sklearn\utils\validation.py:2749: UserWarning: X does not have valid feature names, but LinearRegression was fitted with feature names
  warnings.warn(
[07/Apr/2026 12:37:54] "POST /predict/ HTTP/1.1" 200 137
C:\Users\acer\AppData\Local\Programs\Python\Python312\Lib\site-packages\sklearn\utils\validation.py:2749: UserWarning: X does not have valid feature names, but LinearRegression was fitted with feature names
  warnings.warn(
C:\Users\acer\AppData\Local\Programs\Python\Python312\Lib\site-packages\sklearn\utils\validation.py:2749: UserWarning: X does not have valid feature names, but LinearRegression was fitted with feature names
  warnings.warn(
[07/Apr/2026 12:37:54] "POST /predict/marketplace/ HTTP/1.1" 201 321
[07/Apr/2026 12:37:54] "POST /predict/marketplace/ HTTP/1.1" 201 317
C:\Users\acer\AppData\Local\Programs\Python\Python312\Lib\site-packages\sklearn\utils\validation.py:2749: UserWarning: X does not have valid feature names, but LinearRegression was fitted with feature names
  warnings.warn(
C:\Users\acer\AppData\Local\Programs\Python\Python312\Lib\site-packages\sklearn\utils\validation.py:2749: UserWarning: X does not have valid feature names, but LinearRegression was fitted with feature names
  warnings.warn(
[07/Apr/2026 12:37:54] "GET /status/marketplaces/ HTTP/1.1" 200 647
C:\Users\acer\AppData\Local\Programs\Python\Python312\Lib\site-packages\sklearn\utils\validation.py:2749: UserWarning: X does not have valid feature names, but LinearRegression was fitted with feature names
  warnings.warn(
C:\Users\acer\AppData\Local\Programs\Python\Python312\Lib\site-packages\sklearn\utils\validation.py:2749: UserWarning: X does not have valid feature names, but LinearRegression was fitted with feature names
  warnings.warn(
[07/Apr/2026 12:37:55] "GET /status/marketplaces/ HTTP/1.1" 200 647
C:\Users\acer\AppData\Local\Programs\Python\Python312\Lib\site-packages\sklearn\utils\validation.py:2749: UserWarning: X does not have valid feature names, but LinearRegression was fitted with feature names
  warnings.warn(
[07/Apr/2026 12:37:57] "POST /predict/ HTTP/1.1" 200 137
C:\Users\acer\AppData\Local\Programs\Python\Python312\Lib\site-packages\sklearn\utils\validation.py:2749: UserWarning: X does not have valid feature names, but LinearRegression was fitted with feature names
  warnings.warn(
[07/Apr/2026 12:37:57] "POST /predict/marketplace/ HTTP/1.1" 201 317
C:\Users\acer\AppData\Local\Programs\Python\Python312\Lib\site-packages\sklearn\utils\validation.py:2749: UserWarning: X does not have valid feature names, but LinearRegression was fitted with feature names
  warnings.warn(
[07/Apr/2026 12:37:57] "POST /predict/marketplace/ HTTP/1.1" 201 321
C:\Users\acer\AppData\Local\Programs\Python\Python312\Lib\site-packages\sklearn\utils\validation.py:2749: UserWarning: X does not have valid feature names, but LinearRegression was fitted with feature names
  warnings.warn(
C:\Users\acer\AppData\Local\Programs\Python\Python312\Lib\site-packages\sklearn\utils\validation.py:2749: UserWarning: X does not have valid feature names, but LinearRegression was fitted with feature names
  warnings.warn(
[07/Apr/2026 12:37:57] "GET /status/marketplaces/ HTTP/1.1" 200 637
C:\Users\acer\AppData\Local\Programs\Python\Python312\Lib\site-packages\sklearn\utils\validation.py:2749: UserWarning: X does not have valid feature names, but LinearRegression was fitted with feature names
  warnings.warn(
C:\Users\acer\AppData\Local\Programs\Python\Python312\Lib\site-packages\sklearn\utils\validation.py:2749: UserWarning: X does not have valid feature names, but LinearRegression was fitted with feature names
  warnings.warn(
[07/Apr/2026 12:37:58] "GET /status/marketplaces/ HTTP/1.1" 200 637
C:\Users\acer\AppData\Local\Programs\Python\Python312\Lib\site-packages\sklearn\utils\validation.py:2749: UserWarning: X does not have valid feature names, but LinearRegression was fitted with feature names
  warnings.warn(
C:\Users\acer\AppData\Local\Programs\Python\Python312\Lib\site-packages\sklearn\utils\validation.py:2749: UserWarning: X does not have valid feature names, but LinearRegression was fitted with feature names
  warnings.warn(
[07/Apr/2026 12:38:01] "GET /status/marketplaces/ HTTP/1.1" 200 637
C:\Users\acer\AppData\Local\Programs\Python\Python312\Lib\site-packages\sklearn\utils\validation.py:2749: UserWarning: X does not have valid feature names, but LinearRegression was fitted with feature names
  warnings.warn(
C:\Users\acer\AppData\Local\Programs\Python\Python312\Lib\site-packages\sklearn\utils\validation.py:2749: UserWarning: X does not have valid feature names, but LinearRegression was fitted with feature names
  warnings.warn(
[07/Apr/2026 12:38:04] "GET /status/marketplaces/ HTTP/1.1" 200 637
[07/Apr/2026 12:38:05] "GET /health/ HTTP/1.1" 200 56
[07/Apr/2026 12:38:05] "GET /dataset/ HTTP/1.1" 200 556
[07/Apr/2026 12:38:05] "GET /health/ HTTP/1.1" 200 56
[07/Apr/2026 12:38:06] "GET /dataset/ HTTP/1.1" 200 556
C:\Users\acer\AppData\Local\Programs\Python\Python312\Lib\site-packages\sklearn\utils\validation.py:2749: UserWarning: X does not have valid feature names, but LinearRegression was fitted with feature names
  warnings.warn(
C:\Users\acer\AppData\Local\Programs\Python\Python312\Lib\site-packages\sklearn\utils\validation.py:2749: UserWarning: X does not have valid feature names, but LinearRegression was fitted with feature names
  warnings.warn(
[07/Apr/2026 12:38:06] "GET /status/marketplaces/ HTTP/1.1" 200 637
C:\Users\acer\AppData\Local\Programs\Python\Python312\Lib\site-packages\sklearn\utils\validation.py:2749: UserWarning: X does not have valid feature names, but LinearRegression was fitted with feature names
  warnings.warn(
C:\Users\acer\AppData\Local\Programs\Python\Python312\Lib\site-packages\sklearn\utils\validation.py:2749: UserWarning: X does not have valid feature names, but LinearRegression was fitted with feature names
  warnings.warn(
[07/Apr/2026 12:38:06] "GET /status/marketplaces/ HTTP/1.1" 200 637
C:\Users\acer\AppData\Local\Programs\Python\Python312\Lib\site-packages\sklearn\utils\validation.py:2749: UserWarning: X does not have valid feature names, but LinearRegression was fitted with feature names
  warnings.warn(
C:\Users\acer\AppData\Local\Programs\Python\Python312\Lib\site-packages\sklearn\utils\validation.py:2749: UserWarning: X does not have valid feature names, but LinearRegression was fitted with feature names
  warnings.warn(
[07/Apr/2026 12:38:09] "GET /status/marketplaces/ HTTP/1.1" 200 637
C:\Users\acer\AppData\Local\Programs\Python\Python312\Lib\site-packages\sklearn\utils\validation.py:2749: UserWarning: X does not have valid feature names, but LinearRegression was fitted with feature names
  warnings.warn(
[07/Apr/2026 12:38:09] "POST /predict/ HTTP/1.1" 200 136
C:\Users\acer\AppData\Local\Programs\Python\Python312\Lib\site-packages\sklearn\utils\validation.py:2749: UserWarning: X does not have valid feature names, but LinearRegression was fitted with feature names
  warnings.warn(
[07/Apr/2026 12:38:09] "POST /predict/marketplace/ HTTP/1.1" 201 320
[07/Apr/2026 12:38:09] "POST /predict/marketplace/ HTTP/1.1" 201 316
C:\Users\acer\AppData\Local\Programs\Python\Python312\Lib\site-packages\sklearn\utils\validation.py:2749: UserWarning: X does not have valid feature names, but LinearRegression was fitted with feature names
  warnings.warn(
C:\Users\acer\AppData\Local\Programs\Python\Python312\Lib\site-packages\sklearn\utils\validation.py:2749: UserWarning: X does not have valid feature names, but LinearRegression was fitted with feature names
  warnings.warn(
[07/Apr/2026 12:38:09] "GET /status/marketplaces/ HTTP/1.1" 200 645
C:\Users\acer\AppData\Local\Programs\Python\Python312\Lib\site-packages\sklearn\utils\validation.py:2749: UserWarning: X does not have valid feature names, but LinearRegression was fitted with feature names
  warnings.warn(
C:\Users\acer\AppData\Local\Programs\Python\Python312\Lib\site-packages\sklearn\utils\validation.py:2749: UserWarning: X does not have valid feature names, but LinearRegression was fitted with feature names
  warnings.warn(
[07/Apr/2026 12:38:12] "GET /status/marketplaces/ HTTP/1.1" 200 645
C:\Users\acer\AppData\Local\Programs\Python\Python312\Lib\site-packages\sklearn\utils\validation.py:2749: UserWarning: X does not have valid feature names, but LinearRegression was fitted with feature names
  warnings.warn(
[07/Apr/2026 12:38:14] "POST /predict/ HTTP/1.1" 200 137
C:\Users\acer\AppData\Local\Programs\Python\Python312\Lib\site-packages\sklearn\utils\validation.py:2749: UserWarning: X does not have valid feature names, but LinearRegression was fitted with feature names
  warnings.warn(
[07/Apr/2026 12:38:14] "POST /predict/marketplace/ HTTP/1.1" 201 321
C:\Users\acer\AppData\Local\Programs\Python\Python312\Lib\site-packages\sklearn\utils\validation.py:2749: UserWarning: X does not have valid feature names, but LinearRegression was fitted with feature names
  warnings.warn(
[07/Apr/2026 12:38:14] "POST /predict/marketplace/ HTTP/1.1" 201 317
C:\Users\acer\AppData\Local\Programs\Python\Python312\Lib\site-packages\sklearn\utils\validation.py:2749: UserWarning: X does not have valid feature names, but LinearRegression was fitted with feature names
  warnings.warn(
C:\Users\acer\AppData\Local\Programs\Python\Python312\Lib\site-packages\sklearn\utils\validation.py:2749: UserWarning: X does not have valid feature names, but LinearRegression was fitted with feature names
  warnings.warn(
[07/Apr/2026 12:38:15] "GET /status/marketplaces/ HTTP/1.1" 200 641
C:\Users\acer\AppData\Local\Programs\Python\Python312\Lib\site-packages\sklearn\utils\validation.py:2749: UserWarning: X does not have valid feature names, but LinearRegression was fitted with feature names
  warnings.warn(
C:\Users\acer\AppData\Local\Programs\Python\Python312\Lib\site-packages\sklearn\utils\validation.py:2749: UserWarning: X does not have valid feature names, but LinearRegression was fitted with feature names
  warnings.warn(
[07/Apr/2026 12:38:15] "GET /status/marketplaces/ HTTP/1.1" 200 641
C:\Users\acer\AppData\Local\Programs\Python\Python312\Lib\site-packages\sklearn\utils\validation.py:2749: UserWarning: X does not have valid feature names, but LinearRegression was fitted with feature names
  warnings.warn(
C:\Users\acer\AppData\Local\Programs\Python\Python312\Lib\site-packages\sklearn\utils\validation.py:2749: UserWarning: X does not have valid feature names, but LinearRegression was fitted with feature names
  warnings.warn(
[07/Apr/2026 12:38:18] "GET /status/marketplaces/ HTTP/1.1" 200 641
C:\Users\acer\AppData\Local\Programs\Python\Python312\Lib\site-packages\sklearn\utils\validation.py:2749: UserWarning: X does not have valid feature names, but LinearRegression was fitted with feature names
  warnings.warn(
[07/Apr/2026 12:38:20] "POST /predict/ HTTP/1.1" 200 137
C:\Users\acer\AppData\Local\Programs\Python\Python312\Lib\site-packages\sklearn\utils\validation.py:2749: UserWarning: X does not have valid feature names, but LinearRegression was fitted with feature names
  warnings.warn(
[07/Apr/2026 12:38:20] "POST /predict/marketplace/ HTTP/1.1" 201 317
C:\Users\acer\AppData\Local\Programs\Python\Python312\Lib\site-packages\sklearn\utils\validation.py:2749: UserWarning: X does not have valid feature names, but LinearRegression was fitted with feature names
  warnings.warn(
[07/Apr/2026 12:38:20] "POST /predict/marketplace/ HTTP/1.1" 201 321
C:\Users\acer\AppData\Local\Programs\Python\Python312\Lib\site-packages\sklearn\utils\validation.py:2749: UserWarning: X does not have valid feature names, but LinearRegression was fitted with feature names
  warnings.warn(
C:\Users\acer\AppData\Local\Programs\Python\Python312\Lib\site-packages\sklearn\utils\validation.py:2749: UserWarning: X does not have valid feature names, but LinearRegression was fitted with feature names
  warnings.warn(
[07/Apr/2026 12:38:20] "GET /status/marketplaces/ HTTP/1.1" 200 641
C:\Users\acer\AppData\Local\Programs\Python\Python312\Lib\site-packages\sklearn\utils\validation.py:2749: UserWarning: X does not have valid feature names, but LinearRegression was fitted with feature names
  warnings.warn(
C:\Users\acer\AppData\Local\Programs\Python\Python312\Lib\site-packages\sklearn\utils\validation.py:2749: UserWarning: X does not have valid feature names, but LinearRegression was fitted with feature names
  warnings.warn(
[07/Apr/2026 12:38:21] "GET /status/marketplaces/ HTTP/1.1" 200 641
C:\Users\acer\AppData\Local\Programs\Python\Python312\Lib\site-packages\sklearn\utils\validation.py:2749: UserWarning: X does not have valid feature names, but LinearRegression was fitted with feature names
  warnings.warn(
[07/Apr/2026 12:38:23] "POST /predict/ HTTP/1.1" 200 137
C:\Users\acer\AppData\Local\Programs\Python\Python312\Lib\site-packages\sklearn\utils\validation.py:2749: UserWarning: X does not have valid feature names, but LinearRegression was fitted with feature names
  warnings.warn(
C:\Users\acer\AppData\Local\Programs\Python\Python312\Lib\site-packages\sklearn\utils\validation.py:2749: UserWarning: X does not have valid feature names, but LinearRegression was fitted with feature names
  warnings.warn(
[07/Apr/2026 12:38:23] "POST /predict/marketplace/ HTTP/1.1" 201 321
[07/Apr/2026 12:38:23] "POST /predict/marketplace/ HTTP/1.1" 201 317
C:\Users\acer\AppData\Local\Programs\Python\Python312\Lib\site-packages\sklearn\utils\validation.py:2749: UserWarning: X does not have valid feature names, but LinearRegression was fitted with feature names
  warnings.warn(
C:\Users\acer\AppData\Local\Programs\Python\Python312\Lib\site-packages\sklearn\utils\validation.py:2749: UserWarning: X does not have valid feature names, but LinearRegression was fitted with feature names
  warnings.warn(
[07/Apr/2026 12:38:23] "GET /status/marketplaces/ HTTP/1.1" 200 637
C:\Users\acer\AppData\Local\Programs\Python\Python312\Lib\site-packages\sklearn\utils\validation.py:2749: UserWarning: X does not have valid feature names, but LinearRegression was fitted with feature names
  warnings.warn(
C:\Users\acer\AppData\Local\Programs\Python\Python312\Lib\site-packages\sklearn\utils\validation.py:2749: UserWarning: X does not have valid feature names, but LinearRegression was fitted with feature names
  warnings.warn(
[07/Apr/2026 12:38:24] "GET /status/marketplaces/ HTTP/1.1" 200 637
C:\Users\acer\AppData\Local\Programs\Python\Python312\Lib\site-packages\sklearn\utils\validation.py:2749: UserWarning: X does not have valid feature names, but LinearRegression was fitted with feature names
  warnings.warn(
[07/Apr/2026 12:38:26] "POST /predict/ HTTP/1.1" 200 137
C:\Users\acer\AppData\Local\Programs\Python\Python312\Lib\site-packages\sklearn\utils\validation.py:2749: UserWarning: X does not have valid feature names, but LinearRegression was fitted with feature names
  warnings.warn(
C:\Users\acer\AppData\Local\Programs\Python\Python312\Lib\site-packages\sklearn\utils\validation.py:2749: UserWarning: X does not have valid feature names, but LinearRegression was fitted with feature names
  warnings.warn(
[07/Apr/2026 12:38:26] "POST /predict/marketplace/ HTTP/1.1" 201 321
[07/Apr/2026 12:38:26] "POST /predict/marketplace/ HTTP/1.1" 201 317
C:\Users\acer\AppData\Local\Programs\Python\Python312\Lib\site-packages\sklearn\utils\validation.py:2749: UserWarning: X does not have valid feature names, but LinearRegression was fitted with feature names
  warnings.warn(
C:\Users\acer\AppData\Local\Programs\Python\Python312\Lib\site-packages\sklearn\utils\validation.py:2749: UserWarning: X does not have valid feature names, but LinearRegression was fitted with feature names
  warnings.warn(
[07/Apr/2026 12:38:26] "GET /status/marketplaces/ HTTP/1.1" 200 637
C:\Users\acer\AppData\Local\Programs\Python\Python312\Lib\site-packages\sklearn\utils\validation.py:2749: UserWarning: X does not have valid feature names, but LinearRegression was fitted with feature names
  warnings.warn(
C:\Users\acer\AppData\Local\Programs\Python\Python312\Lib\site-packages\sklearn\utils\validation.py:2749: UserWarning: X does not have valid feature names, but LinearRegression was fitted with feature names
  warnings.warn(
[07/Apr/2026 12:38:27] "GET /status/marketplaces/ HTTP/1.1" 200 637
C:\Users\acer\AppData\Local\Programs\Python\Python312\Lib\site-packages\sklearn\utils\validation.py:2749: UserWarning: X does not have valid feature names, but LinearRegression was fitted with feature names
  warnings.warn(
C:\Users\acer\AppData\Local\Programs\Python\Python312\Lib\site-packages\sklearn\utils\validation.py:2749: UserWarning: X does not have valid feature names, but LinearRegression was fitted with feature names
  warnings.warn(
[07/Apr/2026 12:38:30] "GET /status/marketplaces/ HTTP/1.1" 200 637
C:\Users\acer\AppData\Local\Programs\Python\Python312\Lib\site-packages\sklearn\utils\validation.py:2749: UserWarning: X does not have valid feature names, but LinearRegression was fitted with feature names
  warnings.warn(
[07/Apr/2026 12:38:32] "POST /predict/ HTTP/1.1" 200 137
C:\Users\acer\AppData\Local\Programs\Python\Python312\Lib\site-packages\sklearn\utils\validation.py:2749: UserWarning: X does not have valid feature names, but LinearRegression was fitted with feature names
  warnings.warn(
[07/Apr/2026 12:38:32] "POST /predict/marketplace/ HTTP/1.1" 201 321
[07/Apr/2026 12:38:32] "POST /predict/marketplace/ HTTP/1.1" 201 317
C:\Users\acer\AppData\Local\Programs\Python\Python312\Lib\site-packages\sklearn\utils\validation.py:2749: UserWarning: X does not have valid feature names, but LinearRegression was fitted with feature names
  warnings.warn(
C:\Users\acer\AppData\Local\Programs\Python\Python312\Lib\site-packages\sklearn\utils\validation.py:2749: UserWarning: X does not have valid feature names, but LinearRegression was fitted with feature names
  warnings.warn(
[07/Apr/2026 12:38:32] "GET /status/marketplaces/ HTTP/1.1" 200 647
C:\Users\acer\AppData\Local\Programs\Python\Python312\Lib\site-packages\sklearn\utils\validation.py:2749: UserWarning: X does not have valid feature names, but LinearRegression was fitted with feature names
  warnings.warn(
C:\Users\acer\AppData\Local\Programs\Python\Python312\Lib\site-packages\sklearn\utils\validation.py:2749: UserWarning: X does not have valid feature names, but LinearRegression was fitted with feature names
  warnings.warn(
[07/Apr/2026 12:38:33] "GET /status/marketplaces/ HTTP/1.1" 200 647
C:\Users\acer\AppData\Local\Programs\Python\Python312\Lib\site-packages\sklearn\utils\validation.py:2749: UserWarning: X does not have valid feature names, but LinearRegression was fitted with feature names
  warnings.warn(
C:\Users\acer\AppData\Local\Programs\Python\Python312\Lib\site-packages\sklearn\utils\validation.py:2749: UserWarning: X does not have valid feature names, but LinearRegression was fitted with feature names
  warnings.warn(
[07/Apr/2026 12:38:36] "GET /status/marketplaces/ HTTP/1.1" 200 647
[07/Apr/2026 12:38:38] "GET /health/ HTTP/1.1" 200 56
[07/Apr/2026 12:38:38] "GET /health/ HTTP/1.1" 200 56
[07/Apr/2026 12:38:38] "GET /dataset/ HTTP/1.1" 200 556
[07/Apr/2026 12:38:38] "GET /dataset/ HTTP/1.1" 200 556
C:\Users\acer\AppData\Local\Programs\Python\Python312\Lib\site-packages\sklearn\utils\validation.py:2749: UserWarning: X does not have valid feature names, but LinearRegression was fitted with feature names
  warnings.warn(
C:\Users\acer\AppData\Local\Programs\Python\Python312\Lib\site-packages\sklearn\utils\validation.py:2749: UserWarning: X does not have valid feature names, but LinearRegression was fitted with feature names
  warnings.warn(
[07/Apr/2026 12:38:38] "GET /status/marketplaces/ HTTP/1.1" 200 647
C:\Users\acer\AppData\Local\Programs\Python\Python312\Lib\site-packages\sklearn\utils\validation.py:2749: UserWarning: X does not have valid feature names, but LinearRegression was fitted with feature names
  warnings.warn(
C:\Users\acer\AppData\Local\Programs\Python\Python312\Lib\site-packages\sklearn\utils\validation.py:2749: UserWarning: X does not have valid feature names, but LinearRegression was fitted with feature names
  warnings.warn(
[07/Apr/2026 12:38:38] "GET /status/marketplaces/ HTTP/1.1" 200 647
C:\Users\acer\AppData\Local\Programs\Python\Python312\Lib\site-packages\sklearn\utils\validation.py:2749: UserWarning: X does not have valid feature names, but LinearRegression was fitted with feature names
  warnings.warn(
C:\Users\acer\AppData\Local\Programs\Python\Python312\Lib\site-packages\sklearn\utils\validation.py:2749: UserWarning: X does not have valid feature names, but LinearRegression was fitted with feature names
  warnings.warn(
[07/Apr/2026 12:38:41] "GET /status/marketplaces/ HTTP/1.1" 200 647
C:\Users\acer\AppData\Local\Programs\Python\Python312\Lib\site-packages\sklearn\utils\validation.py:2749: UserWarning: X does not have valid feature names, but LinearRegression was fitted with feature names
  warnings.warn(
[07/Apr/2026 12:38:42] "POST /predict/ HTTP/1.1" 200 136
C:\Users\acer\AppData\Local\Programs\Python\Python312\Lib\site-packages\sklearn\utils\validation.py:2749: UserWarning: X does not have valid feature names, but LinearRegression was fitted with feature names
  warnings.warn(
C:\Users\acer\AppData\Local\Programs\Python\Python312\Lib\site-packages\sklearn\utils\validation.py:2749: UserWarning: X does not have valid feature names, but LinearRegression was fitted with feature names
  warnings.warn(
[07/Apr/2026 12:38:42] "POST /predict/marketplace/ HTTP/1.1" 201 316
[07/Apr/2026 12:38:42] "POST /predict/marketplace/ HTTP/1.1" 201 320
C:\Users\acer\AppData\Local\Programs\Python\Python312\Lib\site-packages\sklearn\utils\validation.py:2749: UserWarning: X does not have valid feature names, but LinearRegression was fitted with feature names
  warnings.warn(
C:\Users\acer\AppData\Local\Programs\Python\Python312\Lib\site-packages\sklearn\utils\validation.py:2749: UserWarning: X does not have valid feature names, but LinearRegression was fitted with feature names
  warnings.warn(
[07/Apr/2026 12:38:42] "GET /status/marketplaces/ HTTP/1.1" 200 645
C:\Users\acer\AppData\Local\Programs\Python\Python312\Lib\site-packages\sklearn\utils\validation.py:2749: UserWarning: X does not have valid feature names, but LinearRegression was fitted with feature names
  warnings.warn(
C:\Users\acer\AppData\Local\Programs\Python\Python312\Lib\site-packages\sklearn\utils\validation.py:2749: UserWarning: X does not have valid feature names, but LinearRegression was fitted with feature names
  warnings.warn(
[07/Apr/2026 12:38:44] "GET /status/marketplaces/ HTTP/1.1" 200 645
C:\Users\acer\AppData\Local\Programs\Python\Python312\Lib\site-packages\sklearn\utils\validation.py:2749: UserWarning: X does not have valid feature names, but LinearRegression was fitted with feature names
  warnings.warn(
C:\Users\acer\AppData\Local\Programs\Python\Python312\Lib\site-packages\sklearn\utils\validation.py:2749: UserWarning: X does not have valid feature names, but LinearRegression was fitted with feature names
  warnings.warn(
[07/Apr/2026 12:38:47] "GET /status/marketplaces/ HTTP/1.1" 200 645
C:\Users\acer\AppData\Local\Programs\Python\Python312\Lib\site-packages\sklearn\utils\validation.py:2749: UserWarning: X does not have valid feature names, but LinearRegression was fitted with feature names
  warnings.warn(
[07/Apr/2026 12:38:48] "POST /predict/ HTTP/1.1" 200 137
C:\Users\acer\AppData\Local\Programs\Python\Python312\Lib\site-packages\sklearn\utils\validation.py:2749: UserWarning: X does not have valid feature names, but LinearRegression was fitted with feature names
  warnings.warn(
C:\Users\acer\AppData\Local\Programs\Python\Python312\Lib\site-packages\sklearn\utils\validation.py:2749: UserWarning: X does not have valid feature names, but LinearRegression was fitted with feature names
  warnings.warn(
[07/Apr/2026 12:38:48] "POST /predict/marketplace/ HTTP/1.1" 201 321
[07/Apr/2026 12:38:48] "POST /predict/marketplace/ HTTP/1.1" 201 317
C:\Users\acer\AppData\Local\Programs\Python\Python312\Lib\site-packages\sklearn\utils\validation.py:2749: UserWarning: X does not have valid feature names, but LinearRegression was fitted with feature names
  warnings.warn(
C:\Users\acer\AppData\Local\Programs\Python\Python312\Lib\site-packages\sklearn\utils\validation.py:2749: UserWarning: X does not have valid feature names, but LinearRegression was fitted with feature names
  warnings.warn(
[07/Apr/2026 12:38:48] "GET /status/marketplaces/ HTTP/1.1" 200 641
C:\Users\acer\AppData\Local\Programs\Python\Python312\Lib\site-packages\sklearn\utils\validation.py:2749: UserWarning: X does not have valid feature names, but LinearRegression was fitted with feature names
  warnings.warn(
C:\Users\acer\AppData\Local\Programs\Python\Python312\Lib\site-packages\sklearn\utils\validation.py:2749: UserWarning: X does not have valid feature names, but LinearRegression was fitted with feature names
  warnings.warn(
[07/Apr/2026 12:38:50] "GET /status/marketplaces/ HTTP/1.1" 200 641
C:\Users\acer\AppData\Local\Programs\Python\Python312\Lib\site-packages\sklearn\utils\validation.py:2749: UserWarning: X does not have valid feature names, but LinearRegression was fitted with feature names
  warnings.warn(
C:\Users\acer\AppData\Local\Programs\Python\Python312\Lib\site-packages\sklearn\utils\validation.py:2749: UserWarning: X does not have valid feature names, but LinearRegression was fitted with feature names
  warnings.warn(
[07/Apr/2026 12:38:53] "GET /status/marketplaces/ HTTP/1.1" 200 641
C:\Users\acer\AppData\Local\Programs\Python\Python312\Lib\site-packages\sklearn\utils\validation.py:2749: UserWarning: X does not have valid feature names, but LinearRegression was fitted with feature names
  warnings.warn(
[07/Apr/2026 12:38:53] "POST /predict/ HTTP/1.1" 200 137
C:\Users\acer\AppData\Local\Programs\Python\Python312\Lib\site-packages\sklearn\utils\validation.py:2749: UserWarning: X does not have valid feature names, but LinearRegression was fitted with feature names
  warnings.warn(
[07/Apr/2026 12:38:53] "POST /predict/marketplace/ HTTP/1.1" 201 321
C:\Users\acer\AppData\Local\Programs\Python\Python312\Lib\site-packages\sklearn\utils\validation.py:2749: UserWarning: X does not have valid feature names, but LinearRegression was fitted with feature names
  warnings.warn(
[07/Apr/2026 12:38:53] "POST /predict/marketplace/ HTTP/1.1" 201 317
C:\Users\acer\AppData\Local\Programs\Python\Python312\Lib\site-packages\sklearn\utils\validation.py:2749: UserWarning: X does not have valid feature names, but LinearRegression was fitted with feature names
  warnings.warn(
C:\Users\acer\AppData\Local\Programs\Python\Python312\Lib\site-packages\sklearn\utils\validation.py:2749: UserWarning: X does not have valid feature names, but LinearRegression was fitted with feature names
  warnings.warn(
[07/Apr/2026 12:38:53] "GET /status/marketplaces/ HTTP/1.1" 200 641
C:\Users\acer\AppData\Local\Programs\Python\Python312\Lib\site-packages\sklearn\utils\validation.py:2749: UserWarning: X does not have valid feature names, but LinearRegression was fitted with feature names
  warnings.warn(
C:\Users\acer\AppData\Local\Programs\Python\Python312\Lib\site-packages\sklearn\utils\validation.py:2749: UserWarning: X does not have valid feature names, but LinearRegression was fitted with feature names
  warnings.warn(
[07/Apr/2026 12:38:56] "GET /status/marketplaces/ HTTP/1.1" 200 641
C:\Users\acer\AppData\Local\Programs\Python\Python312\Lib\site-packages\sklearn\utils\validation.py:2749: UserWarning: X does not have valid feature names, but LinearRegression was fitted with feature names
  warnings.warn(
C:\Users\acer\AppData\Local\Programs\Python\Python312\Lib\site-packages\sklearn\utils\validation.py:2749: UserWarning: X does not have valid feature names, but LinearRegression was fitted with feature names
  warnings.warn(
[07/Apr/2026 12:38:59] "GET /status/marketplaces/ HTTP/1.1" 200 641
C:\Users\acer\AppData\Local\Programs\Python\Python312\Lib\site-packages\sklearn\utils\validation.py:2749: UserWarning: X does not have valid feature names, but LinearRegression was fitted with feature names
  warnings.warn(
C:\Users\acer\AppData\Local\Programs\Python\Python312\Lib\site-packages\sklearn\utils\validation.py:2749: UserWarning: X does not have valid feature names, but LinearRegression was fitted with feature names
  warnings.warn(
[07/Apr/2026 12:39:02] "GET /status/marketplaces/ HTTP/1.1" 200 641
[07/Apr/2026 12:39:03] "GET /health/ HTTP/1.1" 200 56
[07/Apr/2026 12:39:03] "GET /dataset/ HTTP/1.1" 200 556
C:\Users\acer\AppData\Local\Programs\Python\Python312\Lib\site-packages\sklearn\utils\validation.py:2749: UserWarning: X does not have valid feature names, but LinearRegression was fitted with feature names
  warnings.warn(
C:\Users\acer\AppData\Local\Programs\Python\Python312\Lib\site-packages\sklearn\utils\validation.py:2749: UserWarning: X does not have valid feature names, but LinearRegression was fitted with feature names
  warnings.warn(
[07/Apr/2026 12:39:03] "GET /status/marketplaces/ HTTP/1.1" 200 641
C:\Users\acer\AppData\Local\Programs\Python\Python312\Lib\site-packages\sklearn\utils\validation.py:2749: UserWarning: X does not have valid feature names, but LinearRegression was fitted with feature names
  warnings.warn(
C:\Users\acer\AppData\Local\Programs\Python\Python312\Lib\site-packages\sklearn\utils\validation.py:2749: UserWarning: X does not have valid feature names, but LinearRegression was fitted with feature names
  warnings.warn(
[07/Apr/2026 12:39:07] "GET /status/marketplaces/ HTTP/1.1" 200 641
C:\Users\acer\AppData\Local\Programs\Python\Python312\Lib\site-packages\sklearn\utils\validation.py:2749: UserWarning: X does not have valid feature names, but LinearRegression was fitted with feature names
  warnings.warn(
C:\Users\acer\AppData\Local\Programs\Python\Python312\Lib\site-packages\sklearn\utils\validation.py:2749: UserWarning: X does not have valid feature names, but LinearRegression was fitted with feature names
  warnings.warn(
[07/Apr/2026 12:39:10] "GET /status/marketplaces/ HTTP/1.1" 200 641
C:\Users\acer\AppData\Local\Programs\Python\Python312\Lib\site-packages\sklearn\utils\validation.py:2749: UserWarning: X does not have valid feature names, but LinearRegression was fitted with feature names
  warnings.warn(
C:\Users\acer\AppData\Local\Programs\Python\Python312\Lib\site-packages\sklearn\utils\validation.py:2749: UserWarning: X does not have valid feature names, but LinearRegression was fitted with feature names
  warnings.warn(
[07/Apr/2026 12:39:13] "GET /status/marketplaces/ HTTP/1.1" 200 641
C:\Users\acer\AppData\Local\Programs\Python\Python312\Lib\site-packages\sklearn\utils\validation.py:2749: UserWarning: X does not have valid feature names, but LinearRegression was fitted with feature names
  warnings.warn(
C:\Users\acer\AppData\Local\Programs\Python\Python312\Lib\site-packages\sklearn\utils\validation.py:2749: UserWarning: X does not have valid feature names, but LinearRegression was fitted with feature names
  warnings.warn(
[07/Apr/2026 12:39:16] "GET /status/marketplaces/ HTTP/1.1" 200 641
C:\Users\acer\AppData\Local\Programs\Python\Python312\Lib\site-packages\sklearn\utils\validation.py:2749: UserWarning: X does not have valid feature names, but LinearRegression was fitted with feature names
  warnings.warn(
C:\Users\acer\AppData\Local\Programs\Python\Python312\Lib\site-packages\sklearn\utils\validation.py:2749: UserWarning: X does not have valid feature names, but LinearRegression was fitted with feature names
  warnings.warn(
[07/Apr/2026 12:39:19] "GET /status/marketplaces/ HTTP/1.1" 200 641
C:\Users\acer\AppData\Local\Programs\Python\Python312\Lib\site-packages\sklearn\utils\validation.py:2749: UserWarning: X does not have valid feature names, but LinearRegression was fitted with feature names
  warnings.warn(
C:\Users\acer\AppData\Local\Programs\Python\Python312\Lib\site-packages\sklearn\utils\validation.py:2749: UserWarning: X does not have valid feature names, but LinearRegression was fitted with feature names
  warnings.warn(
[07/Apr/2026 12:39:22] "GET /status/marketplaces/ HTTP/1.1" 200 641
C:\Users\acer\AppData\Local\Programs\Python\Python312\Lib\site-packages\sklearn\utils\validation.py:2749: UserWarning: X does not have valid feature names, but LinearRegression was fitted with feature names
  warnings.warn(
C:\Users\acer\AppData\Local\Programs\Python\Python312\Lib\site-packages\sklearn\utils\validation.py:2749: UserWarning: X does not have valid feature names, but LinearRegression was fitted with feature names
  warnings.warn(
[07/Apr/2026 12:39:25] "GET /status/marketplaces/ HTTP/1.1" 200 641
C:\Users\acer\AppData\Local\Programs\Python\Python312\Lib\site-packages\sklearn\utils\validation.py:2749: UserWarning: X does not have valid feature names, but LinearRegression was fitted with feature names
  warnings.warn(
C:\Users\acer\AppData\Local\Programs\Python\Python312\Lib\site-packages\sklearn\utils\validation.py:2749: UserWarning: X does not have valid feature names, but LinearRegression was fitted with feature names
  warnings.warn(
[07/Apr/2026 12:39:28] "GET /status/marketplaces/ HTTP/1.1" 200 641
C:\Users\acer\AppData\Local\Programs\Python\Python312\Lib\site-packages\sklearn\utils\validation.py:2749: UserWarning: X does not have valid feature names, but LinearRegression was fitted with feature names
  warnings.warn(
C:\Users\acer\AppData\Local\Programs\Python\Python312\Lib\site-packages\sklearn\utils\validation.py:2749: UserWarning: X does not have valid feature names, but LinearRegression was fitted with feature names
  warnings.warn(
[07/Apr/2026 12:39:31] "GET /status/marketplaces/ HTTP/1.1" 200 641
C:\Users\acer\AppData\Local\Programs\Python\Python312\Lib\site-packages\sklearn\utils\validation.py:2749: UserWarning: X does not have valid feature names, but LinearRegression was fitted with feature names
  warnings.warn(
C:\Users\acer\AppData\Local\Programs\Python\Python312\Lib\site-packages\sklearn\utils\validation.py:2749: UserWarning: X does not have valid feature names, but LinearRegression was fitted with feature names
  warnings.warn(
[07/Apr/2026 12:39:34] "GET /status/marketplaces/ HTTP/1.1" 200 641
C:\Users\acer\AppData\Local\Programs\Python\Python312\Lib\site-packages\sklearn\utils\validation.py:2749: UserWarning: X does not have valid feature names, but LinearRegression was fitted with feature names
  warnings.warn(
C:\Users\acer\AppData\Local\Programs\Python\Python312\Lib\site-packages\sklearn\utils\validation.py:2749: UserWarning: X does not have valid feature names, but LinearRegression was fitted with feature names
  warnings.warn(
[07/Apr/2026 12:39:37] "GET /status/marketplaces/ HTTP/1.1" 200 641
C:\Users\acer\AppData\Local\Programs\Python\Python312\Lib\site-packages\sklearn\utils\validation.py:2749: UserWarning: X does not have valid feature names, but LinearRegression was fitted with feature names
  warnings.warn(
C:\Users\acer\AppData\Local\Programs\Python\Python312\Lib\site-packages\sklearn\utils\validation.py:2749: UserWarning: X does not have valid feature names, but LinearRegression was fitted with feature names
  warnings.warn(
[07/Apr/2026 12:39:40] "GET /status/marketplaces/ HTTP/1.1" 200 641
C:\Users\acer\AppData\Local\Programs\Python\Python312\Lib\site-packages\sklearn\utils\validation.py:2749: UserWarning: X does not have valid feature names, but LinearRegression was fitted with feature names
  warnings.warn(
C:\Users\acer\AppData\Local\Programs\Python\Python312\Lib\site-packages\sklearn\utils\validation.py:2749: UserWarning: X does not have valid feature names, but LinearRegression was fitted with feature names
  warnings.warn(
[07/Apr/2026 12:39:43] "GET /status/marketplaces/ HTTP/1.1" 200 641
C:\Users\acer\AppData\Local\Programs\Python\Python312\Lib\site-packages\sklearn\utils\validation.py:2749: UserWarning: X does not have valid feature names, but LinearRegression was fitted with feature names
  warnings.warn(
C:\Users\acer\AppData\Local\Programs\Python\Python312\Lib\site-packages\sklearn\utils\validation.py:2749: UserWarning: X does not have valid feature names, but LinearRegression was fitted with feature names
  warnings.warn(
[07/Apr/2026 12:39:46] "GET /status/marketplaces/ HTTP/1.1" 200 641
C:\Users\acer\AppData\Local\Programs\Python\Python312\Lib\site-packages\sklearn\utils\validation.py:2749: UserWarning: X does not have valid feature names, but LinearRegression was fitted with feature names
  warnings.warn(
C:\Users\acer\AppData\Local\Programs\Python\Python312\Lib\site-packages\sklearn\utils\validation.py:2749: UserWarning: X does not have valid feature names, but LinearRegression was fitted with feature names
  warnings.warn(
[07/Apr/2026 12:39:49] "GET /status/marketplaces/ HTTP/1.1" 200 641
C:\Users\acer\AppData\Local\Programs\Python\Python312\Lib\site-packages\sklearn\utils\validation.py:2749: UserWarning: X does not have valid feature names, but LinearRegression was fitted with feature names
  warnings.warn(
C:\Users\acer\AppData\Local\Programs\Python\Python312\Lib\site-packages\sklearn\utils\validation.py:2749: UserWarning: X does not have valid feature names, but LinearRegression was fitted with feature names
  warnings.warn(
[07/Apr/2026 12:39:52] "GET /status/marketplaces/ HTTP/1.1" 200 641
C:\Users\acer\AppData\Local\Programs\Python\Python312\Lib\site-packages\sklearn\utils\validation.py:2749: UserWarning: X does not have valid feature names, but LinearRegression was fitted with feature names
  warnings.warn(
C:\Users\acer\AppData\Local\Programs\Python\Python312\Lib\site-packages\sklearn\utils\validation.py:2749: UserWarning: X does not have valid feature names, but LinearRegression was fitted with feature names
  warnings.warn(
[07/Apr/2026 12:39:55] "GET /status/marketplaces/ HTTP/1.1" 200 641
C:\Users\acer\AppData\Local\Programs\Python\Python312\Lib\site-packages\sklearn\utils\validation.py:2749: UserWarning: X does not have valid feature names, but LinearRegression was fitted with feature names
  warnings.warn(
C:\Users\acer\AppData\Local\Programs\Python\Python312\Lib\site-packages\sklearn\utils\validation.py:2749: UserWarning: X does not have valid feature names, but LinearRegression was fitted with feature names
  warnings.warn(
[07/Apr/2026 12:39:58] "GET /status/marketplaces/ HTTP/1.1" 200 641
[07/Apr/2026 12:40:14] "GET /health/ HTTP/1.1" 200 56
C:\Users\acer\AppData\Local\Programs\Python\Python312\Lib\site-packages\sklearn\utils\validation.py:2749: UserWarning: X does not have valid feature names, but LinearRegression was fitted with feature names
  warnings.warn(
C:\Users\acer\AppData\Local\Programs\Python\Python312\Lib\site-packages\sklearn\utils\validation.py:2749: UserWarning: X does not have valid feature names, but LinearRegression was fitted with feature names
  warnings.warn(
[07/Apr/2026 12:40:14] "GET /status/marketplaces/ HTTP/1.1" 200 641
C:\Users\acer\AppData\Local\Programs\Python\Python312\Lib\site-packages\sklearn\utils\validation.py:2749: UserWarning: X does not have valid feature names, but LinearRegression was fitted with feature names
  warnings.warn(
C:\Users\acer\AppData\Local\Programs\Python\Python312\Lib\site-packages\sklearn\utils\validation.py:2749: UserWarning: X does not have valid feature names, but LinearRegression was fitted with feature names
  warnings.warn(
[07/Apr/2026 12:40:18] "GET /status/marketplaces/ HTTP/1.1" 200 641
C:\Users\acer\AppData\Local\Programs\Python\Python312\Lib\site-packages\sklearn\utils\validation.py:2749: UserWarning: X does not have valid feature names, but LinearRegression was fitted with feature names
  warnings.warn(
C:\Users\acer\AppData\Local\Programs\Python\Python312\Lib\site-packages\sklearn\utils\validation.py:2749: UserWarning: X does not have valid feature names, but LinearRegression was fitted with feature names
  warnings.warn(
[07/Apr/2026 12:40:21] "GET /status/marketplaces/ HTTP/1.1" 200 641
C:\Users\acer\AppData\Local\Programs\Python\Python312\Lib\site-packages\sklearn\utils\validation.py:2749: UserWarning: X does not have valid feature names, but LinearRegression was fitted with feature names
  warnings.warn(
C:\Users\acer\AppData\Local\Programs\Python\Python312\Lib\site-packages\sklearn\utils\validation.py:2749: UserWarning: X does not have valid feature names, but LinearRegression was fitted with feature names
  warnings.warn(
[07/Apr/2026 12:40:24] "GET /status/marketplaces/ HTTP/1.1" 200 641
C:\Users\acer\AppData\Local\Programs\Python\Python312\Lib\site-packages\sklearn\utils\validation.py:2749: UserWarning: X does not have valid feature names, but LinearRegression was fitted with feature names
  warnings.warn(
C:\Users\acer\AppData\Local\Programs\Python\Python312\Lib\site-packages\sklearn\utils\validation.py:2749: UserWarning: X does not have valid feature names, but LinearRegression was fitted with feature names
  warnings.warn(
[07/Apr/2026 12:40:27] "GET /status/marketplaces/ HTTP/1.1" 200 641
C:\Users\acer\AppData\Local\Programs\Python\Python312\Lib\site-packages\sklearn\utils\validation.py:2749: UserWarning: X does not have valid feature names, but LinearRegression was fitted with feature names
  warnings.warn(
C:\Users\acer\AppData\Local\Programs\Python\Python312\Lib\site-packages\sklearn\utils\validation.py:2749: UserWarning: X does not have valid feature names, but LinearRegression was fitted with feature names
  warnings.warn(
[07/Apr/2026 12:40:30] "GET /status/marketplaces/ HTTP/1.1" 200 641
C:\Users\acer\AppData\Local\Programs\Python\Python312\Lib\site-packages\sklearn\utils\validation.py:2749: UserWarning: X does not have valid feature names, but LinearRegression was fitted with feature names
  warnings.warn(
C:\Users\acer\AppData\Local\Programs\Python\Python312\Lib\site-packages\sklearn\utils\validation.py:2749: UserWarning: X does not have valid feature names, but LinearRegression was fitted with feature names
  warnings.warn(
[07/Apr/2026 12:40:59] "GET /status/marketplaces/ HTTP/1.1" 200 641
C:\Users\acer\AppData\Local\Programs\Python\Python312\Lib\site-packages\sklearn\utils\validation.py:2749: UserWarning: X does not have valid feature names, but LinearRegression was fitted with feature names
  warnings.warn(
C:\Users\acer\AppData\Local\Programs\Python\Python312\Lib\site-packages\sklearn\utils\validation.py:2749: UserWarning: X does not have valid feature names, but LinearRegression was fitted with feature names
  warnings.warn(
[07/Apr/2026 12:41:10] "GET /status/marketplaces/ HTTP/1.1" 200 641
C:\Users\acer\AppData\Local\Programs\Python\Python312\Lib\site-packages\sklearn\utils\validation.py:2749: UserWarning: X does not have valid feature names, but LinearRegression was fitted with feature names
  warnings.warn(
C:\Users\acer\AppData\Local\Programs\Python\Python312\Lib\site-packages\sklearn\utils\validation.py:2749: UserWarning: X does not have valid feature names, but LinearRegression was fitted with feature names
  warnings.warn(
[07/Apr/2026 12:41:11] "GET /status/marketplaces/ HTTP/1.1" 200 641
[07/Apr/2026 12:41:12] "GET /health/ HTTP/1.1" 200 56
[07/Apr/2026 12:41:12] "GET /health/ HTTP/1.1" 200 56
[07/Apr/2026 12:41:12] "GET /dataset/ HTTP/1.1" 200 556
[07/Apr/2026 12:41:12] "GET /dataset/ HTTP/1.1" 200 556
C:\Users\acer\AppData\Local\Programs\Python\Python312\Lib\site-packages\sklearn\utils\validation.py:2749: UserWarning: X does not have valid feature names, but LinearRegression was fitted with feature names
  warnings.warn(
C:\Users\acer\AppData\Local\Programs\Python\Python312\Lib\site-packages\sklearn\utils\validation.py:2749: UserWarning: X does not have valid feature names, but LinearRegression was fitted with feature names
  warnings.warn(
[07/Apr/2026 12:41:12] "GET /status/marketplaces/ HTTP/1.1" 200 641
C:\Users\acer\AppData\Local\Programs\Python\Python312\Lib\site-packages\sklearn\utils\validation.py:2749: UserWarning: X does not have valid feature names, but LinearRegression was fitted with feature names
  warnings.warn(
C:\Users\acer\AppData\Local\Programs\Python\Python312\Lib\site-packages\sklearn\utils\validation.py:2749: UserWarning: X does not have valid feature names, but LinearRegression was fitted with feature names
  warnings.warn(
[07/Apr/2026 12:41:12] "GET /status/marketplaces/ HTTP/1.1" 200 641
C:\Users\acer\AppData\Local\Programs\Python\Python312\Lib\site-packages\sklearn\utils\validation.py:2749: UserWarning: X does not have valid feature names, but LinearRegression was fitted with feature names
  warnings.warn(
C:\Users\acer\AppData\Local\Programs\Python\Python312\Lib\site-packages\sklearn\utils\validation.py:2749: UserWarning: X does not have valid feature names, but LinearRegression was fitted with feature names
  warnings.warn(
[07/Apr/2026 12:41:15] "GET /status/marketplaces/ HTTP/1.1" 200 641
C:\Users\acer\AppData\Local\Programs\Python\Python312\Lib\site-packages\sklearn\utils\validation.py:2749: UserWarning: X does not have valid feature names, but LinearRegression was fitted with feature names
  warnings.warn(
[07/Apr/2026 12:41:17] "POST /predict/ HTTP/1.1" 200 136
C:\Users\acer\AppData\Local\Programs\Python\Python312\Lib\site-packages\sklearn\utils\validation.py:2749: UserWarning: X does not have valid feature names, but LinearRegression was fitted with feature names
  warnings.warn(
[07/Apr/2026 12:41:17] "POST /predict/marketplace/ HTTP/1.1" 201 320
C:\Users\acer\AppData\Local\Programs\Python\Python312\Lib\site-packages\sklearn\utils\validation.py:2749: UserWarning: X does not have valid feature names, but LinearRegression was fitted with feature names
  warnings.warn(
[07/Apr/2026 12:41:17] "POST /predict/marketplace/ HTTP/1.1" 201 316
C:\Users\acer\AppData\Local\Programs\Python\Python312\Lib\site-packages\sklearn\utils\validation.py:2749: UserWarning: X does not have valid feature names, but LinearRegression was fitted with feature names
  warnings.warn(
C:\Users\acer\AppData\Local\Programs\Python\Python312\Lib\site-packages\sklearn\utils\validation.py:2749: UserWarning: X does not have valid feature names, but LinearRegression was fitted with feature names
  warnings.warn(
[07/Apr/2026 12:41:17] "GET /status/marketplaces/ HTTP/1.1" 200 645
C:\Users\acer\AppData\Local\Programs\Python\Python312\Lib\site-packages\sklearn\utils\validation.py:2749: UserWarning: X does not have valid feature names, but LinearRegression was fitted with feature names
  warnings.warn(
C:\Users\acer\AppData\Local\Programs\Python\Python312\Lib\site-packages\sklearn\utils\validation.py:2749: UserWarning: X does not have valid feature names, but LinearRegression was fitted with feature names
  warnings.warn(
[07/Apr/2026 12:41:18] "GET /status/marketplaces/ HTTP/1.1" 200 645
C:\Users\acer\AppData\Local\Programs\Python\Python312\Lib\site-packages\sklearn\utils\validation.py:2749: UserWarning: X does not have valid feature names, but LinearRegression was fitted with feature names
  warnings.warn(
C:\Users\acer\AppData\Local\Programs\Python\Python312\Lib\site-packages\sklearn\utils\validation.py:2749: UserWarning: X does not have valid feature names, but LinearRegression was fitted with feature names
  warnings.warn(
[07/Apr/2026 12:41:21] "GET /status/marketplaces/ HTTP/1.1" 200 645
C:\Users\acer\AppData\Local\Programs\Python\Python312\Lib\site-packages\sklearn\utils\validation.py:2749: UserWarning: X does not have valid feature names, but LinearRegression was fitted with feature names
  warnings.warn(
[07/Apr/2026 12:41:22] "POST /predict/ HTTP/1.1" 200 137
C:\Users\acer\AppData\Local\Programs\Python\Python312\Lib\site-packages\sklearn\utils\validation.py:2749: UserWarning: X does not have valid feature names, but LinearRegression was fitted with feature names
  warnings.warn(
C:\Users\acer\AppData\Local\Programs\Python\Python312\Lib\site-packages\sklearn\utils\validation.py:2749: UserWarning: X does not have valid feature names, but LinearRegression was fitted with feature names
  warnings.warn(
[07/Apr/2026 12:41:22] "POST /predict/marketplace/ HTTP/1.1" 201 321
[07/Apr/2026 12:41:22] "POST /predict/marketplace/ HTTP/1.1" 201 317
C:\Users\acer\AppData\Local\Programs\Python\Python312\Lib\site-packages\sklearn\utils\validation.py:2749: UserWarning: X does not have valid feature names, but LinearRegression was fitted with feature names
  warnings.warn(
C:\Users\acer\AppData\Local\Programs\Python\Python312\Lib\site-packages\sklearn\utils\validation.py:2749: UserWarning: X does not have valid feature names, but LinearRegression was fitted with feature names
  warnings.warn(
[07/Apr/2026 12:41:22] "GET /status/marketplaces/ HTTP/1.1" 200 641
C:\Users\acer\AppData\Local\Programs\Python\Python312\Lib\site-packages\sklearn\utils\validation.py:2749: UserWarning: X does not have valid feature names, but LinearRegression was fitted with feature names
  warnings.warn(
C:\Users\acer\AppData\Local\Programs\Python\Python312\Lib\site-packages\sklearn\utils\validation.py:2749: UserWarning: X does not have valid feature names, but LinearRegression was fitted with feature names
  warnings.warn(
[07/Apr/2026 12:41:24] "GET /status/marketplaces/ HTTP/1.1" 200 641
C:\Users\acer\AppData\Local\Programs\Python\Python312\Lib\site-packages\sklearn\utils\validation.py:2749: UserWarning: X does not have valid feature names, but LinearRegression was fitted with feature names
  warnings.warn(
[07/Apr/2026 12:41:27] "POST /predict/ HTTP/1.1" 200 137
C:\Users\acer\AppData\Local\Programs\Python\Python312\Lib\site-packages\sklearn\utils\validation.py:2749: UserWarning: X does not have valid feature names, but LinearRegression was fitted with feature names
  warnings.warn(
[07/Apr/2026 12:41:27] "POST /predict/marketplace/ HTTP/1.1" 201 321
C:\Users\acer\AppData\Local\Programs\Python\Python312\Lib\site-packages\sklearn\utils\validation.py:2749: UserWarning: X does not have valid feature names, but LinearRegression was fitted with feature names
  warnings.warn(
[07/Apr/2026 12:41:27] "POST /predict/marketplace/ HTTP/1.1" 201 317
C:\Users\acer\AppData\Local\Programs\Python\Python312\Lib\site-packages\sklearn\utils\validation.py:2749: UserWarning: X does not have valid feature names, but LinearRegression was fitted with feature names
  warnings.warn(
C:\Users\acer\AppData\Local\Programs\Python\Python312\Lib\site-packages\sklearn\utils\validation.py:2749: UserWarning: X does not have valid feature names, but LinearRegression was fitted with feature names
  warnings.warn(
[07/Apr/2026 12:41:27] "GET /status/marketplaces/ HTTP/1.1" 200 641
C:\Users\acer\AppData\Local\Programs\Python\Python312\Lib\site-packages\sklearn\utils\validation.py:2749: UserWarning: X does not have valid feature names, but LinearRegression was fitted with feature names
  warnings.warn(
C:\Users\acer\AppData\Local\Programs\Python\Python312\Lib\site-packages\sklearn\utils\validation.py:2749: UserWarning: X does not have valid feature names, but LinearRegression was fitted with feature names
  warnings.warn(
[07/Apr/2026 12:41:27] "GET /status/marketplaces/ HTTP/1.1" 200 641
C:\Users\acer\AppData\Local\Programs\Python\Python312\Lib\site-packages\sklearn\utils\validation.py:2749: UserWarning: X does not have valid feature names, but LinearRegression was fitted with feature names
  warnings.warn(
C:\Users\acer\AppData\Local\Programs\Python\Python312\Lib\site-packages\sklearn\utils\validation.py:2749: UserWarning: X does not have valid feature names, but LinearRegression was fitted with feature names
  warnings.warn(
[07/Apr/2026 12:41:30] "GET /status/marketplaces/ HTTP/1.1" 200 641
C:\Users\acer\AppData\Local\Programs\Python\Python312\Lib\site-packages\sklearn\utils\validation.py:2749: UserWarning: X does not have valid feature names, but LinearRegression was fitted with feature names
  warnings.warn(
[07/Apr/2026 12:41:33] "POST /predict/ HTTP/1.1" 200 137
C:\Users\acer\AppData\Local\Programs\Python\Python312\Lib\site-packages\sklearn\utils\validation.py:2749: UserWarning: X does not have valid feature names, but LinearRegression was fitted with feature names
  warnings.warn(
[07/Apr/2026 12:41:33] "POST /predict/marketplace/ HTTP/1.1" 201 317
C:\Users\acer\AppData\Local\Programs\Python\Python312\Lib\site-packages\sklearn\utils\validation.py:2749: UserWarning: X does not have valid feature names, but LinearRegression was fitted with feature names
  warnings.warn(
[07/Apr/2026 12:41:33] "POST /predict/marketplace/ HTTP/1.1" 201 321
C:\Users\acer\AppData\Local\Programs\Python\Python312\Lib\site-packages\sklearn\utils\validation.py:2749: UserWarning: X does not have valid feature names, but LinearRegression was fitted with feature names
  warnings.warn(
C:\Users\acer\AppData\Local\Programs\Python\Python312\Lib\site-packages\sklearn\utils\validation.py:2749: UserWarning: X does not have valid feature names, but LinearRegression was fitted with feature names
  warnings.warn(
[07/Apr/2026 12:41:33] "GET /status/marketplaces/ HTTP/1.1" 200 647
C:\Users\acer\AppData\Local\Programs\Python\Python312\Lib\site-packages\sklearn\utils\validation.py:2749: UserWarning: X does not have valid feature names, but LinearRegression was fitted with feature names
  warnings.warn(
C:\Users\acer\AppData\Local\Programs\Python\Python312\Lib\site-packages\sklearn\utils\validation.py:2749: UserWarning: X does not have valid feature names, but LinearRegression was fitted with feature names
  warnings.warn(
[07/Apr/2026 12:41:33] "GET /status/marketplaces/ HTTP/1.1" 200 647
C:\Users\acer\AppData\Local\Programs\Python\Python312\Lib\site-packages\sklearn\utils\validation.py:2749: UserWarning: X does not have valid feature names, but LinearRegression was fitted with feature names
  warnings.warn(
C:\Users\acer\AppData\Local\Programs\Python\Python312\Lib\site-packages\sklearn\utils\validation.py:2749: UserWarning: X does not have valid feature names, but LinearRegression was fitted with feature names
  warnings.warn(
[07/Apr/2026 12:41:36] "GET /status/marketplaces/ HTTP/1.1" 200 647
C:\Users\acer\AppData\Local\Programs\Python\Python312\Lib\site-packages\sklearn\utils\validation.py:2749: UserWarning: X does not have valid feature names, but LinearRegression was fitted with feature names
  warnings.warn(
[07/Apr/2026 12:41:38] "POST /predict/ HTTP/1.1" 200 136
C:\Users\acer\AppData\Local\Programs\Python\Python312\Lib\site-packages\sklearn\utils\validation.py:2749: UserWarning: X does not have valid feature names, but LinearRegression was fitted with feature names
  warnings.warn(
[07/Apr/2026 12:41:38] "POST /predict/marketplace/ HTTP/1.1" 201 320
C:\Users\acer\AppData\Local\Programs\Python\Python312\Lib\site-packages\sklearn\utils\validation.py:2749: UserWarning: X does not have valid feature names, but LinearRegression was fitted with feature names
  warnings.warn(
[07/Apr/2026 12:41:38] "POST /predict/marketplace/ HTTP/1.1" 201 316
C:\Users\acer\AppData\Local\Programs\Python\Python312\Lib\site-packages\sklearn\utils\validation.py:2749: UserWarning: X does not have valid feature names, but LinearRegression was fitted with feature names
  warnings.warn(
C:\Users\acer\AppData\Local\Programs\Python\Python312\Lib\site-packages\sklearn\utils\validation.py:2749: UserWarning: X does not have valid feature names, but LinearRegression was fitted with feature names
  warnings.warn(
[07/Apr/2026 12:41:38] "GET /status/marketplaces/ HTTP/1.1" 200 645
C:\Users\acer\AppData\Local\Programs\Python\Python312\Lib\site-packages\sklearn\utils\validation.py:2749: UserWarning: X does not have valid feature names, but LinearRegression was fitted with feature names
  warnings.warn(
C:\Users\acer\AppData\Local\Programs\Python\Python312\Lib\site-packages\sklearn\utils\validation.py:2749: UserWarning: X does not have valid feature names, but LinearRegression was fitted with feature names
  warnings.warn(
[07/Apr/2026 12:41:39] "GET /status/marketplaces/ HTTP/1.1" 200 645
C:\Users\acer\AppData\Local\Programs\Python\Python312\Lib\site-packages\sklearn\utils\validation.py:2749: UserWarning: X does not have valid feature names, but LinearRegression was fitted with feature names
  warnings.warn(
C:\Users\acer\AppData\Local\Programs\Python\Python312\Lib\site-packages\sklearn\utils\validation.py:2749: UserWarning: X does not have valid feature names, but LinearRegression was fitted with feature names
  warnings.warn(
[07/Apr/2026 12:41:42] "GET /status/marketplaces/ HTTP/1.1" 200 645
C:\Users\acer\AppData\Local\Programs\Python\Python312\Lib\site-packages\sklearn\utils\validation.py:2749: UserWarning: X does not have valid feature names, but LinearRegression was fitted with feature names
  warnings.warn(
[07/Apr/2026 12:41:44] "POST /predict/ HTTP/1.1" 200 137
C:\Users\acer\AppData\Local\Programs\Python\Python312\Lib\site-packages\sklearn\utils\validation.py:2749: UserWarning: X does not have valid feature names, but LinearRegression was fitted with feature names
  warnings.warn(
[07/Apr/2026 12:41:44] "POST /predict/marketplace/ HTTP/1.1" 201 321
C:\Users\acer\AppData\Local\Programs\Python\Python312\Lib\site-packages\sklearn\utils\validation.py:2749: UserWarning: X does not have valid feature names, but LinearRegression was fitted with feature names
  warnings.warn(
[07/Apr/2026 12:41:44] "POST /predict/marketplace/ HTTP/1.1" 201 317
C:\Users\acer\AppData\Local\Programs\Python\Python312\Lib\site-packages\sklearn\utils\validation.py:2749: UserWarning: X does not have valid feature names, but LinearRegression was fitted with feature names
  warnings.warn(
C:\Users\acer\AppData\Local\Programs\Python\Python312\Lib\site-packages\sklearn\utils\validation.py:2749: UserWarning: X does not have valid feature names, but LinearRegression was fitted with feature names
  warnings.warn(
[07/Apr/2026 12:41:44] "GET /status/marketplaces/ HTTP/1.1" 200 641
C:\Users\acer\AppData\Local\Programs\Python\Python312\Lib\site-packages\sklearn\utils\validation.py:2749: UserWarning: X does not have valid feature names, but LinearRegression was fitted with feature names
  warnings.warn(
C:\Users\acer\AppData\Local\Programs\Python\Python312\Lib\site-packages\sklearn\utils\validation.py:2749: UserWarning: X does not have valid feature names, but LinearRegression was fitted with feature names
  warnings.warn(
[07/Apr/2026 12:41:45] "GET /status/marketplaces/ HTTP/1.1" 200 641
C:\Users\acer\AppData\Local\Programs\Python\Python312\Lib\site-packages\sklearn\utils\validation.py:2749: UserWarning: X does not have valid feature names, but LinearRegression was fitted with feature names
  warnings.warn(
[07/Apr/2026 12:41:46] "POST /predict/ HTTP/1.1" 200 137
C:\Users\acer\AppData\Local\Programs\Python\Python312\Lib\site-packages\sklearn\utils\validation.py:2749: UserWarning: X does not have valid feature names, but LinearRegression was fitted with feature names
  warnings.warn(
[07/Apr/2026 12:41:46] "POST /predict/marketplace/ HTTP/1.1" 201 321
C:\Users\acer\AppData\Local\Programs\Python\Python312\Lib\site-packages\sklearn\utils\validation.py:2749: UserWarning: X does not have valid feature names, but LinearRegression was fitted with feature names
  warnings.warn(
[07/Apr/2026 12:41:46] "POST /predict/marketplace/ HTTP/1.1" 201 317
C:\Users\acer\AppData\Local\Programs\Python\Python312\Lib\site-packages\sklearn\utils\validation.py:2749: UserWarning: X does not have valid feature names, but LinearRegression was fitted with feature names
  warnings.warn(
C:\Users\acer\AppData\Local\Programs\Python\Python312\Lib\site-packages\sklearn\utils\validation.py:2749: UserWarning: X does not have valid feature names, but LinearRegression was fitted with feature names
  warnings.warn(
[07/Apr/2026 12:41:46] "GET /status/marketplaces/ HTTP/1.1" 200 637
C:\Users\acer\AppData\Local\Programs\Python\Python312\Lib\site-packages\sklearn\utils\validation.py:2749: UserWarning: X does not have valid feature names, but LinearRegression was fitted with feature names
  warnings.warn(
C:\Users\acer\AppData\Local\Programs\Python\Python312\Lib\site-packages\sklearn\utils\validation.py:2749: UserWarning: X does not have valid feature names, but LinearRegression was fitted with feature names
  warnings.warn(
[07/Apr/2026 12:41:48] "GET /status/marketplaces/ HTTP/1.1" 200 637
C:\Users\acer\AppData\Local\Programs\Python\Python312\Lib\site-packages\sklearn\utils\validation.py:2749: UserWarning: X does not have valid feature names, but LinearRegression was fitted with feature names
  warnings.warn(
[07/Apr/2026 12:41:49] "POST /predict/ HTTP/1.1" 200 137
C:\Users\acer\AppData\Local\Programs\Python\Python312\Lib\site-packages\sklearn\utils\validation.py:2749: UserWarning: X does not have valid feature names, but LinearRegression was fitted with feature names
  warnings.warn(
[07/Apr/2026 12:41:49] "POST /predict/marketplace/ HTTP/1.1" 201 321
C:\Users\acer\AppData\Local\Programs\Python\Python312\Lib\site-packages\sklearn\utils\validation.py:2749: UserWarning: X does not have valid feature names, but LinearRegression was fitted with feature names
  warnings.warn(
[07/Apr/2026 12:41:49] "POST /predict/marketplace/ HTTP/1.1" 201 317
C:\Users\acer\AppData\Local\Programs\Python\Python312\Lib\site-packages\sklearn\utils\validation.py:2749: UserWarning: X does not have valid feature names, but LinearRegression was fitted with feature names
  warnings.warn(
C:\Users\acer\AppData\Local\Programs\Python\Python312\Lib\site-packages\sklearn\utils\validation.py:2749: UserWarning: X does not have valid feature names, but LinearRegression was fitted with feature names
  warnings.warn(
[07/Apr/2026 12:41:49] "GET /status/marketplaces/ HTTP/1.1" 200 637
C:\Users\acer\AppData\Local\Programs\Python\Python312\Lib\site-packages\sklearn\utils\validation.py:2749: UserWarning: X does not have valid feature names, but LinearRegression was fitted with feature names
  warnings.warn(
C:\Users\acer\AppData\Local\Programs\Python\Python312\Lib\site-packages\sklearn\utils\validation.py:2749: UserWarning: X does not have valid feature names, but LinearRegression was fitted with feature names
  warnings.warn(
[07/Apr/2026 12:41:51] "GET /status/marketplaces/ HTTP/1.1" 200 637
C:\Users\acer\AppData\Local\Programs\Python\Python312\Lib\site-packages\sklearn\utils\validation.py:2749: UserWarning: X does not have valid feature names, but LinearRegression was fitted with feature names
  warnings.warn(
C:\Users\acer\AppData\Local\Programs\Python\Python312\Lib\site-packages\sklearn\utils\validation.py:2749: UserWarning: X does not have valid feature names, but LinearRegression was fitted with feature names
  warnings.warn(
[07/Apr/2026 12:41:54] "GET /status/marketplaces/ HTTP/1.1" 200 637
C:\Users\acer\AppData\Local\Programs\Python\Python312\Lib\site-packages\sklearn\utils\validation.py:2749: UserWarning: X does not have valid feature names, but LinearRegression was fitted with feature names
  warnings.warn(
[07/Apr/2026 12:41:57] "POST /predict/ HTTP/1.1" 200 136
C:\Users\acer\AppData\Local\Programs\Python\Python312\Lib\site-packages\sklearn\utils\validation.py:2749: UserWarning: X does not have valid feature names, but LinearRegression was fitted with feature names
  warnings.warn(
C:\Users\acer\AppData\Local\Programs\Python\Python312\Lib\site-packages\sklearn\utils\validation.py:2749: UserWarning: X does not have valid feature names, but LinearRegression was fitted with feature names
  warnings.warn(
[07/Apr/2026 12:41:57] "POST /predict/marketplace/ HTTP/1.1" 201 320
[07/Apr/2026 12:41:57] "POST /predict/marketplace/ HTTP/1.1" 201 316
C:\Users\acer\AppData\Local\Programs\Python\Python312\Lib\site-packages\sklearn\utils\validation.py:2749: UserWarning: X does not have valid feature names, but LinearRegression was fitted with feature names
  warnings.warn(
C:\Users\acer\AppData\Local\Programs\Python\Python312\Lib\site-packages\sklearn\utils\validation.py:2749: UserWarning: X does not have valid feature names, but LinearRegression was fitted with feature names
  warnings.warn(
[07/Apr/2026 12:41:57] "GET /status/marketplaces/ HTTP/1.1" 200 645
C:\Users\acer\AppData\Local\Programs\Python\Python312\Lib\site-packages\sklearn\utils\validation.py:2749: UserWarning: X does not have valid feature names, but LinearRegression was fitted with feature names
  warnings.warn(
C:\Users\acer\AppData\Local\Programs\Python\Python312\Lib\site-packages\sklearn\utils\validation.py:2749: UserWarning: X does not have valid feature names, but LinearRegression was fitted with feature names
  warnings.warn(
[07/Apr/2026 12:41:57] "GET /status/marketplaces/ HTTP/1.1" 200 645
C:\Users\acer\AppData\Local\Programs\Python\Python312\Lib\site-packages\sklearn\utils\validation.py:2749: UserWarning: X does not have valid feature names, but LinearRegression was fitted with feature names
  warnings.warn(
C:\Users\acer\AppData\Local\Programs\Python\Python312\Lib\site-packages\sklearn\utils\validation.py:2749: UserWarning: X does not have valid feature names, but LinearRegression was fitted with feature names
  warnings.warn(
[07/Apr/2026 12:42:00] "GET /status/marketplaces/ HTTP/1.1" 200 645
C:\Users\acer\AppData\Local\Programs\Python\Python312\Lib\site-packages\sklearn\utils\validation.py:2749: UserWarning: X does not have valid feature names, but LinearRegression was fitted with feature names
  warnings.warn(
C:\Users\acer\AppData\Local\Programs\Python\Python312\Lib\site-packages\sklearn\utils\validation.py:2749: UserWarning: X does not have valid feature names, but LinearRegression was fitted with feature names
  warnings.warn(
[07/Apr/2026 12:42:03] "GET /status/marketplaces/ HTTP/1.1" 200 645
C:\Users\acer\AppData\Local\Programs\Python\Python312\Lib\site-packages\sklearn\utils\validation.py:2749: UserWarning: X does not have valid feature names, but LinearRegression was fitted with feature names
  warnings.warn(
C:\Users\acer\AppData\Local\Programs\Python\Python312\Lib\site-packages\sklearn\utils\validation.py:2749: UserWarning: X does not have valid feature names, but LinearRegression was fitted with feature names
  warnings.warn(
[07/Apr/2026 12:42:06] "GET /status/marketplaces/ HTTP/1.1" 200 645
C:\Users\acer\AppData\Local\Programs\Python\Python312\Lib\site-packages\sklearn\utils\validation.py:2749: UserWarning: X does not have valid feature names, but LinearRegression was fitted with feature names
  warnings.warn(
C:\Users\acer\AppData\Local\Programs\Python\Python312\Lib\site-packages\sklearn\utils\validation.py:2749: UserWarning: X does not have valid feature names, but LinearRegression was fitted with feature names
  warnings.warn(
[07/Apr/2026 12:42:09] "GET /status/marketplaces/ HTTP/1.1" 200 645
C:\Users\acer\AppData\Local\Programs\Python\Python312\Lib\site-packages\sklearn\utils\validation.py:2749: UserWarning: X does not have valid feature names, but LinearRegression was fitted with feature names
  warnings.warn(
C:\Users\acer\AppData\Local\Programs\Python\Python312\Lib\site-packages\sklearn\utils\validation.py:2749: UserWarning: X does not have valid feature names, but LinearRegression was fitted with feature names
  warnings.warn(
[07/Apr/2026 12:42:12] "GET /status/marketplaces/ HTTP/1.1" 200 645
C:\Users\acer\AppData\Local\Programs\Python\Python312\Lib\site-packages\sklearn\utils\validation.py:2749: UserWarning: X does not have valid feature names, but LinearRegression was fitted with feature names
  warnings.warn(
C:\Users\acer\AppData\Local\Programs\Python\Python312\Lib\site-packages\sklearn\utils\validation.py:2749: UserWarning: X does not have valid feature names, but LinearRegression was fitted with feature names
  warnings.warn(
[07/Apr/2026 12:42:15] "GET /status/marketplaces/ HTTP/1.1" 200 645
C:\Users\acer\AppData\Local\Programs\Python\Python312\Lib\site-packages\sklearn\utils\validation.py:2749: UserWarning: X does not have valid feature names, but LinearRegression was fitted with feature names
  warnings.warn(
C:\Users\acer\AppData\Local\Programs\Python\Python312\Lib\site-packages\sklearn\utils\validation.py:2749: UserWarning: X does not have valid feature names, but LinearRegression was fitted with feature names
  warnings.warn(
[07/Apr/2026 12:42:18] "GET /status/marketplaces/ HTTP/1.1" 200 645
C:\Users\acer\AppData\Local\Programs\Python\Python312\Lib\site-packages\sklearn\utils\validation.py:2749: UserWarning: X does not have valid feature names, but LinearRegression was fitted with feature names
  warnings.warn(
C:\Users\acer\AppData\Local\Programs\Python\Python312\Lib\site-packages\sklearn\utils\validation.py:2749: UserWarning: X does not have valid feature names, but LinearRegression was fitted with feature names
  warnings.warn(
[07/Apr/2026 12:42:21] "GET /status/marketplaces/ HTTP/1.1" 200 645
C:\Users\acer\AppData\Local\Programs\Python\Python312\Lib\site-packages\sklearn\utils\validation.py:2749: UserWarning: X does not have valid feature names, but LinearRegression was fitted with feature names
  warnings.warn(
C:\Users\acer\AppData\Local\Programs\Python\Python312\Lib\site-packages\sklearn\utils\validation.py:2749: UserWarning: X does not have valid feature names, but LinearRegression was fitted with feature names
  warnings.warn(
[07/Apr/2026 12:42:24] "GET /status/marketplaces/ HTTP/1.1" 200 645
C:\Users\acer\AppData\Local\Programs\Python\Python312\Lib\site-packages\sklearn\utils\validation.py:2749: UserWarning: X does not have valid feature names, but LinearRegression was fitted with feature names
  warnings.warn(
C:\Users\acer\AppData\Local\Programs\Python\Python312\Lib\site-packages\sklearn\utils\validation.py:2749: UserWarning: X does not have valid feature names, but LinearRegression was fitted with feature names
  warnings.warn(
[07/Apr/2026 12:42:28] "GET /status/marketplaces/ HTTP/1.1" 200 645
C:\Users\acer\AppData\Local\Programs\Python\Python312\Lib\site-packages\sklearn\utils\validation.py:2749: UserWarning: X does not have valid feature names, but LinearRegression was fitted with feature names
  warnings.warn(
C:\Users\acer\AppData\Local\Programs\Python\Python312\Lib\site-packages\sklearn\utils\validation.py:2749: UserWarning: X does not have valid feature names, but LinearRegression was fitted with feature names
  warnings.warn(
[07/Apr/2026 12:42:31] "GET /status/marketplaces/ HTTP/1.1" 200 645
C:\Users\acer\AppData\Local\Programs\Python\Python312\Lib\site-packages\sklearn\utils\validation.py:2749: UserWarning: X does not have valid feature names, but LinearRegression was fitted with feature names
  warnings.warn(
C:\Users\acer\AppData\Local\Programs\Python\Python312\Lib\site-packages\sklearn\utils\validation.py:2749: UserWarning: X does not have valid feature names, but LinearRegression was fitted with feature names
  warnings.warn(
[07/Apr/2026 12:42:34] "GET /status/marketplaces/ HTTP/1.1" 200 645
C:\Users\acer\AppData\Local\Programs\Python\Python312\Lib\site-packages\sklearn\utils\validation.py:2749: UserWarning: X does not have valid feature names, but LinearRegression was fitted with feature names
  warnings.warn(
C:\Users\acer\AppData\Local\Programs\Python\Python312\Lib\site-packages\sklearn\utils\validation.py:2749: UserWarning: X does not have valid feature names, but LinearRegression was fitted with feature names
  warnings.warn(
[07/Apr/2026 12:42:36] "GET /status/marketplaces/ HTTP/1.1" 200 645
C:\Users\acer\AppData\Local\Programs\Python\Python312\Lib\site-packages\sklearn\utils\validation.py:2749: UserWarning: X does not have valid feature names, but LinearRegression was fitted with feature names
  warnings.warn(
C:\Users\acer\AppData\Local\Programs\Python\Python312\Lib\site-packages\sklearn\utils\validation.py:2749: UserWarning: X does not have valid feature names, but LinearRegression was fitted with feature names
  warnings.warn(
[07/Apr/2026 12:42:39] "GET /status/marketplaces/ HTTP/1.1" 200 645
C:\Users\acer\AppData\Local\Programs\Python\Python312\Lib\site-packages\sklearn\utils\validation.py:2749: UserWarning: X does not have valid feature names, but LinearRegression was fitted with feature names
  warnings.warn(
C:\Users\acer\AppData\Local\Programs\Python\Python312\Lib\site-packages\sklearn\utils\validation.py:2749: UserWarning: X does not have valid feature names, but LinearRegression was fitted with feature names
  warnings.warn(
[07/Apr/2026 12:42:42] "GET /status/marketplaces/ HTTP/1.1" 200 645
C:\Users\acer\AppData\Local\Programs\Python\Python312\Lib\site-packages\sklearn\utils\validation.py:2749: UserWarning: X does not have valid feature names, but LinearRegression was fitted with feature names
  warnings.warn(
C:\Users\acer\AppData\Local\Programs\Python\Python312\Lib\site-packages\sklearn\utils\validation.py:2749: UserWarning: X does not have valid feature names, but LinearRegression was fitted with feature names
  warnings.warn(
[07/Apr/2026 12:42:45] "GET /status/marketplaces/ HTTP/1.1" 200 645
C:\Users\acer\AppData\Local\Programs\Python\Python312\Lib\site-packages\sklearn\utils\validation.py:2749: UserWarning: X does not have valid feature names, but LinearRegression was fitted with feature names
  warnings.warn(
C:\Users\acer\AppData\Local\Programs\Python\Python312\Lib\site-packages\sklearn\utils\validation.py:2749: UserWarning: X does not have valid feature names, but LinearRegression was fitted with feature names
  warnings.warn(
[07/Apr/2026 12:42:48] "GET /status/marketplaces/ HTTP/1.1" 200 645
C:\Users\acer\AppData\Local\Programs\Python\Python312\Lib\site-packages\sklearn\utils\validation.py:2749: UserWarning: X does not have valid feature names, but LinearRegression was fitted with feature names
  warnings.warn(
C:\Users\acer\AppData\Local\Programs\Python\Python312\Lib\site-packages\sklearn\utils\validation.py:2749: UserWarning: X does not have valid feature names, but LinearRegression was fitted with feature names
  warnings.warn(
[07/Apr/2026 12:42:51] "GET /status/marketplaces/ HTTP/1.1" 200 645
C:\Users\acer\AppData\Local\Programs\Python\Python312\Lib\site-packages\sklearn\utils\validation.py:2749: UserWarning: X does not have valid feature names, but LinearRegression was fitted with feature names
  warnings.warn(
C:\Users\acer\AppData\Local\Programs\Python\Python312\Lib\site-packages\sklearn\utils\validation.py:2749: UserWarning: X does not have valid feature names, but LinearRegression was fitted with feature names
  warnings.warn(
[07/Apr/2026 12:42:55] "GET /status/marketplaces/ HTTP/1.1" 200 645
C:\Users\acer\AppData\Local\Programs\Python\Python312\Lib\site-packages\sklearn\utils\validation.py:2749: UserWarning: X does not have valid feature names, but LinearRegression was fitted with feature names
  warnings.warn(
C:\Users\acer\AppData\Local\Programs\Python\Python312\Lib\site-packages\sklearn\utils\validation.py:2749: UserWarning: X does not have valid feature names, but LinearRegression was fitted with feature names
  warnings.warn(
[07/Apr/2026 12:42:58] "GET /status/marketplaces/ HTTP/1.1" 200 645
C:\Users\acer\AppData\Local\Programs\Python\Python312\Lib\site-packages\sklearn\utils\validation.py:2749: UserWarning: X does not have valid feature names, but LinearRegression was fitted with feature names
  warnings.warn(
C:\Users\acer\AppData\Local\Programs\Python\Python312\Lib\site-packages\sklearn\utils\validation.py:2749: UserWarning: X does not have valid feature names, but LinearRegression was fitted with feature names
  warnings.warn(
[07/Apr/2026 12:43:01] "GET /status/marketplaces/ HTTP/1.1" 200 645
C:\Users\acer\AppData\Local\Programs\Python\Python312\Lib\site-packages\sklearn\utils\validation.py:2749: UserWarning: X does not have valid feature names, but LinearRegression was fitted with feature names
  warnings.warn(
C:\Users\acer\AppData\Local\Programs\Python\Python312\Lib\site-packages\sklearn\utils\validation.py:2749: UserWarning: X does not have valid feature names, but LinearRegression was fitted with feature names
  warnings.warn(
[07/Apr/2026 12:43:04] "GET /status/marketplaces/ HTTP/1.1" 200 645
C:\Users\acer\AppData\Local\Programs\Python\Python312\Lib\site-packages\sklearn\utils\validation.py:2749: UserWarning: X does not have valid feature names, but LinearRegression was fitted with feature names
  warnings.warn(
C:\Users\acer\AppData\Local\Programs\Python\Python312\Lib\site-packages\sklearn\utils\validation.py:2749: UserWarning: X does not have valid feature names, but LinearRegression was fitted with feature names
  warnings.warn(
[07/Apr/2026 12:43:07] "GET /status/marketplaces/ HTTP/1.1" 200 645
C:\Users\acer\AppData\Local\Programs\Python\Python312\Lib\site-packages\sklearn\utils\validation.py:2749: UserWarning: X does not have valid feature names, but LinearRegression was fitted with feature names
  warnings.warn(
C:\Users\acer\AppData\Local\Programs\Python\Python312\Lib\site-packages\sklearn\utils\validation.py:2749: UserWarning: X does not have valid feature names, but LinearRegression was fitted with feature names
  warnings.warn(
[07/Apr/2026 12:43:10] "GET /status/marketplaces/ HTTP/1.1" 200 645
C:\Users\acer\AppData\Local\Programs\Python\Python312\Lib\site-packages\sklearn\utils\validation.py:2749: UserWarning: X does not have valid feature names, but LinearRegression was fitted with feature names
  warnings.warn(
C:\Users\acer\AppData\Local\Programs\Python\Python312\Lib\site-packages\sklearn\utils\validation.py:2749: UserWarning: X does not have valid feature names, but LinearRegression was fitted with feature names
  warnings.warn(
[07/Apr/2026 12:43:13] "GET /status/marketplaces/ HTTP/1.1" 200 645
C:\Users\acer\AppData\Local\Programs\Python\Python312\Lib\site-packages\sklearn\utils\validation.py:2749: UserWarning: X does not have valid feature names, but LinearRegression was fitted with feature names
  warnings.warn(
C:\Users\acer\AppData\Local\Programs\Python\Python312\Lib\site-packages\sklearn\utils\validation.py:2749: UserWarning: X does not have valid feature names, but LinearRegression was fitted with feature names
  warnings.warn(
[07/Apr/2026 12:43:16] "GET /status/marketplaces/ HTTP/1.1" 200 645
C:\Users\acer\AppData\Local\Programs\Python\Python312\Lib\site-packages\sklearn\utils\validation.py:2749: UserWarning: X does not have valid feature names, but LinearRegression was fitted with feature names
  warnings.warn(
C:\Users\acer\AppData\Local\Programs\Python\Python312\Lib\site-packages\sklearn\utils\validation.py:2749: UserWarning: X does not have valid feature names, but LinearRegression was fitted with feature names
  warnings.warn(
[07/Apr/2026 12:43:19] "GET /status/marketplaces/ HTTP/1.1" 200 645
C:\Users\acer\AppData\Local\Programs\Python\Python312\Lib\site-packages\sklearn\utils\validation.py:2749: UserWarning: X does not have valid feature names, but LinearRegression was fitted with feature names
  warnings.warn(
C:\Users\acer\AppData\Local\Programs\Python\Python312\Lib\site-packages\sklearn\utils\validation.py:2749: UserWarning: X does not have valid feature names, but LinearRegression was fitted with feature names
  warnings.warn(
[07/Apr/2026 12:43:22] "GET /status/marketplaces/ HTTP/1.1" 200 645
C:\Users\acer\AppData\Local\Programs\Python\Python312\Lib\site-packages\sklearn\utils\validation.py:2749: UserWarning: X does not have valid feature names, but LinearRegression was fitted with feature names
  warnings.warn(
C:\Users\acer\AppData\Local\Programs\Python\Python312\Lib\site-packages\sklearn\utils\validation.py:2749: UserWarning: X does not have valid feature names, but LinearRegression was fitted with feature names
  warnings.warn(
[07/Apr/2026 12:43:25] "GET /status/marketplaces/ HTTP/1.1" 200 645
C:\Users\acer\AppData\Local\Programs\Python\Python312\Lib\site-packages\sklearn\utils\validation.py:2749: UserWarning: X does not have valid feature names, but LinearRegression was fitted with feature names
  warnings.warn(
C:\Users\acer\AppData\Local\Programs\Python\Python312\Lib\site-packages\sklearn\utils\validation.py:2749: UserWarning: X does not have valid feature names, but LinearRegression was fitted with feature names
  warnings.warn(
[07/Apr/2026 12:43:28] "GET /status/marketplaces/ HTTP/1.1" 200 645
C:\Users\acer\AppData\Local\Programs\Python\Python312\Lib\site-packages\sklearn\utils\validation.py:2749: UserWarning: X does not have valid feature names, but LinearRegression was fitted with feature names
  warnings.warn(
C:\Users\acer\AppData\Local\Programs\Python\Python312\Lib\site-packages\sklearn\utils\validation.py:2749: UserWarning: X does not have valid feature names, but LinearRegression was fitted with feature names
  warnings.warn(
[07/Apr/2026 12:43:31] "GET /status/marketplaces/ HTTP/1.1" 200 645
C:\Users\acer\AppData\Local\Programs\Python\Python312\Lib\site-packages\sklearn\utils\validation.py:2749: UserWarning: X does not have valid feature names, but LinearRegression was fitted with feature names
  warnings.warn(
C:\Users\acer\AppData\Local\Programs\Python\Python312\Lib\site-packages\sklearn\utils\validation.py:2749: UserWarning: X does not have valid feature names, but LinearRegression was fitted with feature names
  warnings.warn(
[07/Apr/2026 12:43:34] "GET /status/marketplaces/ HTTP/1.1" 200 645
C:\Users\acer\AppData\Local\Programs\Python\Python312\Lib\site-packages\sklearn\utils\validation.py:2749: UserWarning: X does not have valid feature names, but LinearRegression was fitted with feature names
  warnings.warn(
C:\Users\acer\AppData\Local\Programs\Python\Python312\Lib\site-packages\sklearn\utils\validation.py:2749: UserWarning: X does not have valid feature names, but LinearRegression was fitted with feature names
  warnings.warn(
[07/Apr/2026 12:43:37] "GET /status/marketplaces/ HTTP/1.1" 200 645
C:\Users\acer\AppData\Local\Programs\Python\Python312\Lib\site-packages\sklearn\utils\validation.py:2749: UserWarning: X does not have valid feature names, but LinearRegression was fitted with feature names
  warnings.warn(
C:\Users\acer\AppData\Local\Programs\Python\Python312\Lib\site-packages\sklearn\utils\validation.py:2749: UserWarning: X does not have valid feature names, but LinearRegression was fitted with feature names
  warnings.warn(
[07/Apr/2026 12:43:40] "GET /status/marketplaces/ HTTP/1.1" 200 645
C:\Users\acer\AppData\Local\Programs\Python\Python312\Lib\site-packages\sklearn\utils\validation.py:2749: UserWarning: X does not have valid feature names, but LinearRegression was fitted with feature names
  warnings.warn(
C:\Users\acer\AppData\Local\Programs\Python\Python312\Lib\site-packages\sklearn\utils\validation.py:2749: UserWarning: X does not have valid feature names, but LinearRegression was fitted with feature names
  warnings.warn(
[07/Apr/2026 12:43:43] "GET /status/marketplaces/ HTTP/1.1" 200 645
C:\Users\acer\AppData\Local\Programs\Python\Python312\Lib\site-packages\sklearn\utils\validation.py:2749: UserWarning: X does not have valid feature names, but LinearRegression was fitted with feature names
  warnings.warn(
C:\Users\acer\AppData\Local\Programs\Python\Python312\Lib\site-packages\sklearn\utils\validation.py:2749: UserWarning: X does not have valid feature names, but LinearRegression was fitted with feature names
  warnings.warn(
[07/Apr/2026 12:43:46] "GET /status/marketplaces/ HTTP/1.1" 200 645
C:\Users\acer\AppData\Local\Programs\Python\Python312\Lib\site-packages\sklearn\utils\validation.py:2749: UserWarning: X does not have valid feature names, but LinearRegression was fitted with feature names
  warnings.warn(
C:\Users\acer\AppData\Local\Programs\Python\Python312\Lib\site-packages\sklearn\utils\validation.py:2749: UserWarning: X does not have valid feature names, but LinearRegression was fitted with feature names
  warnings.warn(
[07/Apr/2026 12:43:49] "GET /status/marketplaces/ HTTP/1.1" 200 645
C:\Users\acer\AppData\Local\Programs\Python\Python312\Lib\site-packages\sklearn\utils\validation.py:2749: UserWarning: X does not have valid feature names, but LinearRegression was fitted with feature names
  warnings.warn(
C:\Users\acer\AppData\Local\Programs\Python\Python312\Lib\site-packages\sklearn\utils\validation.py:2749: UserWarning: X does not have valid feature names, but LinearRegression was fitted with feature names
  warnings.warn(
[07/Apr/2026 12:43:52] "GET /status/marketplaces/ HTTP/1.1" 200 645
C:\Users\acer\AppData\Local\Programs\Python\Python312\Lib\site-packages\sklearn\utils\validation.py:2749: UserWarning: X does not have valid feature names, but LinearRegression was fitted with feature names
  warnings.warn(
C:\Users\acer\AppData\Local\Programs\Python\Python312\Lib\site-packages\sklearn\utils\validation.py:2749: UserWarning: X does not have valid feature names, but LinearRegression was fitted with feature names
  warnings.warn(
[07/Apr/2026 12:44:20] "GET /status/marketplaces/ HTTP/1.1" 200 645
C:\Users\acer\AppData\Local\Programs\Python\Python312\Lib\site-packages\sklearn\utils\validation.py:2749: UserWarning: X does not have valid feature names, but LinearRegression was fitted with feature names
  warnings.warn(
C:\Users\acer\AppData\Local\Programs\Python\Python312\Lib\site-packages\sklearn\utils\validation.py:2749: UserWarning: X does not have valid feature names, but LinearRegression was fitted with feature names
  warnings.warn(
[07/Apr/2026 12:45:20] "GET /status/marketplaces/ HTTP/1.1" 200 645
C:\Users\acer\AppData\Local\Programs\Python\Python312\Lib\site-packages\sklearn\utils\validation.py:2749: UserWarning: X does not have valid feature names, but LinearRegression was fitted with feature names
  warnings.warn(
C:\Users\acer\AppData\Local\Programs\Python\Python312\Lib\site-packages\sklearn\utils\validation.py:2749: UserWarning: X does not have valid feature names, but LinearRegression was fitted with feature names
  warnings.warn(
[07/Apr/2026 12:46:20] "GET /status/marketplaces/ HTTP/1.1" 200 645
C:\Users\acer\AppData\Local\Programs\Python\Python312\Lib\site-packages\sklearn\utils\validation.py:2749: UserWarning: X does not have valid feature names, but LinearRegression was fitted with feature names
  warnings.warn(
C:\Users\acer\AppData\Local\Programs\Python\Python312\Lib\site-packages\sklearn\utils\validation.py:2749: UserWarning: X does not have valid feature names, but LinearRegression was fitted with feature names
  warnings.warn(
[07/Apr/2026 12:47:03] "GET /status/marketplaces/ HTTP/1.1" 200 645
C:\Users\acer\AppData\Local\Programs\Python\Python312\Lib\site-packages\sklearn\utils\validation.py:2749: UserWarning: X does not have valid feature names, but LinearRegression was fitted with feature names
  warnings.warn(
C:\Users\acer\AppData\Local\Programs\Python\Python312\Lib\site-packages\sklearn\utils\validation.py:2749: UserWarning: X does not have valid feature names, but LinearRegression was fitted with feature names
  warnings.warn(
[07/Apr/2026 12:47:03] "GET /status/marketplaces/ HTTP/1.1" 200 645
C:\Users\acer\AppData\Local\Programs\Python\Python312\Lib\site-packages\sklearn\utils\validation.py:2749: UserWarning: X does not have valid feature names, but LinearRegression was fitted with feature names
  warnings.warn(
C:\Users\acer\AppData\Local\Programs\Python\Python312\Lib\site-packages\sklearn\utils\validation.py:2749: UserWarning: X does not have valid feature names, but LinearRegression was fitted with feature names
  warnings.warn(
[07/Apr/2026 12:47:06] "GET /status/marketplaces/ HTTP/1.1" 200 645
C:\Users\acer\AppData\Local\Programs\Python\Python312\Lib\site-packages\sklearn\utils\validation.py:2749: UserWarning: X does not have valid feature names, but LinearRegression was fitted with feature names
  warnings.warn(
[07/Apr/2026 12:47:07] "POST /predict/marketplace/ HTTP/1.1" 201 320
C:\Users\acer\AppData\Local\Programs\Python\Python312\Lib\site-packages\sklearn\utils\validation.py:2749: UserWarning: X does not have valid feature names, but LinearRegression was fitted with feature names
  warnings.warn(
C:\Users\acer\AppData\Local\Programs\Python\Python312\Lib\site-packages\sklearn\utils\validation.py:2749: UserWarning: X does not have valid feature names, but LinearRegression was fitted with feature names
  warnings.warn(
[07/Apr/2026 12:47:07] "GET /status/marketplaces/ HTTP/1.1" 200 640
C:\Users\acer\AppData\Local\Programs\Python\Python312\Lib\site-packages\sklearn\utils\validation.py:2749: UserWarning: X does not have valid feature names, but LinearRegression was fitted with feature names
  warnings.warn(
C:\Users\acer\AppData\Local\Programs\Python\Python312\Lib\site-packages\sklearn\utils\validation.py:2749: UserWarning: X does not have valid feature names, but LinearRegression was fitted with feature names
  warnings.warn(
[07/Apr/2026 12:47:09] "GET /status/marketplaces/ HTTP/1.1" 200 640
C:\Users\acer\AppData\Local\Programs\Python\Python312\Lib\site-packages\sklearn\utils\validation.py:2749: UserWarning: X does not have valid feature names, but LinearRegression was fitted with feature names
  warnings.warn(
C:\Users\acer\AppData\Local\Programs\Python\Python312\Lib\site-packages\sklearn\utils\validation.py:2749: UserWarning: X does not have valid feature names, but LinearRegression was fitted with feature names
  warnings.warn(
[07/Apr/2026 12:47:12] "GET /status/marketplaces/ HTTP/1.1" 200 640
C:\Users\acer\AppData\Local\Programs\Python\Python312\Lib\site-packages\sklearn\utils\validation.py:2749: UserWarning: X does not have valid feature names, but LinearRegression was fitted with feature names
  warnings.warn(
[07/Apr/2026 12:47:13] "POST /predict/ HTTP/1.1" 200 136
C:\Users\acer\AppData\Local\Programs\Python\Python312\Lib\site-packages\sklearn\utils\validation.py:2749: UserWarning: X does not have valid feature names, but LinearRegression was fitted with feature names
  warnings.warn(
[07/Apr/2026 12:47:13] "POST /predict/marketplace/ HTTP/1.1" 201 317
C:\Users\acer\AppData\Local\Programs\Python\Python312\Lib\site-packages\sklearn\utils\validation.py:2749: UserWarning: X does not have valid feature names, but LinearRegression was fitted with feature names
  warnings.warn(
[07/Apr/2026 12:47:13] "POST /predict/marketplace/ HTTP/1.1" 201 321
C:\Users\acer\AppData\Local\Programs\Python\Python312\Lib\site-packages\sklearn\utils\validation.py:2749: UserWarning: X does not have valid feature names, but LinearRegression was fitted with feature names
  warnings.warn(
C:\Users\acer\AppData\Local\Programs\Python\Python312\Lib\site-packages\sklearn\utils\validation.py:2749: UserWarning: X does not have valid feature names, but LinearRegression was fitted with feature names
  warnings.warn(
[07/Apr/2026 12:47:13] "GET /status/marketplaces/ HTTP/1.1" 200 637
C:\Users\acer\AppData\Local\Programs\Python\Python312\Lib\site-packages\sklearn\utils\validation.py:2749: UserWarning: X does not have valid feature names, but LinearRegression was fitted with feature names
  warnings.warn(
C:\Users\acer\AppData\Local\Programs\Python\Python312\Lib\site-packages\sklearn\utils\validation.py:2749: UserWarning: X does not have valid feature names, but LinearRegression was fitted with feature names
  warnings.warn(
[07/Apr/2026 12:47:15] "GET /status/marketplaces/ HTTP/1.1" 200 637
C:\Users\acer\AppData\Local\Programs\Python\Python312\Lib\site-packages\sklearn\utils\validation.py:2749: UserWarning: X does not have valid feature names, but LinearRegression was fitted with feature names
  warnings.warn(
[07/Apr/2026 12:47:18] "POST /predict/ HTTP/1.1" 200 136
C:\Users\acer\AppData\Local\Programs\Python\Python312\Lib\site-packages\sklearn\utils\validation.py:2749: UserWarning: X does not have valid feature names, but LinearRegression was fitted with feature names
  warnings.warn(
[07/Apr/2026 12:47:18] "POST /predict/marketplace/ HTTP/1.1" 201 317
C:\Users\acer\AppData\Local\Programs\Python\Python312\Lib\site-packages\sklearn\utils\validation.py:2749: UserWarning: X does not have valid feature names, but LinearRegression was fitted with feature names
  warnings.warn(
[07/Apr/2026 12:47:18] "POST /predict/marketplace/ HTTP/1.1" 201 321
C:\Users\acer\AppData\Local\Programs\Python\Python312\Lib\site-packages\sklearn\utils\validation.py:2749: UserWarning: X does not have valid feature names, but LinearRegression was fitted with feature names
  warnings.warn(
C:\Users\acer\AppData\Local\Programs\Python\Python312\Lib\site-packages\sklearn\utils\validation.py:2749: UserWarning: X does not have valid feature names, but LinearRegression was fitted with feature names
  warnings.warn(
[07/Apr/2026 12:47:18] "GET /status/marketplaces/ HTTP/1.1" 200 637
C:\Users\acer\AppData\Local\Programs\Python\Python312\Lib\site-packages\sklearn\utils\validation.py:2749: UserWarning: X does not have valid feature names, but LinearRegression was fitted with feature names
  warnings.warn(
C:\Users\acer\AppData\Local\Programs\Python\Python312\Lib\site-packages\sklearn\utils\validation.py:2749: UserWarning: X does not have valid feature names, but LinearRegression was fitted with feature names
  warnings.warn(
[07/Apr/2026 12:47:18] "GET /status/marketplaces/ HTTP/1.1" 200 637
C:\Users\acer\AppData\Local\Programs\Python\Python312\Lib\site-packages\sklearn\utils\validation.py:2749: UserWarning: X does not have valid feature names, but LinearRegression was fitted with feature names
  warnings.warn(
C:\Users\acer\AppData\Local\Programs\Python\Python312\Lib\site-packages\sklearn\utils\validation.py:2749: UserWarning: X does not have valid feature names, but LinearRegression was fitted with feature names
  warnings.warn(
[07/Apr/2026 12:47:21] "GET /status/marketplaces/ HTTP/1.1" 200 637
C:\Users\acer\AppData\Local\Programs\Python\Python312\Lib\site-packages\sklearn\utils\validation.py:2749: UserWarning: X does not have valid feature names, but LinearRegression was fitted with feature names
  warnings.warn(
[07/Apr/2026 12:47:22] "POST /predict/ HTTP/1.1" 200 137
C:\Users\acer\AppData\Local\Programs\Python\Python312\Lib\site-packages\sklearn\utils\validation.py:2749: UserWarning: X does not have valid feature names, but LinearRegression was fitted with feature names
  warnings.warn(
C:\Users\acer\AppData\Local\Programs\Python\Python312\Lib\site-packages\sklearn\utils\validation.py:2749: UserWarning: X does not have valid feature names, but LinearRegression was fitted with feature names
  warnings.warn(
[07/Apr/2026 12:47:23] "POST /predict/marketplace/ HTTP/1.1" 201 318
[07/Apr/2026 12:47:23] "POST /predict/marketplace/ HTTP/1.1" 201 322
C:\Users\acer\AppData\Local\Programs\Python\Python312\Lib\site-packages\sklearn\utils\validation.py:2749: UserWarning: X does not have valid feature names, but LinearRegression was fitted with feature names
  warnings.warn(
C:\Users\acer\AppData\Local\Programs\Python\Python312\Lib\site-packages\sklearn\utils\validation.py:2749: UserWarning: X does not have valid feature names, but LinearRegression was fitted with feature names
  warnings.warn(
[07/Apr/2026 12:47:23] "GET /status/marketplaces/ HTTP/1.1" 200 643
C:\Users\acer\AppData\Local\Programs\Python\Python312\Lib\site-packages\sklearn\utils\validation.py:2749: UserWarning: X does not have valid feature names, but LinearRegression was fitted with feature names
  warnings.warn(
C:\Users\acer\AppData\Local\Programs\Python\Python312\Lib\site-packages\sklearn\utils\validation.py:2749: UserWarning: X does not have valid feature names, but LinearRegression was fitted with feature names
  warnings.warn(
[07/Apr/2026 12:47:24] "GET /status/marketplaces/ HTTP/1.1" 200 643
C:\Users\acer\AppData\Local\Programs\Python\Python312\Lib\site-packages\sklearn\utils\validation.py:2749: UserWarning: X does not have valid feature names, but LinearRegression was fitted with feature names
  warnings.warn(
C:\Users\acer\AppData\Local\Programs\Python\Python312\Lib\site-packages\sklearn\utils\validation.py:2749: UserWarning: X does not have valid feature names, but LinearRegression was fitted with feature names
  warnings.warn(
[07/Apr/2026 12:47:27] "GET /status/marketplaces/ HTTP/1.1" 200 643
C:\Users\acer\AppData\Local\Programs\Python\Python312\Lib\site-packages\sklearn\utils\validation.py:2749: UserWarning: X does not have valid feature names, but LinearRegression was fitted with feature names
  warnings.warn(
[07/Apr/2026 12:47:29] "POST /predict/ HTTP/1.1" 200 137
C:\Users\acer\AppData\Local\Programs\Python\Python312\Lib\site-packages\sklearn\utils\validation.py:2749: UserWarning: X does not have valid feature names, but LinearRegression was fitted with feature names
  warnings.warn(
[07/Apr/2026 12:47:29] "POST /predict/marketplace/ HTTP/1.1" 201 318
C:\Users\acer\AppData\Local\Programs\Python\Python312\Lib\site-packages\sklearn\utils\validation.py:2749: UserWarning: X does not have valid feature names, but LinearRegression was fitted with feature names
  warnings.warn(
[07/Apr/2026 12:47:29] "POST /predict/marketplace/ HTTP/1.1" 201 322
C:\Users\acer\AppData\Local\Programs\Python\Python312\Lib\site-packages\sklearn\utils\validation.py:2749: UserWarning: X does not have valid feature names, but LinearRegression was fitted with feature names
  warnings.warn(
C:\Users\acer\AppData\Local\Programs\Python\Python312\Lib\site-packages\sklearn\utils\validation.py:2749: UserWarning: X does not have valid feature names, but LinearRegression was fitted with feature names
  warnings.warn(
[07/Apr/2026 12:47:29] "GET /status/marketplaces/ HTTP/1.1" 200 643
C:\Users\acer\AppData\Local\Programs\Python\Python312\Lib\site-packages\sklearn\utils\validation.py:2749: UserWarning: X does not have valid feature names, but LinearRegression was fitted with feature names
  warnings.warn(
C:\Users\acer\AppData\Local\Programs\Python\Python312\Lib\site-packages\sklearn\utils\validation.py:2749: UserWarning: X does not have valid feature names, but LinearRegression was fitted with feature names
  warnings.warn(
[07/Apr/2026 12:47:30] "GET /status/marketplaces/ HTTP/1.1" 200 643
C:\Users\acer\AppData\Local\Programs\Python\Python312\Lib\site-packages\sklearn\utils\validation.py:2749: UserWarning: X does not have valid feature names, but LinearRegression was fitted with feature names
  warnings.warn(
C:\Users\acer\AppData\Local\Programs\Python\Python312\Lib\site-packages\sklearn\utils\validation.py:2749: UserWarning: X does not have valid feature names, but LinearRegression was fitted with feature names
  warnings.warn(
[07/Apr/2026 12:47:33] "GET /status/marketplaces/ HTTP/1.1" 200 643
C:\Users\acer\AppData\Local\Programs\Python\Python312\Lib\site-packages\sklearn\utils\validation.py:2749: UserWarning: X does not have valid feature names, but LinearRegression was fitted with feature names
  warnings.warn(
C:\Users\acer\AppData\Local\Programs\Python\Python312\Lib\site-packages\sklearn\utils\validation.py:2749: UserWarning: X does not have valid feature names, but LinearRegression was fitted with feature names
  warnings.warn(
[07/Apr/2026 12:47:36] "GET /status/marketplaces/ HTTP/1.1" 200 643
C:\Users\acer\AppData\Local\Programs\Python\Python312\Lib\site-packages\sklearn\utils\validation.py:2749: UserWarning: X does not have valid feature names, but LinearRegression was fitted with feature names
  warnings.warn(
[07/Apr/2026 12:47:38] "POST /predict/ HTTP/1.1" 200 137
C:\Users\acer\AppData\Local\Programs\Python\Python312\Lib\site-packages\sklearn\utils\validation.py:2749: UserWarning: X does not have valid feature names, but LinearRegression was fitted with feature names
  warnings.warn(
[07/Apr/2026 12:47:38] "POST /predict/marketplace/ HTTP/1.1" 201 318
C:\Users\acer\AppData\Local\Programs\Python\Python312\Lib\site-packages\sklearn\utils\validation.py:2749: UserWarning: X does not have valid feature names, but LinearRegression was fitted with feature names
  warnings.warn(
[07/Apr/2026 12:47:38] "POST /predict/marketplace/ HTTP/1.1" 201 322
C:\Users\acer\AppData\Local\Programs\Python\Python312\Lib\site-packages\sklearn\utils\validation.py:2749: UserWarning: X does not have valid feature names, but LinearRegression was fitted with feature names
  warnings.warn(
C:\Users\acer\AppData\Local\Programs\Python\Python312\Lib\site-packages\sklearn\utils\validation.py:2749: UserWarning: X does not have valid feature names, but LinearRegression was fitted with feature names
  warnings.warn(
[07/Apr/2026 12:47:38] "GET /status/marketplaces/ HTTP/1.1" 200 649
C:\Users\acer\AppData\Local\Programs\Python\Python312\Lib\site-packages\sklearn\utils\validation.py:2749: UserWarning: X does not have valid feature names, but LinearRegression was fitted with feature names
  warnings.warn(
C:\Users\acer\AppData\Local\Programs\Python\Python312\Lib\site-packages\sklearn\utils\validation.py:2749: UserWarning: X does not have valid feature names, but LinearRegression was fitted with feature names
  warnings.warn(
[07/Apr/2026 12:47:39] "GET /status/marketplaces/ HTTP/1.1" 200 649
C:\Users\acer\AppData\Local\Programs\Python\Python312\Lib\site-packages\sklearn\utils\validation.py:2749: UserWarning: X does not have valid feature names, but LinearRegression was fitted with feature names
  warnings.warn(
[07/Apr/2026 12:47:42] "POST /predict/ HTTP/1.1" 200 136
C:\Users\acer\AppData\Local\Programs\Python\Python312\Lib\site-packages\sklearn\utils\validation.py:2749: UserWarning: X does not have valid feature names, but LinearRegression was fitted with feature names
  warnings.warn(
[07/Apr/2026 12:47:42] "POST /predict/marketplace/ HTTP/1.1" 201 321
C:\Users\acer\AppData\Local\Programs\Python\Python312\Lib\site-packages\sklearn\utils\validation.py:2749: UserWarning: X does not have valid feature names, but LinearRegression was fitted with feature names
  warnings.warn(
[07/Apr/2026 12:47:42] "POST /predict/marketplace/ HTTP/1.1" 201 317
C:\Users\acer\AppData\Local\Programs\Python\Python312\Lib\site-packages\sklearn\utils\validation.py:2749: UserWarning: X does not have valid feature names, but LinearRegression was fitted with feature names
  warnings.warn(
C:\Users\acer\AppData\Local\Programs\Python\Python312\Lib\site-packages\sklearn\utils\validation.py:2749: UserWarning: X does not have valid feature names, but LinearRegression was fitted with feature names
  warnings.warn(
[07/Apr/2026 12:47:42] "GET /status/marketplaces/ HTTP/1.1" 200 647
C:\Users\acer\AppData\Local\Programs\Python\Python312\Lib\site-packages\sklearn\utils\validation.py:2749: UserWarning: X does not have valid feature names, but LinearRegression was fitted with feature names
  warnings.warn(
C:\Users\acer\AppData\Local\Programs\Python\Python312\Lib\site-packages\sklearn\utils\validation.py:2749: UserWarning: X does not have valid feature names, but LinearRegression was fitted with feature names
  warnings.warn(
[07/Apr/2026 12:47:42] "GET /status/marketplaces/ HTTP/1.1" 200 647
C:\Users\acer\AppData\Local\Programs\Python\Python312\Lib\site-packages\sklearn\utils\validation.py:2749: UserWarning: X does not have valid feature names, but LinearRegression was fitted with feature names
  warnings.warn(
C:\Users\acer\AppData\Local\Programs\Python\Python312\Lib\site-packages\sklearn\utils\validation.py:2749: UserWarning: X does not have valid feature names, but LinearRegression was fitted with feature names
  warnings.warn(
[07/Apr/2026 12:47:45] "GET /status/marketplaces/ HTTP/1.1" 200 647
C:\Users\acer\AppData\Local\Programs\Python\Python312\Lib\site-packages\sklearn\utils\validation.py:2749: UserWarning: X does not have valid feature names, but LinearRegression was fitted with feature names
  warnings.warn(
C:\Users\acer\AppData\Local\Programs\Python\Python312\Lib\site-packages\sklearn\utils\validation.py:2749: UserWarning: X does not have valid feature names, but LinearRegression was fitted with feature names
  warnings.warn(
[07/Apr/2026 12:47:48] "GET /status/marketplaces/ HTTP/1.1" 200 647
[07/Apr/2026 12:47:50] "GET /health/ HTTP/1.1" 200 56
[07/Apr/2026 12:47:50] "GET /health/ HTTP/1.1" 200 56
[07/Apr/2026 12:47:50] "GET /dataset/ HTTP/1.1" 200 556
[07/Apr/2026 12:47:50] "GET /dataset/ HTTP/1.1" 200 556
C:\Users\acer\AppData\Local\Programs\Python\Python312\Lib\site-packages\sklearn\utils\validation.py:2749: UserWarning: X does not have valid feature names, but LinearRegression was fitted with feature names
  warnings.warn(
C:\Users\acer\AppData\Local\Programs\Python\Python312\Lib\site-packages\sklearn\utils\validation.py:2749: UserWarning: X does not have valid feature names, but LinearRegression was fitted with feature names
  warnings.warn(
[07/Apr/2026 12:47:50] "GET /status/marketplaces/ HTTP/1.1" 200 647
C:\Users\acer\AppData\Local\Programs\Python\Python312\Lib\site-packages\sklearn\utils\validation.py:2749: UserWarning: X does not have valid feature names, but LinearRegression was fitted with feature names
  warnings.warn(
C:\Users\acer\AppData\Local\Programs\Python\Python312\Lib\site-packages\sklearn\utils\validation.py:2749: UserWarning: X does not have valid feature names, but LinearRegression was fitted with feature names
  warnings.warn(
[07/Apr/2026 12:47:50] "GET /status/marketplaces/ HTTP/1.1" 200 647
[07/Apr/2026 12:47:51] "GET /health/ HTTP/1.1" 200 56
[07/Apr/2026 12:47:51] "GET /dataset/ HTTP/1.1" 200 556
[07/Apr/2026 12:47:51] "GET /health/ HTTP/1.1" 200 56
[07/Apr/2026 12:47:51] "GET /dataset/ HTTP/1.1" 200 556
C:\Users\acer\AppData\Local\Programs\Python\Python312\Lib\site-packages\sklearn\utils\validation.py:2749: UserWarning: X does not have valid feature names, but LinearRegression was fitted with feature names
  warnings.warn(
C:\Users\acer\AppData\Local\Programs\Python\Python312\Lib\site-packages\sklearn\utils\validation.py:2749: UserWarning: X does not have valid feature names, but LinearRegression was fitted with feature names
  warnings.warn(
[07/Apr/2026 12:47:51] "GET /status/marketplaces/ HTTP/1.1" 200 647
C:\Users\acer\AppData\Local\Programs\Python\Python312\Lib\site-packages\sklearn\utils\validation.py:2749: UserWarning: X does not have valid feature names, but LinearRegression was fitted with feature names
  warnings.warn(
C:\Users\acer\AppData\Local\Programs\Python\Python312\Lib\site-packages\sklearn\utils\validation.py:2749: UserWarning: X does not have valid feature names, but LinearRegression was fitted with feature names
  warnings.warn(
[07/Apr/2026 12:47:51] "GET /status/marketplaces/ HTTP/1.1" 200 647
[07/Apr/2026 12:47:52] "GET /health/ HTTP/1.1" 200 56
[07/Apr/2026 12:47:52] "GET /health/ HTTP/1.1" 200 56
[07/Apr/2026 12:47:52] "GET /dataset/ HTTP/1.1" 200 556
C:\Users\acer\AppData\Local\Programs\Python\Python312\Lib\site-packages\sklearn\utils\validation.py:2749: UserWarning: X does not have valid feature names, but LinearRegression was fitted with feature names
  warnings.warn(
[07/Apr/2026 12:47:52] "GET /dataset/ HTTP/1.1" 200 556
C:\Users\acer\AppData\Local\Programs\Python\Python312\Lib\site-packages\sklearn\utils\validation.py:2749: UserWarning: X does not have valid feature names, but LinearRegression was fitted with feature names
  warnings.warn(
[07/Apr/2026 12:47:52] "GET /status/marketplaces/ HTTP/1.1" 200 647
C:\Users\acer\AppData\Local\Programs\Python\Python312\Lib\site-packages\sklearn\utils\validation.py:2749: UserWarning: X does not have valid feature names, but LinearRegression was fitted with feature names
  warnings.warn(
C:\Users\acer\AppData\Local\Programs\Python\Python312\Lib\site-packages\sklearn\utils\validation.py:2749: UserWarning: X does not have valid feature names, but LinearRegression was fitted with feature names
  warnings.warn(
[07/Apr/2026 12:47:52] "GET /status/marketplaces/ HTTP/1.1" 200 647
C:\Users\acer\AppData\Local\Programs\Python\Python312\Lib\site-packages\sklearn\utils\validation.py:2749: UserWarning: X does not have valid feature names, but LinearRegression was fitted with feature names
  warnings.warn(
C:\Users\acer\AppData\Local\Programs\Python\Python312\Lib\site-packages\sklearn\utils\validation.py:2749: UserWarning: X does not have valid feature names, but LinearRegression was fitted with feature names
  warnings.warn(
[07/Apr/2026 12:47:55] "GET /status/marketplaces/ HTTP/1.1" 200 647
C:\Users\acer\AppData\Local\Programs\Python\Python312\Lib\site-packages\sklearn\utils\validation.py:2749: UserWarning: X does not have valid feature names, but LinearRegression was fitted with feature names
  warnings.warn(
C:\Users\acer\AppData\Local\Programs\Python\Python312\Lib\site-packages\sklearn\utils\validation.py:2749: UserWarning: X does not have valid feature names, but LinearRegression was fitted with feature names
  warnings.warn(
[07/Apr/2026 12:47:58] "GET /status/marketplaces/ HTTP/1.1" 200 647
C:\Users\acer\AppData\Local\Programs\Python\Python312\Lib\site-packages\sklearn\utils\validation.py:2749: UserWarning: X does not have valid feature names, but LinearRegression was fitted with feature names
  warnings.warn(
C:\Users\acer\AppData\Local\Programs\Python\Python312\Lib\site-packages\sklearn\utils\validation.py:2749: UserWarning: X does not have valid feature names, but LinearRegression was fitted with feature names
  warnings.warn(
[07/Apr/2026 12:48:01] "GET /status/marketplaces/ HTTP/1.1" 200 647
C:\Users\acer\AppData\Local\Programs\Python\Python312\Lib\site-packages\sklearn\utils\validation.py:2749: UserWarning: X does not have valid feature names, but LinearRegression was fitted with feature names
  warnings.warn(
C:\Users\acer\AppData\Local\Programs\Python\Python312\Lib\site-packages\sklearn\utils\validation.py:2749: UserWarning: X does not have valid feature names, but LinearRegression was fitted with feature names
  warnings.warn(
[07/Apr/2026 12:48:04] "GET /status/marketplaces/ HTTP/1.1" 200 647
C:\Users\acer\AppData\Local\Programs\Python\Python312\Lib\site-packages\sklearn\utils\validation.py:2749: UserWarning: X does not have valid feature names, but LinearRegression was fitted with feature names
  warnings.warn(
C:\Users\acer\AppData\Local\Programs\Python\Python312\Lib\site-packages\sklearn\utils\validation.py:2749: UserWarning: X does not have valid feature names, but LinearRegression was fitted with feature names
  warnings.warn(
[07/Apr/2026 12:48:07] "GET /status/marketplaces/ HTTP/1.1" 200 647
C:\Users\acer\AppData\Local\Programs\Python\Python312\Lib\site-packages\sklearn\utils\validation.py:2749: UserWarning: X does not have valid feature names, but LinearRegression was fitted with feature names
  warnings.warn(
C:\Users\acer\AppData\Local\Programs\Python\Python312\Lib\site-packages\sklearn\utils\validation.py:2749: UserWarning: X does not have valid feature names, but LinearRegression was fitted with feature names
  warnings.warn(
[07/Apr/2026 12:48:10] "GET /status/marketplaces/ HTTP/1.1" 200 647
C:\Users\acer\AppData\Local\Programs\Python\Python312\Lib\site-packages\sklearn\utils\validation.py:2749: UserWarning: X does not have valid feature names, but LinearRegression was fitted with feature names
  warnings.warn(
C:\Users\acer\AppData\Local\Programs\Python\Python312\Lib\site-packages\sklearn\utils\validation.py:2749: UserWarning: X does not have valid feature names, but LinearRegression was fitted with feature names
  warnings.warn(
[07/Apr/2026 12:48:13] "GET /status/marketplaces/ HTTP/1.1" 200 647
C:\Users\acer\AppData\Local\Programs\Python\Python312\Lib\site-packages\sklearn\utils\validation.py:2749: UserWarning: X does not have valid feature names, but LinearRegression was fitted with feature names
  warnings.warn(
C:\Users\acer\AppData\Local\Programs\Python\Python312\Lib\site-packages\sklearn\utils\validation.py:2749: UserWarning: X does not have valid feature names, but LinearRegression was fitted with feature names
  warnings.warn(
[07/Apr/2026 12:48:16] "GET /status/marketplaces/ HTTP/1.1" 200 647
C:\Users\acer\AppData\Local\Programs\Python\Python312\Lib\site-packages\sklearn\utils\validation.py:2749: UserWarning: X does not have valid feature names, but LinearRegression was fitted with feature names
  warnings.warn(
C:\Users\acer\AppData\Local\Programs\Python\Python312\Lib\site-packages\sklearn\utils\validation.py:2749: UserWarning: X does not have valid feature names, but LinearRegression was fitted with feature names
  warnings.warn(
[07/Apr/2026 12:48:19] "GET /status/marketplaces/ HTTP/1.1" 200 647
C:\Users\acer\AppData\Local\Programs\Python\Python312\Lib\site-packages\sklearn\utils\validation.py:2749: UserWarning: X does not have valid feature names, but LinearRegression was fitted with feature names
  warnings.warn(
C:\Users\acer\AppData\Local\Programs\Python\Python312\Lib\site-packages\sklearn\utils\validation.py:2749: UserWarning: X does not have valid feature names, but LinearRegression was fitted with feature names
  warnings.warn(
[07/Apr/2026 12:48:22] "GET /status/marketplaces/ HTTP/1.1" 200 647
C:\Users\acer\AppData\Local\Programs\Python\Python312\Lib\site-packages\sklearn\utils\validation.py:2749: UserWarning: X does not have valid feature names, but LinearRegression was fitted with feature names
  warnings.warn(
C:\Users\acer\AppData\Local\Programs\Python\Python312\Lib\site-packages\sklearn\utils\validation.py:2749: UserWarning: X does not have valid feature names, but LinearRegression was fitted with feature names
  warnings.warn(
[07/Apr/2026 12:48:25] "GET /status/marketplaces/ HTTP/1.1" 200 647
C:\Users\acer\AppData\Local\Programs\Python\Python312\Lib\site-packages\sklearn\utils\validation.py:2749: UserWarning: X does not have valid feature names, but LinearRegression was fitted with feature names
  warnings.warn(
C:\Users\acer\AppData\Local\Programs\Python\Python312\Lib\site-packages\sklearn\utils\validation.py:2749: UserWarning: X does not have valid feature names, but LinearRegression was fitted with feature names
  warnings.warn(
[07/Apr/2026 12:48:28] "GET /status/marketplaces/ HTTP/1.1" 200 647
C:\Users\acer\AppData\Local\Programs\Python\Python312\Lib\site-packages\sklearn\utils\validation.py:2749: UserWarning: X does not have valid feature names, but LinearRegression was fitted with feature names
  warnings.warn(
C:\Users\acer\AppData\Local\Programs\Python\Python312\Lib\site-packages\sklearn\utils\validation.py:2749: UserWarning: X does not have valid feature names, but LinearRegression was fitted with feature names
  warnings.warn(
[07/Apr/2026 12:48:31] "GET /status/marketplaces/ HTTP/1.1" 200 647
C:\Users\acer\AppData\Local\Programs\Python\Python312\Lib\site-packages\sklearn\utils\validation.py:2749: UserWarning: X does not have valid feature names, but LinearRegression was fitted with feature names
  warnings.warn(
C:\Users\acer\AppData\Local\Programs\Python\Python312\Lib\site-packages\sklearn\utils\validation.py:2749: UserWarning: X does not have valid feature names, but LinearRegression was fitted with feature names
  warnings.warn(
[07/Apr/2026 12:48:34] "GET /status/marketplaces/ HTTP/1.1" 200 647
C:\Users\acer\AppData\Local\Programs\Python\Python312\Lib\site-packages\sklearn\utils\validation.py:2749: UserWarning: X does not have valid feature names, but LinearRegression was fitted with feature names
  warnings.warn(
C:\Users\acer\AppData\Local\Programs\Python\Python312\Lib\site-packages\sklearn\utils\validation.py:2749: UserWarning: X does not have valid feature names, but LinearRegression was fitted with feature names
  warnings.warn(
[07/Apr/2026 12:48:37] "GET /status/marketplaces/ HTTP/1.1" 200 647
C:\Users\acer\AppData\Local\Programs\Python\Python312\Lib\site-packages\sklearn\utils\validation.py:2749: UserWarning: X does not have valid feature names, but LinearRegression was fitted with feature names
  warnings.warn(
C:\Users\acer\AppData\Local\Programs\Python\Python312\Lib\site-packages\sklearn\utils\validation.py:2749: UserWarning: X does not have valid feature names, but LinearRegression was fitted with feature names
  warnings.warn(
[07/Apr/2026 12:48:40] "GET /status/marketplaces/ HTTP/1.1" 200 647
C:\Users\acer\AppData\Local\Programs\Python\Python312\Lib\site-packages\sklearn\utils\validation.py:2749: UserWarning: X does not have valid feature names, but LinearRegression was fitted with feature names
  warnings.warn(
C:\Users\acer\AppData\Local\Programs\Python\Python312\Lib\site-packages\sklearn\utils\validation.py:2749: UserWarning: X does not have valid feature names, but LinearRegression was fitted with feature names
  warnings.warn(
[07/Apr/2026 12:48:43] "GET /status/marketplaces/ HTTP/1.1" 200 647
C:\Users\acer\AppData\Local\Programs\Python\Python312\Lib\site-packages\sklearn\utils\validation.py:2749: UserWarning: X does not have valid feature names, but LinearRegression was fitted with feature names
  warnings.warn(
C:\Users\acer\AppData\Local\Programs\Python\Python312\Lib\site-packages\sklearn\utils\validation.py:2749: UserWarning: X does not have valid feature names, but LinearRegression was fitted with feature names
  warnings.warn(
[07/Apr/2026 12:48:46] "GET /status/marketplaces/ HTTP/1.1" 200 647
C:\Users\acer\AppData\Local\Programs\Python\Python312\Lib\site-packages\sklearn\utils\validation.py:2749: UserWarning: X does not have valid feature names, but LinearRegression was fitted with feature names
  warnings.warn(
C:\Users\acer\AppData\Local\Programs\Python\Python312\Lib\site-packages\sklearn\utils\validation.py:2749: UserWarning: X does not have valid feature names, but LinearRegression was fitted with feature names
  warnings.warn(
[07/Apr/2026 12:48:49] "GET /status/marketplaces/ HTTP/1.1" 200 647
C:\Users\acer\AppData\Local\Programs\Python\Python312\Lib\site-packages\sklearn\utils\validation.py:2749: UserWarning: X does not have valid feature names, but LinearRegression was fitted with feature names
  warnings.warn(
C:\Users\acer\AppData\Local\Programs\Python\Python312\Lib\site-packages\sklearn\utils\validation.py:2749: UserWarning: X does not have valid feature names, but LinearRegression was fitted with feature names
  warnings.warn(
[07/Apr/2026 12:48:52] "GET /status/marketplaces/ HTTP/1.1" 200 647
C:\Users\acer\AppData\Local\Programs\Python\Python312\Lib\site-packages\sklearn\utils\validation.py:2749: UserWarning: X does not have valid feature names, but LinearRegression was fitted with feature names
  warnings.warn(
C:\Users\acer\AppData\Local\Programs\Python\Python312\Lib\site-packages\sklearn\utils\validation.py:2749: UserWarning: X does not have valid feature names, but LinearRegression was fitted with feature names
  warnings.warn(
[07/Apr/2026 12:48:55] "GET /status/marketplaces/ HTTP/1.1" 200 647
C:\Users\acer\AppData\Local\Programs\Python\Python312\Lib\site-packages\sklearn\utils\validation.py:2749: UserWarning: X does not have valid feature names, but LinearRegression was fitted with feature names
  warnings.warn(
C:\Users\acer\AppData\Local\Programs\Python\Python312\Lib\site-packages\sklearn\utils\validation.py:2749: UserWarning: X does not have valid feature names, but LinearRegression was fitted with feature names
  warnings.warn(
[07/Apr/2026 12:49:20] "GET /status/marketplaces/ HTTP/1.1" 200 647
C:\Users\acer\AppData\Local\Programs\Python\Python312\Lib\site-packages\sklearn\utils\validation.py:2749: UserWarning: X does not have valid feature names, but LinearRegression was fitted with feature names
  warnings.warn(
C:\Users\acer\AppData\Local\Programs\Python\Python312\Lib\site-packages\sklearn\utils\validation.py:2749: UserWarning: X does not have valid feature names, but LinearRegression was fitted with feature names
  warnings.warn(
[07/Apr/2026 12:49:37] "GET /status/marketplaces/ HTTP/1.1" 200 647
[07/Apr/2026 12:49:38] "GET /health/ HTTP/1.1" 200 56
[07/Apr/2026 12:49:38] "GET /health/ HTTP/1.1" 200 56
[07/Apr/2026 12:49:38] "GET /dataset/ HTTP/1.1" 200 556
[07/Apr/2026 12:49:38] "GET /dataset/ HTTP/1.1" 200 556
C:\Users\acer\AppData\Local\Programs\Python\Python312\Lib\site-packages\sklearn\utils\validation.py:2749: UserWarning: X does not have valid feature names, but LinearRegression was fitted with feature names
  warnings.warn(
C:\Users\acer\AppData\Local\Programs\Python\Python312\Lib\site-packages\sklearn\utils\validation.py:2749: UserWarning: X does not have valid feature names, but LinearRegression was fitted with feature names
  warnings.warn(
[07/Apr/2026 12:49:38] "GET /status/marketplaces/ HTTP/1.1" 200 647
C:\Users\acer\AppData\Local\Programs\Python\Python312\Lib\site-packages\sklearn\utils\validation.py:2749: UserWarning: X does not have valid feature names, but LinearRegression was fitted with feature names
  warnings.warn(
C:\Users\acer\AppData\Local\Programs\Python\Python312\Lib\site-packages\sklearn\utils\validation.py:2749: UserWarning: X does not have valid feature names, but LinearRegression was fitted with feature names
  warnings.warn(
[07/Apr/2026 12:49:38] "GET /status/marketplaces/ HTTP/1.1" 200 647
C:\Users\acer\AppData\Local\Programs\Python\Python312\Lib\site-packages\sklearn\utils\validation.py:2749: UserWarning: X does not have valid feature names, but LinearRegression was fitted with feature names
  warnings.warn(
C:\Users\acer\AppData\Local\Programs\Python\Python312\Lib\site-packages\sklearn\utils\validation.py:2749: UserWarning: X does not have valid feature names, but LinearRegression was fitted with feature names
  warnings.warn(
[07/Apr/2026 12:49:40] "GET /status/marketplaces/ HTTP/1.1" 200 647
C:\Users\acer\AppData\Local\Programs\Python\Python312\Lib\site-packages\sklearn\utils\validation.py:2749: UserWarning: X does not have valid feature names, but LinearRegression was fitted with feature names
  warnings.warn(
C:\Users\acer\AppData\Local\Programs\Python\Python312\Lib\site-packages\sklearn\utils\validation.py:2749: UserWarning: X does not have valid feature names, but LinearRegression was fitted with feature names
  warnings.warn(
[07/Apr/2026 12:49:41] "GET /status/marketplaces/ HTTP/1.1" 200 647
C:\Users\acer\AppData\Local\Programs\Python\Python312\Lib\site-packages\sklearn\utils\validation.py:2749: UserWarning: X does not have valid feature names, but LinearRegression was fitted with feature names
  warnings.warn(
C:\Users\acer\AppData\Local\Programs\Python\Python312\Lib\site-packages\sklearn\utils\validation.py:2749: UserWarning: X does not have valid feature names, but LinearRegression was fitted with feature names
  warnings.warn(
[07/Apr/2026 12:49:43] "GET /status/marketplaces/ HTTP/1.1" 200 647
C:\Users\acer\AppData\Local\Programs\Python\Python312\Lib\site-packages\sklearn\utils\validation.py:2749: UserWarning: X does not have valid feature names, but LinearRegression was fitted with feature names
  warnings.warn(
C:\Users\acer\AppData\Local\Programs\Python\Python312\Lib\site-packages\sklearn\utils\validation.py:2749: UserWarning: X does not have valid feature names, but LinearRegression was fitted with feature names
  warnings.warn(
[07/Apr/2026 12:49:44] "GET /status/marketplaces/ HTTP/1.1" 200 647
[07/Apr/2026 12:49:45] "OPTIONS /predict/ HTTP/1.1" 200 0
C:\Users\acer\AppData\Local\Programs\Python\Python312\Lib\site-packages\sklearn\utils\validation.py:2749: UserWarning: X does not have valid feature names, but LinearRegression was fitted with feature names
  warnings.warn(
[07/Apr/2026 12:49:45] "POST /predict/ HTTP/1.1" 200 136
[07/Apr/2026 12:49:45] "OPTIONS /predict/marketplace/ HTTP/1.1" 200 0
[07/Apr/2026 12:49:45] "OPTIONS /predict/marketplace/ HTTP/1.1" 200 0
C:\Users\acer\AppData\Local\Programs\Python\Python312\Lib\site-packages\sklearn\utils\validation.py:2749: UserWarning: X does not have valid feature names, but LinearRegression was fitted with feature names
  warnings.warn(
[07/Apr/2026 12:49:45] "POST /predict/marketplace/ HTTP/1.1" 201 317
C:\Users\acer\AppData\Local\Programs\Python\Python312\Lib\site-packages\sklearn\utils\validation.py:2749: UserWarning: X does not have valid feature names, but LinearRegression was fitted with feature names
  warnings.warn(
[07/Apr/2026 12:49:45] "POST /predict/marketplace/ HTTP/1.1" 201 321
C:\Users\acer\AppData\Local\Programs\Python\Python312\Lib\site-packages\sklearn\utils\validation.py:2749: UserWarning: X does not have valid feature names, but LinearRegression was fitted with feature names
  warnings.warn(
C:\Users\acer\AppData\Local\Programs\Python\Python312\Lib\site-packages\sklearn\utils\validation.py:2749: UserWarning: X does not have valid feature names, but LinearRegression was fitted with feature names
  warnings.warn(
[07/Apr/2026 12:49:46] "GET /status/marketplaces/ HTTP/1.1" 200 637
C:\Users\acer\AppData\Local\Programs\Python\Python312\Lib\site-packages\sklearn\utils\validation.py:2749: UserWarning: X does not have valid feature names, but LinearRegression was fitted with feature names
  warnings.warn(
C:\Users\acer\AppData\Local\Programs\Python\Python312\Lib\site-packages\sklearn\utils\validation.py:2749: UserWarning: X does not have valid feature names, but LinearRegression was fitted with feature names
  warnings.warn(
[07/Apr/2026 12:49:46] "GET /status/marketplaces/ HTTP/1.1" 200 637
C:\Users\acer\AppData\Local\Programs\Python\Python312\Lib\site-packages\sklearn\utils\validation.py:2749: UserWarning: X does not have valid feature names, but LinearRegression was fitted with feature names
  warnings.warn(
C:\Users\acer\AppData\Local\Programs\Python\Python312\Lib\site-packages\sklearn\utils\validation.py:2749: UserWarning: X does not have valid feature names, but LinearRegression was fitted with feature names
  warnings.warn(
[07/Apr/2026 12:49:47] "GET /status/marketplaces/ HTTP/1.1" 200 637
C:\Users\acer\AppData\Local\Programs\Python\Python312\Lib\site-packages\sklearn\utils\validation.py:2749: UserWarning: X does not have valid feature names, but LinearRegression was fitted with feature names
  warnings.warn(
C:\Users\acer\AppData\Local\Programs\Python\Python312\Lib\site-packages\sklearn\utils\validation.py:2749: UserWarning: X does not have valid feature names, but LinearRegression was fitted with feature names
  warnings.warn(
[07/Apr/2026 12:49:49] "GET /status/marketplaces/ HTTP/1.1" 200 637
C:\Users\acer\AppData\Local\Programs\Python\Python312\Lib\site-packages\sklearn\utils\validation.py:2749: UserWarning: X does not have valid feature names, but LinearRegression was fitted with feature names
  warnings.warn(
[07/Apr/2026 12:49:50] "POST /predict/ HTTP/1.1" 200 137
C:\Users\acer\AppData\Local\Programs\Python\Python312\Lib\site-packages\sklearn\utils\validation.py:2749: UserWarning: X does not have valid feature names, but LinearRegression was fitted with feature names
  warnings.warn(
[07/Apr/2026 12:49:50] "POST /predict/marketplace/ HTTP/1.1" 201 318
C:\Users\acer\AppData\Local\Programs\Python\Python312\Lib\site-packages\sklearn\utils\validation.py:2749: UserWarning: X does not have valid feature names, but LinearRegression was fitted with feature names
  warnings.warn(
[07/Apr/2026 12:49:50] "POST /predict/marketplace/ HTTP/1.1" 201 322
C:\Users\acer\AppData\Local\Programs\Python\Python312\Lib\site-packages\sklearn\utils\validation.py:2749: UserWarning: X does not have valid feature names, but LinearRegression was fitted with feature names
  warnings.warn(
C:\Users\acer\AppData\Local\Programs\Python\Python312\Lib\site-packages\sklearn\utils\validation.py:2749: UserWarning: X does not have valid feature names, but LinearRegression was fitted with feature names
  warnings.warn(
[07/Apr/2026 12:49:50] "GET /status/marketplaces/ HTTP/1.1" 200 643
C:\Users\acer\AppData\Local\Programs\Python\Python312\Lib\site-packages\sklearn\utils\validation.py:2749: UserWarning: X does not have valid feature names, but LinearRegression was fitted with feature names
  warnings.warn(
C:\Users\acer\AppData\Local\Programs\Python\Python312\Lib\site-packages\sklearn\utils\validation.py:2749: UserWarning: X does not have valid feature names, but LinearRegression was fitted with feature names
  warnings.warn(
[07/Apr/2026 12:49:50] "GET /status/marketplaces/ HTTP/1.1" 200 643
C:\Users\acer\AppData\Local\Programs\Python\Python312\Lib\site-packages\sklearn\utils\validation.py:2749: UserWarning: X does not have valid feature names, but LinearRegression was fitted with feature names
  warnings.warn(
C:\Users\acer\AppData\Local\Programs\Python\Python312\Lib\site-packages\sklearn\utils\validation.py:2749: UserWarning: X does not have valid feature names, but LinearRegression was fitted with feature names
  warnings.warn(
[07/Apr/2026 12:49:52] "GET /status/marketplaces/ HTTP/1.1" 200 643
C:\Users\acer\AppData\Local\Programs\Python\Python312\Lib\site-packages\sklearn\utils\validation.py:2749: UserWarning: X does not have valid feature names, but LinearRegression was fitted with feature names
  warnings.warn(
C:\Users\acer\AppData\Local\Programs\Python\Python312\Lib\site-packages\sklearn\utils\validation.py:2749: UserWarning: X does not have valid feature names, but LinearRegression was fitted with feature names
  warnings.warn(
[07/Apr/2026 12:49:53] "GET /status/marketplaces/ HTTP/1.1" 200 643
C:\Users\acer\AppData\Local\Programs\Python\Python312\Lib\site-packages\sklearn\utils\validation.py:2749: UserWarning: X does not have valid feature names, but LinearRegression was fitted with feature names
  warnings.warn(
[07/Apr/2026 12:49:54] "POST /predict/ HTTP/1.1" 200 137
C:\Users\acer\AppData\Local\Programs\Python\Python312\Lib\site-packages\sklearn\utils\validation.py:2749: UserWarning: X does not have valid feature names, but LinearRegression was fitted with feature names
  warnings.warn(
C:\Users\acer\AppData\Local\Programs\Python\Python312\Lib\site-packages\sklearn\utils\validation.py:2749: UserWarning: X does not have valid feature names, but LinearRegression was fitted with feature names
  warnings.warn(
[07/Apr/2026 12:49:54] "POST /predict/marketplace/ HTTP/1.1" 201 318
[07/Apr/2026 12:49:54] "POST /predict/marketplace/ HTTP/1.1" 201 322
C:\Users\acer\AppData\Local\Programs\Python\Python312\Lib\site-packages\sklearn\utils\validation.py:2749: UserWarning: X does not have valid feature names, but LinearRegression was fitted with feature names
  warnings.warn(
C:\Users\acer\AppData\Local\Programs\Python\Python312\Lib\site-packages\sklearn\utils\validation.py:2749: UserWarning: X does not have valid feature names, but LinearRegression was fitted with feature names
  warnings.warn(
[07/Apr/2026 12:49:54] "GET /status/marketplaces/ HTTP/1.1" 200 643
C:\Users\acer\AppData\Local\Programs\Python\Python312\Lib\site-packages\sklearn\utils\validation.py:2749: UserWarning: X does not have valid feature names, but LinearRegression was fitted with feature names
  warnings.warn(
C:\Users\acer\AppData\Local\Programs\Python\Python312\Lib\site-packages\sklearn\utils\validation.py:2749: UserWarning: X does not have valid feature names, but LinearRegression was fitted with feature names
  warnings.warn(
[07/Apr/2026 12:49:55] "GET /status/marketplaces/ HTTP/1.1" 200 643
C:\Users\acer\AppData\Local\Programs\Python\Python312\Lib\site-packages\sklearn\utils\validation.py:2749: UserWarning: X does not have valid feature names, but LinearRegression was fitted with feature names
  warnings.warn(
C:\Users\acer\AppData\Local\Programs\Python\Python312\Lib\site-packages\sklearn\utils\validation.py:2749: UserWarning: X does not have valid feature names, but LinearRegression was fitted with feature names
  warnings.warn(
[07/Apr/2026 12:49:56] "GET /status/marketplaces/ HTTP/1.1" 200 643
C:\Users\acer\AppData\Local\Programs\Python\Python312\Lib\site-packages\sklearn\utils\validation.py:2749: UserWarning: X does not have valid feature names, but LinearRegression was fitted with feature names
  warnings.warn(
C:\Users\acer\AppData\Local\Programs\Python\Python312\Lib\site-packages\sklearn\utils\validation.py:2749: UserWarning: X does not have valid feature names, but LinearRegression was fitted with feature names
  warnings.warn(
[07/Apr/2026 12:49:58] "GET /status/marketplaces/ HTTP/1.1" 200 643
C:\Users\acer\AppData\Local\Programs\Python\Python312\Lib\site-packages\sklearn\utils\validation.py:2749: UserWarning: X does not have valid feature names, but LinearRegression was fitted with feature names
  warnings.warn(
[07/Apr/2026 12:49:58] "POST /predict/ HTTP/1.1" 200 136
C:\Users\acer\AppData\Local\Programs\Python\Python312\Lib\site-packages\sklearn\utils\validation.py:2749: UserWarning: X does not have valid feature names, but LinearRegression was fitted with feature names
  warnings.warn(
[07/Apr/2026 12:49:58] "POST /predict/marketplace/ HTTP/1.1" 201 317
C:\Users\acer\AppData\Local\Programs\Python\Python312\Lib\site-packages\sklearn\utils\validation.py:2749: UserWarning: X does not have valid feature names, but LinearRegression was fitted with feature names
  warnings.warn(
[07/Apr/2026 12:49:58] "POST /predict/marketplace/ HTTP/1.1" 201 321
C:\Users\acer\AppData\Local\Programs\Python\Python312\Lib\site-packages\sklearn\utils\validation.py:2749: UserWarning: X does not have valid feature names, but LinearRegression was fitted with feature names
  warnings.warn(
C:\Users\acer\AppData\Local\Programs\Python\Python312\Lib\site-packages\sklearn\utils\validation.py:2749: UserWarning: X does not have valid feature names, but LinearRegression was fitted with feature names
  warnings.warn(
[07/Apr/2026 12:49:58] "GET /status/marketplaces/ HTTP/1.1" 200 647
C:\Users\acer\AppData\Local\Programs\Python\Python312\Lib\site-packages\sklearn\utils\validation.py:2749: UserWarning: X does not have valid feature names, but LinearRegression was fitted with feature names
  warnings.warn(
C:\Users\acer\AppData\Local\Programs\Python\Python312\Lib\site-packages\sklearn\utils\validation.py:2749: UserWarning: X does not have valid feature names, but LinearRegression was fitted with feature names
  warnings.warn(
[07/Apr/2026 12:49:59] "GET /status/marketplaces/ HTTP/1.1" 200 647
C:\Users\acer\AppData\Local\Programs\Python\Python312\Lib\site-packages\sklearn\utils\validation.py:2749: UserWarning: X does not have valid feature names, but LinearRegression was fitted with feature names
  warnings.warn(
C:\Users\acer\AppData\Local\Programs\Python\Python312\Lib\site-packages\sklearn\utils\validation.py:2749: UserWarning: X does not have valid feature names, but LinearRegression was fitted with feature names
  warnings.warn(
[07/Apr/2026 12:50:01] "GET /status/marketplaces/ HTTP/1.1" 200 647
C:\Users\acer\AppData\Local\Programs\Python\Python312\Lib\site-packages\sklearn\utils\validation.py:2749: UserWarning: X does not have valid feature names, but LinearRegression was fitted with feature names
  warnings.warn(
C:\Users\acer\AppData\Local\Programs\Python\Python312\Lib\site-packages\sklearn\utils\validation.py:2749: UserWarning: X does not have valid feature names, but LinearRegression was fitted with feature names
  warnings.warn(
[07/Apr/2026 12:50:02] "GET /status/marketplaces/ HTTP/1.1" 200 647
C:\Users\acer\AppData\Local\Programs\Python\Python312\Lib\site-packages\sklearn\utils\validation.py:2749: UserWarning: X does not have valid feature names, but LinearRegression was fitted with feature names
  warnings.warn(
C:\Users\acer\AppData\Local\Programs\Python\Python312\Lib\site-packages\sklearn\utils\validation.py:2749: UserWarning: X does not have valid feature names, but LinearRegression was fitted with feature names
  warnings.warn(
[07/Apr/2026 12:50:05] "GET /status/marketplaces/ HTTP/1.1" 200 647
C:\Users\acer\AppData\Local\Programs\Python\Python312\Lib\site-packages\sklearn\utils\validation.py:2749: UserWarning: X does not have valid feature names, but LinearRegression was fitted with feature names
  warnings.warn(
C:\Users\acer\AppData\Local\Programs\Python\Python312\Lib\site-packages\sklearn\utils\validation.py:2749: UserWarning: X does not have valid feature names, but LinearRegression was fitted with feature names
  warnings.warn(
[07/Apr/2026 12:50:08] "GET /status/marketplaces/ HTTP/1.1" 200 647
C:\Users\acer\AppData\Local\Programs\Python\Python312\Lib\site-packages\sklearn\utils\validation.py:2749: UserWarning: X does not have valid feature names, but LinearRegression was fitted with feature names
  warnings.warn(
C:\Users\acer\AppData\Local\Programs\Python\Python312\Lib\site-packages\sklearn\utils\validation.py:2749: UserWarning: X does not have valid feature names, but LinearRegression was fitted with feature names
  warnings.warn(
[07/Apr/2026 12:50:11] "GET /status/marketplaces/ HTTP/1.1" 200 647
C:\Users\acer\AppData\Local\Programs\Python\Python312\Lib\site-packages\sklearn\utils\validation.py:2749: UserWarning: X does not have valid feature names, but LinearRegression was fitted with feature names
  warnings.warn(
C:\Users\acer\AppData\Local\Programs\Python\Python312\Lib\site-packages\sklearn\utils\validation.py:2749: UserWarning: X does not have valid feature names, but LinearRegression was fitted with feature names
  warnings.warn(
[07/Apr/2026 12:50:14] "GET /status/marketplaces/ HTTP/1.1" 200 647
C:\Users\acer\AppData\Local\Programs\Python\Python312\Lib\site-packages\sklearn\utils\validation.py:2749: UserWarning: X does not have valid feature names, but LinearRegression was fitted with feature names
  warnings.warn(
C:\Users\acer\AppData\Local\Programs\Python\Python312\Lib\site-packages\sklearn\utils\validation.py:2749: UserWarning: X does not have valid feature names, but LinearRegression was fitted with feature names
  warnings.warn(
[07/Apr/2026 12:50:17] "GET /status/marketplaces/ HTTP/1.1" 200 647
C:\Users\acer\AppData\Local\Programs\Python\Python312\Lib\site-packages\sklearn\utils\validation.py:2749: UserWarning: X does not have valid feature names, but LinearRegression was fitted with feature names
  warnings.warn(
C:\Users\acer\AppData\Local\Programs\Python\Python312\Lib\site-packages\sklearn\utils\validation.py:2749: UserWarning: X does not have valid feature names, but LinearRegression was fitted with feature names
  warnings.warn(
[07/Apr/2026 12:50:20] "GET /status/marketplaces/ HTTP/1.1" 200 647
C:\Users\acer\AppData\Local\Programs\Python\Python312\Lib\site-packages\sklearn\utils\validation.py:2749: UserWarning: X does not have valid feature names, but LinearRegression was fitted with feature names
  warnings.warn(
C:\Users\acer\AppData\Local\Programs\Python\Python312\Lib\site-packages\sklearn\utils\validation.py:2749: UserWarning: X does not have valid feature names, but LinearRegression was fitted with feature names
  warnings.warn(
[07/Apr/2026 12:50:23] "GET /status/marketplaces/ HTTP/1.1" 200 647
C:\Users\acer\AppData\Local\Programs\Python\Python312\Lib\site-packages\sklearn\utils\validation.py:2749: UserWarning: X does not have valid feature names, but LinearRegression was fitted with feature names
  warnings.warn(
C:\Users\acer\AppData\Local\Programs\Python\Python312\Lib\site-packages\sklearn\utils\validation.py:2749: UserWarning: X does not have valid feature names, but LinearRegression was fitted with feature names
  warnings.warn(
[07/Apr/2026 12:50:26] "GET /status/marketplaces/ HTTP/1.1" 200 647
C:\Users\acer\AppData\Local\Programs\Python\Python312\Lib\site-packages\sklearn\utils\validation.py:2749: UserWarning: X does not have valid feature names, but LinearRegression was fitted with feature names
  warnings.warn(
C:\Users\acer\AppData\Local\Programs\Python\Python312\Lib\site-packages\sklearn\utils\validation.py:2749: UserWarning: X does not have valid feature names, but LinearRegression was fitted with feature names
  warnings.warn(
[07/Apr/2026 12:50:29] "GET /status/marketplaces/ HTTP/1.1" 200 647
C:\Users\acer\AppData\Local\Programs\Python\Python312\Lib\site-packages\sklearn\utils\validation.py:2749: UserWarning: X does not have valid feature names, but LinearRegression was fitted with feature names
  warnings.warn(
C:\Users\acer\AppData\Local\Programs\Python\Python312\Lib\site-packages\sklearn\utils\validation.py:2749: UserWarning: X does not have valid feature names, but LinearRegression was fitted with feature names
  warnings.warn(
[07/Apr/2026 12:50:32] "GET /status/marketplaces/ HTTP/1.1" 200 647
C:\Users\acer\AppData\Local\Programs\Python\Python312\Lib\site-packages\sklearn\utils\validation.py:2749: UserWarning: X does not have valid feature names, but LinearRegression was fitted with feature names
  warnings.warn(
C:\Users\acer\AppData\Local\Programs\Python\Python312\Lib\site-packages\sklearn\utils\validation.py:2749: UserWarning: X does not have valid feature names, but LinearRegression was fitted with feature names
  warnings.warn(
[07/Apr/2026 12:50:35] "GET /status/marketplaces/ HTTP/1.1" 200 647
C:\Users\acer\AppData\Local\Programs\Python\Python312\Lib\site-packages\sklearn\utils\validation.py:2749: UserWarning: X does not have valid feature names, but LinearRegression was fitted with feature names
  warnings.warn(
C:\Users\acer\AppData\Local\Programs\Python\Python312\Lib\site-packages\sklearn\utils\validation.py:2749: UserWarning: X does not have valid feature names, but LinearRegression was fitted with feature names
  warnings.warn(
[07/Apr/2026 12:50:38] "GET /status/marketplaces/ HTTP/1.1" 200 647
C:\Users\acer\AppData\Local\Programs\Python\Python312\Lib\site-packages\sklearn\utils\validation.py:2749: UserWarning: X does not have valid feature names, but LinearRegression was fitted with feature names
  warnings.warn(
C:\Users\acer\AppData\Local\Programs\Python\Python312\Lib\site-packages\sklearn\utils\validation.py:2749: UserWarning: X does not have valid feature names, but LinearRegression was fitted with feature names
  warnings.warn(
[07/Apr/2026 12:50:41] "GET /status/marketplaces/ HTTP/1.1" 200 647
C:\Users\acer\AppData\Local\Programs\Python\Python312\Lib\site-packages\sklearn\utils\validation.py:2749: UserWarning: X does not have valid feature names, but LinearRegression was fitted with feature names
  warnings.warn(
[07/Apr/2026 12:50:42] "POST /predict/ HTTP/1.1" 200 136
C:\Users\acer\AppData\Local\Programs\Python\Python312\Lib\site-packages\sklearn\utils\validation.py:2749: UserWarning: X does not have valid feature names, but LinearRegression was fitted with feature names
  warnings.warn(
[07/Apr/2026 12:50:42] "POST /predict/marketplace/ HTTP/1.1" 201 317
C:\Users\acer\AppData\Local\Programs\Python\Python312\Lib\site-packages\sklearn\utils\validation.py:2749: UserWarning: X does not have valid feature names, but LinearRegression was fitted with feature names
  warnings.warn(
[07/Apr/2026 12:50:42] "POST /predict/marketplace/ HTTP/1.1" 201 321
C:\Users\acer\AppData\Local\Programs\Python\Python312\Lib\site-packages\sklearn\utils\validation.py:2749: UserWarning: X does not have valid feature names, but LinearRegression was fitted with feature names
  warnings.warn(
C:\Users\acer\AppData\Local\Programs\Python\Python312\Lib\site-packages\sklearn\utils\validation.py:2749: UserWarning: X does not have valid feature names, but LinearRegression was fitted with feature names
  warnings.warn(
[07/Apr/2026 12:50:42] "GET /status/marketplaces/ HTTP/1.1" 200 637
C:\Users\acer\AppData\Local\Programs\Python\Python312\Lib\site-packages\sklearn\utils\validation.py:2749: UserWarning: X does not have valid feature names, but LinearRegression was fitted with feature names
  warnings.warn(
C:\Users\acer\AppData\Local\Programs\Python\Python312\Lib\site-packages\sklearn\utils\validation.py:2749: UserWarning: X does not have valid feature names, but LinearRegression was fitted with feature names
  warnings.warn(
[07/Apr/2026 12:50:44] "GET /status/marketplaces/ HTTP/1.1" 200 637
C:\Users\acer\AppData\Local\Programs\Python\Python312\Lib\site-packages\sklearn\utils\validation.py:2749: UserWarning: X does not have valid feature names, but LinearRegression was fitted with feature names
  warnings.warn(
[07/Apr/2026 12:50:47] "POST /predict/ HTTP/1.1" 200 136
C:\Users\acer\AppData\Local\Programs\Python\Python312\Lib\site-packages\sklearn\utils\validation.py:2749: UserWarning: X does not have valid feature names, but LinearRegression was fitted with feature names
  warnings.warn(
C:\Users\acer\AppData\Local\Programs\Python\Python312\Lib\site-packages\sklearn\utils\validation.py:2749: UserWarning: X does not have valid feature names, but LinearRegression was fitted with feature names
  warnings.warn(
[07/Apr/2026 12:50:47] "POST /predict/marketplace/ HTTP/1.1" 201 317
[07/Apr/2026 12:50:47] "POST /predict/marketplace/ HTTP/1.1" 201 321
C:\Users\acer\AppData\Local\Programs\Python\Python312\Lib\site-packages\sklearn\utils\validation.py:2749: UserWarning: X does not have valid feature names, but LinearRegression was fitted with feature names
  warnings.warn(
C:\Users\acer\AppData\Local\Programs\Python\Python312\Lib\site-packages\sklearn\utils\validation.py:2749: UserWarning: X does not have valid feature names, but LinearRegression was fitted with feature names
  warnings.warn(
[07/Apr/2026 12:50:47] "GET /status/marketplaces/ HTTP/1.1" 200 637
C:\Users\acer\AppData\Local\Programs\Python\Python312\Lib\site-packages\sklearn\utils\validation.py:2749: UserWarning: X does not have valid feature names, but LinearRegression was fitted with feature names
  warnings.warn(
C:\Users\acer\AppData\Local\Programs\Python\Python312\Lib\site-packages\sklearn\utils\validation.py:2749: UserWarning: X does not have valid feature names, but LinearRegression was fitted with feature names
  warnings.warn(
[07/Apr/2026 12:50:47] "GET /status/marketplaces/ HTTP/1.1" 200 637
C:\Users\acer\AppData\Local\Programs\Python\Python312\Lib\site-packages\sklearn\utils\validation.py:2749: UserWarning: X does not have valid feature names, but LinearRegression was fitted with feature names
  warnings.warn(
C:\Users\acer\AppData\Local\Programs\Python\Python312\Lib\site-packages\sklearn\utils\validation.py:2749: UserWarning: X does not have valid feature names, but LinearRegression was fitted with feature names
  warnings.warn(
[07/Apr/2026 12:50:50] "GET /status/marketplaces/ HTTP/1.1" 200 637
C:\Users\acer\AppData\Local\Programs\Python\Python312\Lib\site-packages\sklearn\utils\validation.py:2749: UserWarning: X does not have valid feature names, but LinearRegression was fitted with feature names
  warnings.warn(
C:\Users\acer\AppData\Local\Programs\Python\Python312\Lib\site-packages\sklearn\utils\validation.py:2749: UserWarning: X does not have valid feature names, but LinearRegression was fitted with feature names
  warnings.warn(
[07/Apr/2026 12:50:54] "GET /status/marketplaces/ HTTP/1.1" 200 637
C:\Users\acer\AppData\Local\Programs\Python\Python312\Lib\site-packages\sklearn\utils\validation.py:2749: UserWarning: X does not have valid feature names, but LinearRegression was fitted with feature names
  warnings.warn(
C:\Users\acer\AppData\Local\Programs\Python\Python312\Lib\site-packages\sklearn\utils\validation.py:2749: UserWarning: X does not have valid feature names, but LinearRegression was fitted with feature names
  warnings.warn(
[07/Apr/2026 12:50:57] "GET /status/marketplaces/ HTTP/1.1" 200 637
C:\Users\acer\AppData\Local\Programs\Python\Python312\Lib\site-packages\sklearn\utils\validation.py:2749: UserWarning: X does not have valid feature names, but LinearRegression was fitted with feature names
  warnings.warn(
C:\Users\acer\AppData\Local\Programs\Python\Python312\Lib\site-packages\sklearn\utils\validation.py:2749: UserWarning: X does not have valid feature names, but LinearRegression was fitted with feature names
  warnings.warn(
[07/Apr/2026 12:51:00] "GET /status/marketplaces/ HTTP/1.1" 200 637
C:\Users\acer\AppData\Local\Programs\Python\Python312\Lib\site-packages\sklearn\utils\validation.py:2749: UserWarning: X does not have valid feature names, but LinearRegression was fitted with feature names
  warnings.warn(
C:\Users\acer\AppData\Local\Programs\Python\Python312\Lib\site-packages\sklearn\utils\validation.py:2749: UserWarning: X does not have valid feature names, but LinearRegression was fitted with feature names
  warnings.warn(
[07/Apr/2026 12:51:03] "GET /status/marketplaces/ HTTP/1.1" 200 637
C:\Users\acer\AppData\Local\Programs\Python\Python312\Lib\site-packages\sklearn\utils\validation.py:2749: UserWarning: X does not have valid feature names, but LinearRegression was fitted with feature names
  warnings.warn(
C:\Users\acer\AppData\Local\Programs\Python\Python312\Lib\site-packages\sklearn\utils\validation.py:2749: UserWarning: X does not have valid feature names, but LinearRegression was fitted with feature names
  warnings.warn(
[07/Apr/2026 12:51:06] "GET /status/marketplaces/ HTTP/1.1" 200 637
C:\Users\acer\AppData\Local\Programs\Python\Python312\Lib\site-packages\sklearn\utils\validation.py:2749: UserWarning: X does not have valid feature names, but LinearRegression was fitted with feature names
  warnings.warn(
C:\Users\acer\AppData\Local\Programs\Python\Python312\Lib\site-packages\sklearn\utils\validation.py:2749: UserWarning: X does not have valid feature names, but LinearRegression was fitted with feature names
  warnings.warn(
[07/Apr/2026 12:51:09] "GET /status/marketplaces/ HTTP/1.1" 200 637
C:\Users\acer\AppData\Local\Programs\Python\Python312\Lib\site-packages\sklearn\utils\validation.py:2749: UserWarning: X does not have valid feature names, but LinearRegression was fitted with feature names
  warnings.warn(
C:\Users\acer\AppData\Local\Programs\Python\Python312\Lib\site-packages\sklearn\utils\validation.py:2749: UserWarning: X does not have valid feature names, but LinearRegression was fitted with feature names
  warnings.warn(
[07/Apr/2026 12:51:12] "GET /status/marketplaces/ HTTP/1.1" 200 637
C:\Users\acer\AppData\Local\Programs\Python\Python312\Lib\site-packages\sklearn\utils\validation.py:2749: UserWarning: X does not have valid feature names, but LinearRegression was fitted with feature names
  warnings.warn(
C:\Users\acer\AppData\Local\Programs\Python\Python312\Lib\site-packages\sklearn\utils\validation.py:2749: UserWarning: X does not have valid feature names, but LinearRegression was fitted with feature names
  warnings.warn(
[07/Apr/2026 12:51:15] "GET /status/marketplaces/ HTTP/1.1" 200 637
C:\Users\acer\AppData\Local\Programs\Python\Python312\Lib\site-packages\sklearn\utils\validation.py:2749: UserWarning: X does not have valid feature names, but LinearRegression was fitted with feature names
  warnings.warn(
C:\Users\acer\AppData\Local\Programs\Python\Python312\Lib\site-packages\sklearn\utils\validation.py:2749: UserWarning: X does not have valid feature names, but LinearRegression was fitted with feature names
  warnings.warn(
[07/Apr/2026 12:51:18] "GET /status/marketplaces/ HTTP/1.1" 200 637
C:\Users\acer\AppData\Local\Programs\Python\Python312\Lib\site-packages\sklearn\utils\validation.py:2749: UserWarning: X does not have valid feature names, but LinearRegression was fitted with feature names
  warnings.warn(
C:\Users\acer\AppData\Local\Programs\Python\Python312\Lib\site-packages\sklearn\utils\validation.py:2749: UserWarning: X does not have valid feature names, but LinearRegression was fitted with feature names
  warnings.warn(
[07/Apr/2026 12:51:21] "GET /status/marketplaces/ HTTP/1.1" 200 637
C:\Users\acer\AppData\Local\Programs\Python\Python312\Lib\site-packages\sklearn\utils\validation.py:2749: UserWarning: X does not have valid feature names, but LinearRegression was fitted with feature names
  warnings.warn(
C:\Users\acer\AppData\Local\Programs\Python\Python312\Lib\site-packages\sklearn\utils\validation.py:2749: UserWarning: X does not have valid feature names, but LinearRegression was fitted with feature names
  warnings.warn(
[07/Apr/2026 12:51:24] "GET /status/marketplaces/ HTTP/1.1" 200 637
C:\Users\acer\AppData\Local\Programs\Python\Python312\Lib\site-packages\sklearn\utils\validation.py:2749: UserWarning: X does not have valid feature names, but LinearRegression was fitted with feature names
  warnings.warn(
C:\Users\acer\AppData\Local\Programs\Python\Python312\Lib\site-packages\sklearn\utils\validation.py:2749: UserWarning: X does not have valid feature names, but LinearRegression was fitted with feature names
  warnings.warn(
[07/Apr/2026 12:51:27] "GET /status/marketplaces/ HTTP/1.1" 200 637
C:\Users\acer\AppData\Local\Programs\Python\Python312\Lib\site-packages\sklearn\utils\validation.py:2749: UserWarning: X does not have valid feature names, but LinearRegression was fitted with feature names
  warnings.warn(
C:\Users\acer\AppData\Local\Programs\Python\Python312\Lib\site-packages\sklearn\utils\validation.py:2749: UserWarning: X does not have valid feature names, but LinearRegression was fitted with feature names
  warnings.warn(
[07/Apr/2026 12:51:30] "GET /status/marketplaces/ HTTP/1.1" 200 637
C:\Users\acer\AppData\Local\Programs\Python\Python312\Lib\site-packages\sklearn\utils\validation.py:2749: UserWarning: X does not have valid feature names, but LinearRegression was fitted with feature names
  warnings.warn(
C:\Users\acer\AppData\Local\Programs\Python\Python312\Lib\site-packages\sklearn\utils\validation.py:2749: UserWarning: X does not have valid feature names, but LinearRegression was fitted with feature names
  warnings.warn(
[07/Apr/2026 12:51:33] "GET /status/marketplaces/ HTTP/1.1" 200 637
[07/Apr/2026 12:51:35] "GET /health/ HTTP/1.1" 200 56
[07/Apr/2026 12:51:35] "GET /dataset/ HTTP/1.1" 200 556
C:\Users\acer\AppData\Local\Programs\Python\Python312\Lib\site-packages\sklearn\utils\validation.py:2749: UserWarning: X does not have valid feature names, but LinearRegression was fitted with feature names
  warnings.warn(
C:\Users\acer\AppData\Local\Programs\Python\Python312\Lib\site-packages\sklearn\utils\validation.py:2749: UserWarning: X does not have valid feature names, but LinearRegression was fitted with feature names
  warnings.warn(
[07/Apr/2026 12:51:35] "GET /status/marketplaces/ HTTP/1.1" 200 637
C:\Users\acer\AppData\Local\Programs\Python\Python312\Lib\site-packages\sklearn\utils\validation.py:2749: UserWarning: X does not have valid feature names, but LinearRegression was fitted with feature names
  warnings.warn(
C:\Users\acer\AppData\Local\Programs\Python\Python312\Lib\site-packages\sklearn\utils\validation.py:2749: UserWarning: X does not have valid feature names, but LinearRegression was fitted with feature names
  warnings.warn(
[07/Apr/2026 12:51:39] "GET /status/marketplaces/ HTTP/1.1" 200 637
C:\Users\acer\AppData\Local\Programs\Python\Python312\Lib\site-packages\sklearn\utils\validation.py:2749: UserWarning: X does not have valid feature names, but LinearRegression was fitted with feature names
  warnings.warn(
C:\Users\acer\AppData\Local\Programs\Python\Python312\Lib\site-packages\sklearn\utils\validation.py:2749: UserWarning: X does not have valid feature names, but LinearRegression was fitted with feature names
  warnings.warn(
[07/Apr/2026 12:51:42] "GET /status/marketplaces/ HTTP/1.1" 200 637
C:\Users\acer\AppData\Local\Programs\Python\Python312\Lib\site-packages\sklearn\utils\validation.py:2749: UserWarning: X does not have valid feature names, but LinearRegression was fitted with feature names
  warnings.warn(
C:\Users\acer\AppData\Local\Programs\Python\Python312\Lib\site-packages\sklearn\utils\validation.py:2749: UserWarning: X does not have valid feature names, but LinearRegression was fitted with feature names
  warnings.warn(
[07/Apr/2026 12:51:45] "GET /status/marketplaces/ HTTP/1.1" 200 637
C:\Users\acer\AppData\Local\Programs\Python\Python312\Lib\site-packages\sklearn\utils\validation.py:2749: UserWarning: X does not have valid feature names, but LinearRegression was fitted with feature names
  warnings.warn(
C:\Users\acer\AppData\Local\Programs\Python\Python312\Lib\site-packages\sklearn\utils\validation.py:2749: UserWarning: X does not have valid feature names, but LinearRegression was fitted with feature names
  warnings.warn(
[07/Apr/2026 12:51:48] "GET /status/marketplaces/ HTTP/1.1" 200 637
C:\Users\acer\AppData\Local\Programs\Python\Python312\Lib\site-packages\sklearn\utils\validation.py:2749: UserWarning: X does not have valid feature names, but LinearRegression was fitted with feature names
  warnings.warn(
C:\Users\acer\AppData\Local\Programs\Python\Python312\Lib\site-packages\sklearn\utils\validation.py:2749: UserWarning: X does not have valid feature names, but LinearRegression was fitted with feature names
  warnings.warn(
[07/Apr/2026 12:51:51] "GET /status/marketplaces/ HTTP/1.1" 200 637
C:\Users\acer\AppData\Local\Programs\Python\Python312\Lib\site-packages\sklearn\utils\validation.py:2749: UserWarning: X does not have valid feature names, but LinearRegression was fitted with feature names
  warnings.warn(
C:\Users\acer\AppData\Local\Programs\Python\Python312\Lib\site-packages\sklearn\utils\validation.py:2749: UserWarning: X does not have valid feature names, but LinearRegression was fitted with feature names
  warnings.warn(
[07/Apr/2026 12:52:16] "GET /status/marketplaces/ HTTP/1.1" 200 637
C:\Users\acer\AppData\Local\Programs\Python\Python312\Lib\site-packages\sklearn\utils\validation.py:2749: UserWarning: X does not have valid feature names, but LinearRegression was fitted with feature names
  warnings.warn(
C:\Users\acer\AppData\Local\Programs\Python\Python312\Lib\site-packages\sklearn\utils\validation.py:2749: UserWarning: X does not have valid feature names, but LinearRegression was fitted with feature names
  warnings.warn(
[07/Apr/2026 12:52:17] "GET /status/marketplaces/ HTTP/1.1" 200 637
[07/Apr/2026 12:52:19] "GET /health/ HTTP/1.1" 200 56
[07/Apr/2026 12:52:19] "GET /dataset/ HTTP/1.1" 200 556
[07/Apr/2026 12:52:19] "GET /health/ HTTP/1.1" 200 56
[07/Apr/2026 12:52:19] "GET /dataset/ HTTP/1.1" 200 556
C:\Users\acer\AppData\Local\Programs\Python\Python312\Lib\site-packages\sklearn\utils\validation.py:2749: UserWarning: X does not have valid feature names, but LinearRegression was fitted with feature names
  warnings.warn(
C:\Users\acer\AppData\Local\Programs\Python\Python312\Lib\site-packages\sklearn\utils\validation.py:2749: UserWarning: X does not have valid feature names, but LinearRegression was fitted with feature names
  warnings.warn(
[07/Apr/2026 12:52:19] "GET /status/marketplaces/ HTTP/1.1" 200 637
C:\Users\acer\AppData\Local\Programs\Python\Python312\Lib\site-packages\sklearn\utils\validation.py:2749: UserWarning: X does not have valid feature names, but LinearRegression was fitted with feature names
  warnings.warn(
C:\Users\acer\AppData\Local\Programs\Python\Python312\Lib\site-packages\sklearn\utils\validation.py:2749: UserWarning: X does not have valid feature names, but LinearRegression was fitted with feature names
  warnings.warn(
[07/Apr/2026 12:52:20] "GET /status/marketplaces/ HTTP/1.1" 200 637
C:\Users\acer\AppData\Local\Programs\Python\Python312\Lib\site-packages\sklearn\utils\validation.py:2749: UserWarning: X does not have valid feature names, but LinearRegression was fitted with feature names
  warnings.warn(
C:\Users\acer\AppData\Local\Programs\Python\Python312\Lib\site-packages\sklearn\utils\validation.py:2749: UserWarning: X does not have valid feature names, but LinearRegression was fitted with feature names
  warnings.warn(
[07/Apr/2026 12:52:23] "GET /status/marketplaces/ HTTP/1.1" 200 637
C:\Users\acer\AppData\Local\Programs\Python\Python312\Lib\site-packages\sklearn\utils\validation.py:2749: UserWarning: X does not have valid feature names, but LinearRegression was fitted with feature names
  warnings.warn(
C:\Users\acer\AppData\Local\Programs\Python\Python312\Lib\site-packages\sklearn\utils\validation.py:2749: UserWarning: X does not have valid feature names, but LinearRegression was fitted with feature names
  warnings.warn(
[07/Apr/2026 12:52:25] "GET /status/marketplaces/ HTTP/1.1" 200 637
C:\Users\acer\AppData\Local\Programs\Python\Python312\Lib\site-packages\sklearn\utils\validation.py:2749: UserWarning: X does not have valid feature names, but LinearRegression was fitted with feature names
  warnings.warn(
[07/Apr/2026 12:52:26] "POST /predict/ HTTP/1.1" 200 136
C:\Users\acer\AppData\Local\Programs\Python\Python312\Lib\site-packages\sklearn\utils\validation.py:2749: UserWarning: X does not have valid feature names, but LinearRegression was fitted with feature names
  warnings.warn(
[07/Apr/2026 12:52:26] "POST /predict/marketplace/ HTTP/1.1" 201 321
C:\Users\acer\AppData\Local\Programs\Python\Python312\Lib\site-packages\sklearn\utils\validation.py:2749: UserWarning: X does not have valid feature names, but LinearRegression was fitted with feature names
  warnings.warn(
[07/Apr/2026 12:52:26] "POST /predict/marketplace/ HTTP/1.1" 201 317
C:\Users\acer\AppData\Local\Programs\Python\Python312\Lib\site-packages\sklearn\utils\validation.py:2749: UserWarning: X does not have valid feature names, but LinearRegression was fitted with feature names
  warnings.warn(
C:\Users\acer\AppData\Local\Programs\Python\Python312\Lib\site-packages\sklearn\utils\validation.py:2749: UserWarning: X does not have valid feature names, but LinearRegression was fitted with feature names
  warnings.warn(
[07/Apr/2026 12:52:26] "GET /status/marketplaces/ HTTP/1.1" 200 637
C:\Users\acer\AppData\Local\Programs\Python\Python312\Lib\site-packages\sklearn\utils\validation.py:2749: UserWarning: X does not have valid feature names, but LinearRegression was fitted with feature names
  warnings.warn(
C:\Users\acer\AppData\Local\Programs\Python\Python312\Lib\site-packages\sklearn\utils\validation.py:2749: UserWarning: X does not have valid feature names, but LinearRegression was fitted with feature names
  warnings.warn(
[07/Apr/2026 12:52:28] "GET /status/marketplaces/ HTTP/1.1" 200 637
C:\Users\acer\AppData\Local\Programs\Python\Python312\Lib\site-packages\sklearn\utils\validation.py:2749: UserWarning: X does not have valid feature names, but LinearRegression was fitted with feature names
  warnings.warn(
[07/Apr/2026 12:52:31] "POST /predict/ HTTP/1.1" 200 137
C:\Users\acer\AppData\Local\Programs\Python\Python312\Lib\site-packages\sklearn\utils\validation.py:2749: UserWarning: X does not have valid feature names, but LinearRegression was fitted with feature names
  warnings.warn(
[07/Apr/2026 12:52:31] "POST /predict/marketplace/ HTTP/1.1" 201 322
C:\Users\acer\AppData\Local\Programs\Python\Python312\Lib\site-packages\sklearn\utils\validation.py:2749: UserWarning: X does not have valid feature names, but LinearRegression was fitted with feature names
  warnings.warn(
[07/Apr/2026 12:52:31] "POST /predict/marketplace/ HTTP/1.1" 201 318
C:\Users\acer\AppData\Local\Programs\Python\Python312\Lib\site-packages\sklearn\utils\validation.py:2749: UserWarning: X does not have valid feature names, but LinearRegression was fitted with feature names
  warnings.warn(
C:\Users\acer\AppData\Local\Programs\Python\Python312\Lib\site-packages\sklearn\utils\validation.py:2749: UserWarning: X does not have valid feature names, but LinearRegression was fitted with feature names
  warnings.warn(
[07/Apr/2026 12:52:31] "GET /status/marketplaces/ HTTP/1.1" 200 643
C:\Users\acer\AppData\Local\Programs\Python\Python312\Lib\site-packages\sklearn\utils\validation.py:2749: UserWarning: X does not have valid feature names, but LinearRegression was fitted with feature names
  warnings.warn(
C:\Users\acer\AppData\Local\Programs\Python\Python312\Lib\site-packages\sklearn\utils\validation.py:2749: UserWarning: X does not have valid feature names, but LinearRegression was fitted with feature names
  warnings.warn(
[07/Apr/2026 12:52:32] "GET /status/marketplaces/ HTTP/1.1" 200 643
C:\Users\acer\AppData\Local\Programs\Python\Python312\Lib\site-packages\sklearn\utils\validation.py:2749: UserWarning: X does not have valid feature names, but LinearRegression was fitted with feature names
  warnings.warn(
C:\Users\acer\AppData\Local\Programs\Python\Python312\Lib\site-packages\sklearn\utils\validation.py:2749: UserWarning: X does not have valid feature names, but LinearRegression was fitted with feature names
  warnings.warn(
[07/Apr/2026 12:52:34] "GET /status/marketplaces/ HTTP/1.1" 200 643
C:\Users\acer\AppData\Local\Programs\Python\Python312\Lib\site-packages\sklearn\utils\validation.py:2749: UserWarning: X does not have valid feature names, but LinearRegression was fitted with feature names
  warnings.warn(
[07/Apr/2026 12:52:35] "POST /predict/ HTTP/1.1" 200 137
C:\Users\acer\AppData\Local\Programs\Python\Python312\Lib\site-packages\sklearn\utils\validation.py:2749: UserWarning: X does not have valid feature names, but LinearRegression was fitted with feature names
  warnings.warn(
[07/Apr/2026 12:52:35] "POST /predict/marketplace/ HTTP/1.1" 201 318
C:\Users\acer\AppData\Local\Programs\Python\Python312\Lib\site-packages\sklearn\utils\validation.py:2749: UserWarning: X does not have valid feature names, but LinearRegression was fitted with feature names
  warnings.warn(
[07/Apr/2026 12:52:35] "POST /predict/marketplace/ HTTP/1.1" 201 322
C:\Users\acer\AppData\Local\Programs\Python\Python312\Lib\site-packages\sklearn\utils\validation.py:2749: UserWarning: X does not have valid feature names, but LinearRegression was fitted with feature names
  warnings.warn(
C:\Users\acer\AppData\Local\Programs\Python\Python312\Lib\site-packages\sklearn\utils\validation.py:2749: UserWarning: X does not have valid feature names, but LinearRegression was fitted with feature names
  warnings.warn(
[07/Apr/2026 12:52:35] "GET /status/marketplaces/ HTTP/1.1" 200 643
C:\Users\acer\AppData\Local\Programs\Python\Python312\Lib\site-packages\sklearn\utils\validation.py:2749: UserWarning: X does not have valid feature names, but LinearRegression was fitted with feature names
  warnings.warn(
C:\Users\acer\AppData\Local\Programs\Python\Python312\Lib\site-packages\sklearn\utils\validation.py:2749: UserWarning: X does not have valid feature names, but LinearRegression was fitted with feature names
  warnings.warn(
[07/Apr/2026 12:52:37] "GET /status/marketplaces/ HTTP/1.1" 200 643
C:\Users\acer\AppData\Local\Programs\Python\Python312\Lib\site-packages\sklearn\utils\validation.py:2749: UserWarning: X does not have valid feature names, but LinearRegression was fitted with feature names
  warnings.warn(
[07/Apr/2026 12:52:40] "POST /predict/ HTTP/1.1" 200 137
C:\Users\acer\AppData\Local\Programs\Python\Python312\Lib\site-packages\sklearn\utils\validation.py:2749: UserWarning: X does not have valid feature names, but LinearRegression was fitted with feature names
  warnings.warn(
[07/Apr/2026 12:52:40] "POST /predict/marketplace/ HTTP/1.1" 201 318
C:\Users\acer\AppData\Local\Programs\Python\Python312\Lib\site-packages\sklearn\utils\validation.py:2749: UserWarning: X does not have valid feature names, but LinearRegression was fitted with feature names
  warnings.warn(
[07/Apr/2026 12:52:40] "POST /predict/marketplace/ HTTP/1.1" 201 322
C:\Users\acer\AppData\Local\Programs\Python\Python312\Lib\site-packages\sklearn\utils\validation.py:2749: UserWarning: X does not have valid feature names, but LinearRegression was fitted with feature names
  warnings.warn(
C:\Users\acer\AppData\Local\Programs\Python\Python312\Lib\site-packages\sklearn\utils\validation.py:2749: UserWarning: X does not have valid feature names, but LinearRegression was fitted with feature names
  warnings.warn(
[07/Apr/2026 12:52:40] "GET /status/marketplaces/ HTTP/1.1" 200 639
C:\Users\acer\AppData\Local\Programs\Python\Python312\Lib\site-packages\sklearn\utils\validation.py:2749: UserWarning: X does not have valid feature names, but LinearRegression was fitted with feature names
  warnings.warn(
C:\Users\acer\AppData\Local\Programs\Python\Python312\Lib\site-packages\sklearn\utils\validation.py:2749: UserWarning: X does not have valid feature names, but LinearRegression was fitted with feature names
  warnings.warn(
[07/Apr/2026 12:52:40] "GET /status/marketplaces/ HTTP/1.1" 200 639
C:\Users\acer\AppData\Local\Programs\Python\Python312\Lib\site-packages\sklearn\utils\validation.py:2749: UserWarning: X does not have valid feature names, but LinearRegression was fitted with feature names
  warnings.warn(
C:\Users\acer\AppData\Local\Programs\Python\Python312\Lib\site-packages\sklearn\utils\validation.py:2749: UserWarning: X does not have valid feature names, but LinearRegression was fitted with feature names
  warnings.warn(
[07/Apr/2026 12:52:43] "GET /status/marketplaces/ HTTP/1.1" 200 639
C:\Users\acer\AppData\Local\Programs\Python\Python312\Lib\site-packages\sklearn\utils\validation.py:2749: UserWarning: X does not have valid feature names, but LinearRegression was fitted with feature names
  warnings.warn(
C:\Users\acer\AppData\Local\Programs\Python\Python312\Lib\site-packages\sklearn\utils\validation.py:2749: UserWarning: X does not have valid feature names, but LinearRegression was fitted with feature names
  warnings.warn(
[07/Apr/2026 12:52:46] "GET /status/marketplaces/ HTTP/1.1" 200 639
C:\Users\acer\AppData\Local\Programs\Python\Python312\Lib\site-packages\sklearn\utils\validation.py:2749: UserWarning: X does not have valid feature names, but LinearRegression was fitted with feature names
  warnings.warn(
C:\Users\acer\AppData\Local\Programs\Python\Python312\Lib\site-packages\sklearn\utils\validation.py:2749: UserWarning: X does not have valid feature names, but LinearRegression was fitted with feature names
  warnings.warn(
[07/Apr/2026 12:52:49] "GET /status/marketplaces/ HTTP/1.1" 200 639
C:\Users\acer\AppData\Local\Programs\Python\Python312\Lib\site-packages\sklearn\utils\validation.py:2749: UserWarning: X does not have valid feature names, but LinearRegression was fitted with feature names
  warnings.warn(
C:\Users\acer\AppData\Local\Programs\Python\Python312\Lib\site-packages\sklearn\utils\validation.py:2749: UserWarning: X does not have valid feature names, but LinearRegression was fitted with feature names
  warnings.warn(
[07/Apr/2026 12:52:52] "GET /status/marketplaces/ HTTP/1.1" 200 639
C:\Users\acer\AppData\Local\Programs\Python\Python312\Lib\site-packages\sklearn\utils\validation.py:2749: UserWarning: X does not have valid feature names, but LinearRegression was fitted with feature names
  warnings.warn(
C:\Users\acer\AppData\Local\Programs\Python\Python312\Lib\site-packages\sklearn\utils\validation.py:2749: UserWarning: X does not have valid feature names, but LinearRegression was fitted with feature names
  warnings.warn(
[07/Apr/2026 12:52:55] "GET /status/marketplaces/ HTTP/1.1" 200 639
C:\Users\acer\AppData\Local\Programs\Python\Python312\Lib\site-packages\sklearn\utils\validation.py:2749: UserWarning: X does not have valid feature names, but LinearRegression was fitted with feature names
  warnings.warn(
C:\Users\acer\AppData\Local\Programs\Python\Python312\Lib\site-packages\sklearn\utils\validation.py:2749: UserWarning: X does not have valid feature names, but LinearRegression was fitted with feature names
  warnings.warn(
[07/Apr/2026 12:52:58] "GET /status/marketplaces/ HTTP/1.1" 200 639
C:\Users\acer\AppData\Local\Programs\Python\Python312\Lib\site-packages\sklearn\utils\validation.py:2749: UserWarning: X does not have valid feature names, but LinearRegression was fitted with feature names
  warnings.warn(
C:\Users\acer\AppData\Local\Programs\Python\Python312\Lib\site-packages\sklearn\utils\validation.py:2749: UserWarning: X does not have valid feature names, but LinearRegression was fitted with feature names
  warnings.warn(
[07/Apr/2026 12:53:01] "GET /status/marketplaces/ HTTP/1.1" 200 639
C:\Users\acer\AppData\Local\Programs\Python\Python312\Lib\site-packages\sklearn\utils\validation.py:2749: UserWarning: X does not have valid feature names, but LinearRegression was fitted with feature names
  warnings.warn(
C:\Users\acer\AppData\Local\Programs\Python\Python312\Lib\site-packages\sklearn\utils\validation.py:2749: UserWarning: X does not have valid feature names, but LinearRegression was fitted with feature names
  warnings.warn(
[07/Apr/2026 12:53:04] "GET /status/marketplaces/ HTTP/1.1" 200 639
C:\Users\acer\AppData\Local\Programs\Python\Python312\Lib\site-packages\sklearn\utils\validation.py:2749: UserWarning: X does not have valid feature names, but LinearRegression was fitted with feature names
  warnings.warn(
C:\Users\acer\AppData\Local\Programs\Python\Python312\Lib\site-packages\sklearn\utils\validation.py:2749: UserWarning: X does not have valid feature names, but LinearRegression was fitted with feature names
  warnings.warn(
[07/Apr/2026 12:53:07] "GET /status/marketplaces/ HTTP/1.1" 200 639
C:\Users\acer\AppData\Local\Programs\Python\Python312\Lib\site-packages\sklearn\utils\validation.py:2749: UserWarning: X does not have valid feature names, but LinearRegression was fitted with feature names
  warnings.warn(
C:\Users\acer\AppData\Local\Programs\Python\Python312\Lib\site-packages\sklearn\utils\validation.py:2749: UserWarning: X does not have valid feature names, but LinearRegression was fitted with feature names
  warnings.warn(
[07/Apr/2026 12:53:10] "GET /status/marketplaces/ HTTP/1.1" 200 639
C:\Users\acer\AppData\Local\Programs\Python\Python312\Lib\site-packages\sklearn\utils\validation.py:2749: UserWarning: X does not have valid feature names, but LinearRegression was fitted with feature names
  warnings.warn(
C:\Users\acer\AppData\Local\Programs\Python\Python312\Lib\site-packages\sklearn\utils\validation.py:2749: UserWarning: X does not have valid feature names, but LinearRegression was fitted with feature names
  warnings.warn(
[07/Apr/2026 12:53:13] "GET /status/marketplaces/ HTTP/1.1" 200 639
C:\Users\acer\AppData\Local\Programs\Python\Python312\Lib\site-packages\sklearn\utils\validation.py:2749: UserWarning: X does not have valid feature names, but LinearRegression was fitted with feature names
  warnings.warn(
C:\Users\acer\AppData\Local\Programs\Python\Python312\Lib\site-packages\sklearn\utils\validation.py:2749: UserWarning: X does not have valid feature names, but LinearRegression was fitted with feature names
  warnings.warn(
[07/Apr/2026 12:53:16] "GET /status/marketplaces/ HTTP/1.1" 200 639
C:\Users\acer\AppData\Local\Programs\Python\Python312\Lib\site-packages\sklearn\utils\validation.py:2749: UserWarning: X does not have valid feature names, but LinearRegression was fitted with feature names
  warnings.warn(
C:\Users\acer\AppData\Local\Programs\Python\Python312\Lib\site-packages\sklearn\utils\validation.py:2749: UserWarning: X does not have valid feature names, but LinearRegression was fitted with feature names
  warnings.warn(
[07/Apr/2026 12:53:19] "GET /status/marketplaces/ HTTP/1.1" 200 639
C:\Users\acer\AppData\Local\Programs\Python\Python312\Lib\site-packages\sklearn\utils\validation.py:2749: UserWarning: X does not have valid feature names, but LinearRegression was fitted with feature names
  warnings.warn(
C:\Users\acer\AppData\Local\Programs\Python\Python312\Lib\site-packages\sklearn\utils\validation.py:2749: UserWarning: X does not have valid feature names, but LinearRegression was fitted with feature names
  warnings.warn(
[07/Apr/2026 12:53:22] "GET /status/marketplaces/ HTTP/1.1" 200 639
C:\Users\acer\AppData\Local\Programs\Python\Python312\Lib\site-packages\sklearn\utils\validation.py:2749: UserWarning: X does not have valid feature names, but LinearRegression was fitted with feature names
  warnings.warn(
C:\Users\acer\AppData\Local\Programs\Python\Python312\Lib\site-packages\sklearn\utils\validation.py:2749: UserWarning: X does not have valid feature names, but LinearRegression was fitted with feature names
  warnings.warn(
[07/Apr/2026 12:53:25] "GET /status/marketplaces/ HTTP/1.1" 200 639
C:\Users\acer\AppData\Local\Programs\Python\Python312\Lib\site-packages\sklearn\utils\validation.py:2749: UserWarning: X does not have valid feature names, but LinearRegression was fitted with feature names
  warnings.warn(
C:\Users\acer\AppData\Local\Programs\Python\Python312\Lib\site-packages\sklearn\utils\validation.py:2749: UserWarning: X does not have valid feature names, but LinearRegression was fitted with feature names
  warnings.warn(
[07/Apr/2026 12:53:28] "GET /status/marketplaces/ HTTP/1.1" 200 639
C:\Users\acer\AppData\Local\Programs\Python\Python312\Lib\site-packages\sklearn\utils\validation.py:2749: UserWarning: X does not have valid feature names, but LinearRegression was fitted with feature names
  warnings.warn(
C:\Users\acer\AppData\Local\Programs\Python\Python312\Lib\site-packages\sklearn\utils\validation.py:2749: UserWarning: X does not have valid feature names, but LinearRegression was fitted with feature names
  warnings.warn(
[07/Apr/2026 12:53:32] "GET /status/marketplaces/ HTTP/1.1" 200 639
C:\Users\acer\AppData\Local\Programs\Python\Python312\Lib\site-packages\sklearn\utils\validation.py:2749: UserWarning: X does not have valid feature names, but LinearRegression was fitted with feature names
  warnings.warn(
C:\Users\acer\AppData\Local\Programs\Python\Python312\Lib\site-packages\sklearn\utils\validation.py:2749: UserWarning: X does not have valid feature names, but LinearRegression was fitted with feature names
  warnings.warn(
[07/Apr/2026 12:53:34] "GET /status/marketplaces/ HTTP/1.1" 200 639
C:\Users\acer\AppData\Local\Programs\Python\Python312\Lib\site-packages\sklearn\utils\validation.py:2749: UserWarning: X does not have valid feature names, but LinearRegression was fitted with feature names
  warnings.warn(
C:\Users\acer\AppData\Local\Programs\Python\Python312\Lib\site-packages\sklearn\utils\validation.py:2749: UserWarning: X does not have valid feature names, but LinearRegression was fitted with feature names
  warnings.warn(
[07/Apr/2026 12:53:37] "GET /status/marketplaces/ HTTP/1.1" 200 639
C:\Users\acer\AppData\Local\Programs\Python\Python312\Lib\site-packages\sklearn\utils\validation.py:2749: UserWarning: X does not have valid feature names, but LinearRegression was fitted with feature names
  warnings.warn(
C:\Users\acer\AppData\Local\Programs\Python\Python312\Lib\site-packages\sklearn\utils\validation.py:2749: UserWarning: X does not have valid feature names, but LinearRegression was fitted with feature names
  warnings.warn(
[07/Apr/2026 12:53:40] "GET /status/marketplaces/ HTTP/1.1" 200 639
C:\Users\acer\AppData\Local\Programs\Python\Python312\Lib\site-packages\sklearn\utils\validation.py:2749: UserWarning: X does not have valid feature names, but LinearRegression was fitted with feature names
  warnings.warn(
C:\Users\acer\AppData\Local\Programs\Python\Python312\Lib\site-packages\sklearn\utils\validation.py:2749: UserWarning: X does not have valid feature names, but LinearRegression was fitted with feature names
  warnings.warn(
[07/Apr/2026 12:53:43] "GET /status/marketplaces/ HTTP/1.1" 200 639
C:\Users\acer\AppData\Local\Programs\Python\Python312\Lib\site-packages\sklearn\utils\validation.py:2749: UserWarning: X does not have valid feature names, but LinearRegression was fitted with feature names
  warnings.warn(
C:\Users\acer\AppData\Local\Programs\Python\Python312\Lib\site-packages\sklearn\utils\validation.py:2749: UserWarning: X does not have valid feature names, but LinearRegression was fitted with feature names
  warnings.warn(
[07/Apr/2026 12:53:46] "GET /status/marketplaces/ HTTP/1.1" 200 639
C:\Users\acer\AppData\Local\Programs\Python\Python312\Lib\site-packages\sklearn\utils\validation.py:2749: UserWarning: X does not have valid feature names, but LinearRegression was fitted with feature names
  warnings.warn(
C:\Users\acer\AppData\Local\Programs\Python\Python312\Lib\site-packages\sklearn\utils\validation.py:2749: UserWarning: X does not have valid feature names, but LinearRegression was fitted with feature names
  warnings.warn(
[07/Apr/2026 12:53:49] "GET /status/marketplaces/ HTTP/1.1" 200 639
C:\Users\acer\AppData\Local\Programs\Python\Python312\Lib\site-packages\sklearn\utils\validation.py:2749: UserWarning: X does not have valid feature names, but LinearRegression was fitted with feature names
  warnings.warn(
C:\Users\acer\AppData\Local\Programs\Python\Python312\Lib\site-packages\sklearn\utils\validation.py:2749: UserWarning: X does not have valid feature names, but LinearRegression was fitted with feature names
  warnings.warn(
[07/Apr/2026 12:53:52] "GET /status/marketplaces/ HTTP/1.1" 200 639
C:\Users\acer\AppData\Local\Programs\Python\Python312\Lib\site-packages\sklearn\utils\validation.py:2749: UserWarning: X does not have valid feature names, but LinearRegression was fitted with feature names
  warnings.warn(
C:\Users\acer\AppData\Local\Programs\Python\Python312\Lib\site-packages\sklearn\utils\validation.py:2749: UserWarning: X does not have valid feature names, but LinearRegression was fitted with feature names
  warnings.warn(
[07/Apr/2026 12:53:55] "GET /status/marketplaces/ HTTP/1.1" 200 639
C:\Users\acer\AppData\Local\Programs\Python\Python312\Lib\site-packages\sklearn\utils\validation.py:2749: UserWarning: X does not have valid feature names, but LinearRegression was fitted with feature names
  warnings.warn(
C:\Users\acer\AppData\Local\Programs\Python\Python312\Lib\site-packages\sklearn\utils\validation.py:2749: UserWarning: X does not have valid feature names, but LinearRegression was fitted with feature names
  warnings.warn(
[07/Apr/2026 12:53:58] "GET /status/marketplaces/ HTTP/1.1" 200 639
C:\Users\acer\AppData\Local\Programs\Python\Python312\Lib\site-packages\sklearn\utils\validation.py:2749: UserWarning: X does not have valid feature names, but LinearRegression was fitted with feature names
  warnings.warn(
C:\Users\acer\AppData\Local\Programs\Python\Python312\Lib\site-packages\sklearn\utils\validation.py:2749: UserWarning: X does not have valid feature names, but LinearRegression was fitted with feature names
  warnings.warn(
[07/Apr/2026 12:54:01] "GET /status/marketplaces/ HTTP/1.1" 200 639
C:\Users\acer\AppData\Local\Programs\Python\Python312\Lib\site-packages\sklearn\utils\validation.py:2749: UserWarning: X does not have valid feature names, but LinearRegression was fitted with feature names
  warnings.warn(
C:\Users\acer\AppData\Local\Programs\Python\Python312\Lib\site-packages\sklearn\utils\validation.py:2749: UserWarning: X does not have valid feature names, but LinearRegression was fitted with feature names
  warnings.warn(
[07/Apr/2026 12:54:04] "GET /status/marketplaces/ HTTP/1.1" 200 639
C:\Users\acer\AppData\Local\Programs\Python\Python312\Lib\site-packages\sklearn\utils\validation.py:2749: UserWarning: X does not have valid feature names, but LinearRegression was fitted with feature names
  warnings.warn(
C:\Users\acer\AppData\Local\Programs\Python\Python312\Lib\site-packages\sklearn\utils\validation.py:2749: UserWarning: X does not have valid feature names, but LinearRegression was fitted with feature names
  warnings.warn(
[07/Apr/2026 12:54:07] "GET /status/marketplaces/ HTTP/1.1" 200 639
C:\Users\acer\AppData\Local\Programs\Python\Python312\Lib\site-packages\sklearn\utils\validation.py:2749: UserWarning: X does not have valid feature names, but LinearRegression was fitted with feature names
  warnings.warn(
C:\Users\acer\AppData\Local\Programs\Python\Python312\Lib\site-packages\sklearn\utils\validation.py:2749: UserWarning: X does not have valid feature names, but LinearRegression was fitted with feature names
  warnings.warn(
[07/Apr/2026 12:54:11] "GET /status/marketplaces/ HTTP/1.1" 200 639
C:\Users\acer\AppData\Local\Programs\Python\Python312\Lib\site-packages\sklearn\utils\validation.py:2749: UserWarning: X does not have valid feature names, but LinearRegression was fitted with feature names
  warnings.warn(
C:\Users\acer\AppData\Local\Programs\Python\Python312\Lib\site-packages\sklearn\utils\validation.py:2749: UserWarning: X does not have valid feature names, but LinearRegression was fitted with feature names
  warnings.warn(
[07/Apr/2026 12:54:13] "GET /status/marketplaces/ HTTP/1.1" 200 639
C:\Users\acer\AppData\Local\Programs\Python\Python312\Lib\site-packages\sklearn\utils\validation.py:2749: UserWarning: X does not have valid feature names, but LinearRegression was fitted with feature names
  warnings.warn(
C:\Users\acer\AppData\Local\Programs\Python\Python312\Lib\site-packages\sklearn\utils\validation.py:2749: UserWarning: X does not have valid feature names, but LinearRegression was fitted with feature names
  warnings.warn(
[07/Apr/2026 12:54:16] "GET /status/marketplaces/ HTTP/1.1" 200 639
C:\Users\acer\AppData\Local\Programs\Python\Python312\Lib\site-packages\sklearn\utils\validation.py:2749: UserWarning: X does not have valid feature names, but LinearRegression was fitted with feature names
  warnings.warn(
C:\Users\acer\AppData\Local\Programs\Python\Python312\Lib\site-packages\sklearn\utils\validation.py:2749: UserWarning: X does not have valid feature names, but LinearRegression was fitted with feature names
  warnings.warn(
[07/Apr/2026 12:54:19] "GET /status/marketplaces/ HTTP/1.1" 200 639
C:\Users\acer\AppData\Local\Programs\Python\Python312\Lib\site-packages\sklearn\utils\validation.py:2749: UserWarning: X does not have valid feature names, but LinearRegression was fitted with feature names
  warnings.warn(
C:\Users\acer\AppData\Local\Programs\Python\Python312\Lib\site-packages\sklearn\utils\validation.py:2749: UserWarning: X does not have valid feature names, but LinearRegression was fitted with feature names
  warnings.warn(
[07/Apr/2026 12:54:22] "GET /status/marketplaces/ HTTP/1.1" 200 639
C:\Users\acer\AppData\Local\Programs\Python\Python312\Lib\site-packages\sklearn\utils\validation.py:2749: UserWarning: X does not have valid feature names, but LinearRegression was fitted with feature names
  warnings.warn(
C:\Users\acer\AppData\Local\Programs\Python\Python312\Lib\site-packages\sklearn\utils\validation.py:2749: UserWarning: X does not have valid feature names, but LinearRegression was fitted with feature names
  warnings.warn(
[07/Apr/2026 12:54:25] "GET /status/marketplaces/ HTTP/1.1" 200 639
C:\Users\acer\AppData\Local\Programs\Python\Python312\Lib\site-packages\sklearn\utils\validation.py:2749: UserWarning: X does not have valid feature names, but LinearRegression was fitted with feature names
  warnings.warn(
C:\Users\acer\AppData\Local\Programs\Python\Python312\Lib\site-packages\sklearn\utils\validation.py:2749: UserWarning: X does not have valid feature names, but LinearRegression was fitted with feature names
  warnings.warn(
[07/Apr/2026 12:54:28] "GET /status/marketplaces/ HTTP/1.1" 200 639
C:\Users\acer\AppData\Local\Programs\Python\Python312\Lib\site-packages\sklearn\utils\validation.py:2749: UserWarning: X does not have valid feature names, but LinearRegression was fitted with feature names
  warnings.warn(
C:\Users\acer\AppData\Local\Programs\Python\Python312\Lib\site-packages\sklearn\utils\validation.py:2749: UserWarning: X does not have valid feature names, but LinearRegression was fitted with feature names
  warnings.warn(
[07/Apr/2026 12:54:31] "GET /status/marketplaces/ HTTP/1.1" 200 639
C:\Users\acer\AppData\Local\Programs\Python\Python312\Lib\site-packages\sklearn\utils\validation.py:2749: UserWarning: X does not have valid feature names, but LinearRegression was fitted with feature names
  warnings.warn(
C:\Users\acer\AppData\Local\Programs\Python\Python312\Lib\site-packages\sklearn\utils\validation.py:2749: UserWarning: X does not have valid feature names, but LinearRegression was fitted with feature names
  warnings.warn(
[07/Apr/2026 12:54:34] "GET /status/marketplaces/ HTTP/1.1" 200 639
C:\Users\acer\AppData\Local\Programs\Python\Python312\Lib\site-packages\sklearn\utils\validation.py:2749: UserWarning: X does not have valid feature names, but LinearRegression was fitted with feature names
  warnings.warn(
C:\Users\acer\AppData\Local\Programs\Python\Python312\Lib\site-packages\sklearn\utils\validation.py:2749: UserWarning: X does not have valid feature names, but LinearRegression was fitted with feature names
  warnings.warn(
[07/Apr/2026 12:54:37] "GET /status/marketplaces/ HTTP/1.1" 200 639
C:\Users\acer\AppData\Local\Programs\Python\Python312\Lib\site-packages\sklearn\utils\validation.py:2749: UserWarning: X does not have valid feature names, but LinearRegression was fitted with feature names
  warnings.warn(
C:\Users\acer\AppData\Local\Programs\Python\Python312\Lib\site-packages\sklearn\utils\validation.py:2749: UserWarning: X does not have valid feature names, but LinearRegression was fitted with feature names
  warnings.warn(
[07/Apr/2026 12:54:40] "GET /status/marketplaces/ HTTP/1.1" 200 639
C:\Users\acer\AppData\Local\Programs\Python\Python312\Lib\site-packages\sklearn\utils\validation.py:2749: UserWarning: X does not have valid feature names, but LinearRegression was fitted with feature names
  warnings.warn(
C:\Users\acer\AppData\Local\Programs\Python\Python312\Lib\site-packages\sklearn\utils\validation.py:2749: UserWarning: X does not have valid feature names, but LinearRegression was fitted with feature names
  warnings.warn(
[07/Apr/2026 12:54:43] "GET /status/marketplaces/ HTTP/1.1" 200 639
C:\Users\acer\AppData\Local\Programs\Python\Python312\Lib\site-packages\sklearn\utils\validation.py:2749: UserWarning: X does not have valid feature names, but LinearRegression was fitted with feature names
  warnings.warn(
C:\Users\acer\AppData\Local\Programs\Python\Python312\Lib\site-packages\sklearn\utils\validation.py:2749: UserWarning: X does not have valid feature names, but LinearRegression was fitted with feature names
  warnings.warn(
[07/Apr/2026 12:54:47] "GET /status/marketplaces/ HTTP/1.1" 200 639
C:\Users\acer\AppData\Local\Programs\Python\Python312\Lib\site-packages\sklearn\utils\validation.py:2749: UserWarning: X does not have valid feature names, but LinearRegression was fitted with feature names
  warnings.warn(
C:\Users\acer\AppData\Local\Programs\Python\Python312\Lib\site-packages\sklearn\utils\validation.py:2749: UserWarning: X does not have valid feature names, but LinearRegression was fitted with feature names
  warnings.warn(
[07/Apr/2026 12:54:49] "GET /status/marketplaces/ HTTP/1.1" 200 639
C:\Users\acer\AppData\Local\Programs\Python\Python312\Lib\site-packages\sklearn\utils\validation.py:2749: UserWarning: X does not have valid feature names, but LinearRegression was fitted with feature names
  warnings.warn(
C:\Users\acer\AppData\Local\Programs\Python\Python312\Lib\site-packages\sklearn\utils\validation.py:2749: UserWarning: X does not have valid feature names, but LinearRegression was fitted with feature names
  warnings.warn(
[07/Apr/2026 12:54:52] "GET /status/marketplaces/ HTTP/1.1" 200 639
C:\Users\acer\AppData\Local\Programs\Python\Python312\Lib\site-packages\sklearn\utils\validation.py:2749: UserWarning: X does not have valid feature names, but LinearRegression was fitted with feature names
  warnings.warn(
C:\Users\acer\AppData\Local\Programs\Python\Python312\Lib\site-packages\sklearn\utils\validation.py:2749: UserWarning: X does not have valid feature names, but LinearRegression was fitted with feature names
  warnings.warn(
[07/Apr/2026 12:54:55] "GET /status/marketplaces/ HTTP/1.1" 200 639
C:\Users\acer\AppData\Local\Programs\Python\Python312\Lib\site-packages\sklearn\utils\validation.py:2749: UserWarning: X does not have valid feature names, but LinearRegression was fitted with feature names
  warnings.warn(
C:\Users\acer\AppData\Local\Programs\Python\Python312\Lib\site-packages\sklearn\utils\validation.py:2749: UserWarning: X does not have valid feature names, but LinearRegression was fitted with feature names
  warnings.warn(
[07/Apr/2026 12:54:58] "GET /status/marketplaces/ HTTP/1.1" 200 639
C:\Users\acer\AppData\Local\Programs\Python\Python312\Lib\site-packages\sklearn\utils\validation.py:2749: UserWarning: X does not have valid feature names, but LinearRegression was fitted with feature names
  warnings.warn(
C:\Users\acer\AppData\Local\Programs\Python\Python312\Lib\site-packages\sklearn\utils\validation.py:2749: UserWarning: X does not have valid feature names, but LinearRegression was fitted with feature names
  warnings.warn(
[07/Apr/2026 12:55:01] "GET /status/marketplaces/ HTTP/1.1" 200 639
C:\Users\acer\AppData\Local\Programs\Python\Python312\Lib\site-packages\sklearn\utils\validation.py:2749: UserWarning: X does not have valid feature names, but LinearRegression was fitted with feature names
  warnings.warn(
C:\Users\acer\AppData\Local\Programs\Python\Python312\Lib\site-packages\sklearn\utils\validation.py:2749: UserWarning: X does not have valid feature names, but LinearRegression was fitted with feature names
  warnings.warn(
[07/Apr/2026 12:55:05] "GET /status/marketplaces/ HTTP/1.1" 200 639
C:\Users\acer\AppData\Local\Programs\Python\Python312\Lib\site-packages\sklearn\utils\validation.py:2749: UserWarning: X does not have valid feature names, but LinearRegression was fitted with feature names
  warnings.warn(
C:\Users\acer\AppData\Local\Programs\Python\Python312\Lib\site-packages\sklearn\utils\validation.py:2749: UserWarning: X does not have valid feature names, but LinearRegression was fitted with feature names
  warnings.warn(
[07/Apr/2026 12:55:07] "GET /status/marketplaces/ HTTP/1.1" 200 639
C:\Users\acer\AppData\Local\Programs\Python\Python312\Lib\site-packages\sklearn\utils\validation.py:2749: UserWarning: X does not have valid feature names, but LinearRegression was fitted with feature names
  warnings.warn(
C:\Users\acer\AppData\Local\Programs\Python\Python312\Lib\site-packages\sklearn\utils\validation.py:2749: UserWarning: X does not have valid feature names, but LinearRegression was fitted with feature names
  warnings.warn(
[07/Apr/2026 12:55:10] "GET /status/marketplaces/ HTTP/1.1" 200 639
C:\Users\acer\AppData\Local\Programs\Python\Python312\Lib\site-packages\sklearn\utils\validation.py:2749: UserWarning: X does not have valid feature names, but LinearRegression was fitted with feature names
  warnings.warn(
C:\Users\acer\AppData\Local\Programs\Python\Python312\Lib\site-packages\sklearn\utils\validation.py:2749: UserWarning: X does not have valid feature names, but LinearRegression was fitted with feature names
  warnings.warn(
[07/Apr/2026 12:55:14] "GET /status/marketplaces/ HTTP/1.1" 200 639
C:\Users\acer\AppData\Local\Programs\Python\Python312\Lib\site-packages\sklearn\utils\validation.py:2749: UserWarning: X does not have valid feature names, but LinearRegression was fitted with feature names
  warnings.warn(
C:\Users\acer\AppData\Local\Programs\Python\Python312\Lib\site-packages\sklearn\utils\validation.py:2749: UserWarning: X does not have valid feature names, but LinearRegression was fitted with feature names
  warnings.warn(
[07/Apr/2026 12:55:16] "GET /status/marketplaces/ HTTP/1.1" 200 639
C:\Users\acer\AppData\Local\Programs\Python\Python312\Lib\site-packages\sklearn\utils\validation.py:2749: UserWarning: X does not have valid feature names, but LinearRegression was fitted with feature names
  warnings.warn(
C:\Users\acer\AppData\Local\Programs\Python\Python312\Lib\site-packages\sklearn\utils\validation.py:2749: UserWarning: X does not have valid feature names, but LinearRegression was fitted with feature names
  warnings.warn(
[07/Apr/2026 12:55:19] "GET /status/marketplaces/ HTTP/1.1" 200 639
C:\Users\acer\AppData\Local\Programs\Python\Python312\Lib\site-packages\sklearn\utils\validation.py:2749: UserWarning: X does not have valid feature names, but LinearRegression was fitted with feature names
  warnings.warn(
C:\Users\acer\AppData\Local\Programs\Python\Python312\Lib\site-packages\sklearn\utils\validation.py:2749: UserWarning: X does not have valid feature names, but LinearRegression was fitted with feature names
  warnings.warn(
[07/Apr/2026 12:55:22] "GET /status/marketplaces/ HTTP/1.1" 200 639
C:\Users\acer\AppData\Local\Programs\Python\Python312\Lib\site-packages\sklearn\utils\validation.py:2749: UserWarning: X does not have valid feature names, but LinearRegression was fitted with feature names
  warnings.warn(
C:\Users\acer\AppData\Local\Programs\Python\Python312\Lib\site-packages\sklearn\utils\validation.py:2749: UserWarning: X does not have valid feature names, but LinearRegression was fitted with feature names
  warnings.warn(
[07/Apr/2026 12:55:25] "GET /status/marketplaces/ HTTP/1.1" 200 639
C:\Users\acer\AppData\Local\Programs\Python\Python312\Lib\site-packages\sklearn\utils\validation.py:2749: UserWarning: X does not have valid feature names, but LinearRegression was fitted with feature names
  warnings.warn(
C:\Users\acer\AppData\Local\Programs\Python\Python312\Lib\site-packages\sklearn\utils\validation.py:2749: UserWarning: X does not have valid feature names, but LinearRegression was fitted with feature names
  warnings.warn(
[07/Apr/2026 12:55:28] "GET /status/marketplaces/ HTTP/1.1" 200 639
C:\Users\acer\AppData\Local\Programs\Python\Python312\Lib\site-packages\sklearn\utils\validation.py:2749: UserWarning: X does not have valid feature names, but LinearRegression was fitted with feature names
  warnings.warn(
C:\Users\acer\AppData\Local\Programs\Python\Python312\Lib\site-packages\sklearn\utils\validation.py:2749: UserWarning: X does not have valid feature names, but LinearRegression was fitted with feature names
  warnings.warn(
[07/Apr/2026 12:55:31] "GET /status/marketplaces/ HTTP/1.1" 200 639
C:\Users\acer\AppData\Local\Programs\Python\Python312\Lib\site-packages\sklearn\utils\validation.py:2749: UserWarning: X does not have valid feature names, but LinearRegression was fitted with feature names
  warnings.warn(
C:\Users\acer\AppData\Local\Programs\Python\Python312\Lib\site-packages\sklearn\utils\validation.py:2749: UserWarning: X does not have valid feature names, but LinearRegression was fitted with feature names
  warnings.warn(
[07/Apr/2026 12:55:36] "GET /status/marketplaces/ HTTP/1.1" 200 639
C:\Users\acer\AppData\Local\Programs\Python\Python312\Lib\site-packages\sklearn\utils\validation.py:2749: UserWarning: X does not have valid feature names, but LinearRegression was fitted with feature names
  warnings.warn(
C:\Users\acer\AppData\Local\Programs\Python\Python312\Lib\site-packages\sklearn\utils\validation.py:2749: UserWarning: X does not have valid feature names, but LinearRegression was fitted with feature names
  warnings.warn(
[07/Apr/2026 12:55:38] "GET /status/marketplaces/ HTTP/1.1" 200 639
C:\Users\acer\AppData\Local\Programs\Python\Python312\Lib\site-packages\sklearn\utils\validation.py:2749: UserWarning: X does not have valid feature names, but LinearRegression was fitted with feature names
  warnings.warn(
C:\Users\acer\AppData\Local\Programs\Python\Python312\Lib\site-packages\sklearn\utils\validation.py:2749: UserWarning: X does not have valid feature names, but LinearRegression was fitted with feature names
  warnings.warn(
[07/Apr/2026 13:20:05] "GET /status/marketplaces/ HTTP/1.1" 200 639
C:\Users\acer\AppData\Local\Programs\Python\Python312\Lib\site-packages\sklearn\utils\validation.py:2749: UserWarning: X does not have valid feature names, but LinearRegression was fitted with feature names
  warnings.warn(
C:\Users\acer\AppData\Local\Programs\Python\Python312\Lib\site-packages\sklearn\utils\validation.py:2749: UserWarning: X does not have valid feature names, but LinearRegression was fitted with feature names
  warnings.warn(
[07/Apr/2026 13:20:16] "GET /status/marketplaces/ HTTP/1.1" 200 639
C:\Users\acer\AppData\Local\Programs\Python\Python312\Lib\site-packages\sklearn\utils\validation.py:2749: UserWarning: X does not have valid feature names, but LinearRegression was fitted with feature names
  warnings.warn(
C:\Users\acer\AppData\Local\Programs\Python\Python312\Lib\site-packages\sklearn\utils\validation.py:2749: UserWarning: X does not have valid feature names, but LinearRegression was fitted with feature names
  warnings.warn(
[07/Apr/2026 13:20:16] "GET /status/marketplaces/ HTTP/1.1" 200 639
C:\Users\acer\AppData\Local\Programs\Python\Python312\Lib\site-packages\sklearn\utils\validation.py:2749: UserWarning: X does not have valid feature names, but LinearRegression was fitted with feature names
  warnings.warn(
C:\Users\acer\AppData\Local\Programs\Python\Python312\Lib\site-packages\sklearn\utils\validation.py:2749: UserWarning: X does not have valid feature names, but LinearRegression was fitted with feature names
  warnings.warn(
[07/Apr/2026 13:20:19] "GET /status/marketplaces/ HTTP/1.1" 200 639
C:\Users\acer\AppData\Local\Programs\Python\Python312\Lib\site-packages\sklearn\utils\validation.py:2749: UserWarning: X does not have valid feature names, but LinearRegression was fitted with feature names
  warnings.warn(
C:\Users\acer\AppData\Local\Programs\Python\Python312\Lib\site-packages\sklearn\utils\validation.py:2749: UserWarning: X does not have valid feature names, but LinearRegression was fitted with feature names
  warnings.warn(
[07/Apr/2026 13:20:22] "GET /status/marketplaces/ HTTP/1.1" 200 639
C:\Users\acer\AppData\Local\Programs\Python\Python312\Lib\site-packages\sklearn\utils\validation.py:2749: UserWarning: X does not have valid feature names, but LinearRegression was fitted with feature names
  warnings.warn(
C:\Users\acer\AppData\Local\Programs\Python\Python312\Lib\site-packages\sklearn\utils\validation.py:2749: UserWarning: X does not have valid feature names, but LinearRegression was fitted with feature names
  warnings.warn(
[07/Apr/2026 13:20:25] "GET /status/marketplaces/ HTTP/1.1" 200 639
C:\Users\acer\AppData\Local\Programs\Python\Python312\Lib\site-packages\sklearn\utils\validation.py:2749: UserWarning: X does not have valid feature names, but LinearRegression was fitted with feature names
  warnings.warn(
C:\Users\acer\AppData\Local\Programs\Python\Python312\Lib\site-packages\sklearn\utils\validation.py:2749: UserWarning: X does not have valid feature names, but LinearRegression was fitted with feature names
  warnings.warn(
[07/Apr/2026 13:20:29] "GET /status/marketplaces/ HTTP/1.1" 200 639
C:\Users\acer\AppData\Local\Programs\Python\Python312\Lib\site-packages\sklearn\utils\validation.py:2749: UserWarning: X does not have valid feature names, but LinearRegression was fitted with feature names
  warnings.warn(
C:\Users\acer\AppData\Local\Programs\Python\Python312\Lib\site-packages\sklearn\utils\validation.py:2749: UserWarning: X does not have valid feature names, but LinearRegression was fitted with feature names
  warnings.warn(
[07/Apr/2026 13:20:32] "GET /status/marketplaces/ HTTP/1.1" 200 639
C:\Users\acer\AppData\Local\Programs\Python\Python312\Lib\site-packages\sklearn\utils\validation.py:2749: UserWarning: X does not have valid feature names, but LinearRegression was fitted with feature names
  warnings.warn(
C:\Users\acer\AppData\Local\Programs\Python\Python312\Lib\site-packages\sklearn\utils\validation.py:2749: UserWarning: X does not have valid feature names, but LinearRegression was fitted with feature names
  warnings.warn(
[07/Apr/2026 13:20:35] "GET /status/marketplaces/ HTTP/1.1" 200 639
C:\Users\acer\AppData\Local\Programs\Python\Python312\Lib\site-packages\sklearn\utils\validation.py:2749: UserWarning: X does not have valid feature names, but LinearRegression was fitted with feature names
  warnings.warn(
C:\Users\acer\AppData\Local\Programs\Python\Python312\Lib\site-packages\sklearn\utils\validation.py:2749: UserWarning: X does not have valid feature names, but LinearRegression was fitted with feature names
  warnings.warn(
[07/Apr/2026 13:20:38] "GET /status/marketplaces/ HTTP/1.1" 200 639
C:\Users\acer\AppData\Local\Programs\Python\Python312\Lib\site-packages\sklearn\utils\validation.py:2749: UserWarning: X does not have valid feature names, but LinearRegression was fitted with feature names
  warnings.warn(
C:\Users\acer\AppData\Local\Programs\Python\Python312\Lib\site-packages\sklearn\utils\validation.py:2749: UserWarning: X does not have valid feature names, but LinearRegression was fitted with feature names
  warnings.warn(
[07/Apr/2026 13:20:41] "GET /status/marketplaces/ HTTP/1.1" 200 639
C:\Users\acer\AppData\Local\Programs\Python\Python312\Lib\site-packages\sklearn\utils\validation.py:2749: UserWarning: X does not have valid feature names, but LinearRegression was fitted with feature names
  warnings.warn(
C:\Users\acer\AppData\Local\Programs\Python\Python312\Lib\site-packages\sklearn\utils\validation.py:2749: UserWarning: X does not have valid feature names, but LinearRegression was fitted with feature names
  warnings.warn(
[07/Apr/2026 13:20:44] "GET /status/marketplaces/ HTTP/1.1" 200 639
C:\Users\acer\AppData\Local\Programs\Python\Python312\Lib\site-packages\sklearn\utils\validation.py:2749: UserWarning: X does not have valid feature names, but LinearRegression was fitted with feature names
  warnings.warn(
C:\Users\acer\AppData\Local\Programs\Python\Python312\Lib\site-packages\sklearn\utils\validation.py:2749: UserWarning: X does not have valid feature names, but LinearRegression was fitted with feature names
  warnings.warn(
[07/Apr/2026 13:20:47] "GET /status/marketplaces/ HTTP/1.1" 200 639
C:\Users\acer\AppData\Local\Programs\Python\Python312\Lib\site-packages\sklearn\utils\validation.py:2749: UserWarning: X does not have valid feature names, but LinearRegression was fitted with feature names
  warnings.warn(
C:\Users\acer\AppData\Local\Programs\Python\Python312\Lib\site-packages\sklearn\utils\validation.py:2749: UserWarning: X does not have valid feature names, but LinearRegression was fitted with feature names
  warnings.warn(
[07/Apr/2026 13:20:50] "GET /status/marketplaces/ HTTP/1.1" 200 639
C:\Users\acer\AppData\Local\Programs\Python\Python312\Lib\site-packages\sklearn\utils\validation.py:2749: UserWarning: X does not have valid feature names, but LinearRegression was fitted with feature names
  warnings.warn(
C:\Users\acer\AppData\Local\Programs\Python\Python312\Lib\site-packages\sklearn\utils\validation.py:2749: UserWarning: X does not have valid feature names, but LinearRegression was fitted with feature names
  warnings.warn(
[07/Apr/2026 13:20:53] "GET /status/marketplaces/ HTTP/1.1" 200 639
C:\Users\acer\AppData\Local\Programs\Python\Python312\Lib\site-packages\sklearn\utils\validation.py:2749: UserWarning: X does not have valid feature names, but LinearRegression was fitted with feature names
  warnings.warn(
C:\Users\acer\AppData\Local\Programs\Python\Python312\Lib\site-packages\sklearn\utils\validation.py:2749: UserWarning: X does not have valid feature names, but LinearRegression was fitted with feature names
  warnings.warn(
[07/Apr/2026 13:20:56] "GET /status/marketplaces/ HTTP/1.1" 200 639
C:\Users\acer\AppData\Local\Programs\Python\Python312\Lib\site-packages\sklearn\utils\validation.py:2749: UserWarning: X does not have valid feature names, but LinearRegression was fitted with feature names
  warnings.warn(
C:\Users\acer\AppData\Local\Programs\Python\Python312\Lib\site-packages\sklearn\utils\validation.py:2749: UserWarning: X does not have valid feature names, but LinearRegression was fitted with feature names
  warnings.warn(
[07/Apr/2026 13:20:59] "GET /status/marketplaces/ HTTP/1.1" 200 639
C:\Users\acer\AppData\Local\Programs\Python\Python312\Lib\site-packages\sklearn\utils\validation.py:2749: UserWarning: X does not have valid feature names, but LinearRegression was fitted with feature names
  warnings.warn(
C:\Users\acer\AppData\Local\Programs\Python\Python312\Lib\site-packages\sklearn\utils\validation.py:2749: UserWarning: X does not have valid feature names, but LinearRegression was fitted with feature names
  warnings.warn(
[07/Apr/2026 13:21:02] "GET /status/marketplaces/ HTTP/1.1" 200 639
C:\Users\acer\AppData\Local\Programs\Python\Python312\Lib\site-packages\sklearn\utils\validation.py:2749: UserWarning: X does not have valid feature names, but LinearRegression was fitted with feature names
  warnings.warn(
C:\Users\acer\AppData\Local\Programs\Python\Python312\Lib\site-packages\sklearn\utils\validation.py:2749: UserWarning: X does not have valid feature names, but LinearRegression was fitted with feature names
  warnings.warn(
[07/Apr/2026 13:21:05] "GET /status/marketplaces/ HTTP/1.1" 200 639
C:\Users\acer\AppData\Local\Programs\Python\Python312\Lib\site-packages\sklearn\utils\validation.py:2749: UserWarning: X does not have valid feature names, but LinearRegression was fitted with feature names
  warnings.warn(
C:\Users\acer\AppData\Local\Programs\Python\Python312\Lib\site-packages\sklearn\utils\validation.py:2749: UserWarning: X does not have valid feature names, but LinearRegression was fitted with feature names
  warnings.warn(
[07/Apr/2026 13:21:08] "GET /status/marketplaces/ HTTP/1.1" 200 639
C:\Users\acer\AppData\Local\Programs\Python\Python312\Lib\site-packages\sklearn\utils\validation.py:2749: UserWarning: X does not have valid feature names, but LinearRegression was fitted with feature names
  warnings.warn(
C:\Users\acer\AppData\Local\Programs\Python\Python312\Lib\site-packages\sklearn\utils\validation.py:2749: UserWarning: X does not have valid feature names, but LinearRegression was fitted with feature names
  warnings.warn(
[07/Apr/2026 13:21:11] "GET /status/marketplaces/ HTTP/1.1" 200 639
C:\Users\acer\AppData\Local\Programs\Python\Python312\Lib\site-packages\sklearn\utils\validation.py:2749: UserWarning: X does not have valid feature names, but LinearRegression was fitted with feature names
  warnings.warn(
C:\Users\acer\AppData\Local\Programs\Python\Python312\Lib\site-packages\sklearn\utils\validation.py:2749: UserWarning: X does not have valid feature names, but LinearRegression was fitted with feature names
  warnings.warn(
[07/Apr/2026 13:21:14] "GET /status/marketplaces/ HTTP/1.1" 200 639
C:\Users\acer\AppData\Local\Programs\Python\Python312\Lib\site-packages\sklearn\utils\validation.py:2749: UserWarning: X does not have valid feature names, but LinearRegression was fitted with feature names
  warnings.warn(
C:\Users\acer\AppData\Local\Programs\Python\Python312\Lib\site-packages\sklearn\utils\validation.py:2749: UserWarning: X does not have valid feature names, but LinearRegression was fitted with feature names
  warnings.warn(
[07/Apr/2026 13:21:17] "GET /status/marketplaces/ HTTP/1.1" 200 639
C:\Users\acer\AppData\Local\Programs\Python\Python312\Lib\site-packages\sklearn\utils\validation.py:2749: UserWarning: X does not have valid feature names, but LinearRegression was fitted with feature names
  warnings.warn(
C:\Users\acer\AppData\Local\Programs\Python\Python312\Lib\site-packages\sklearn\utils\validation.py:2749: UserWarning: X does not have valid feature names, but LinearRegression was fitted with feature names
  warnings.warn(
[07/Apr/2026 13:21:20] "GET /status/marketplaces/ HTTP/1.1" 200 639
C:\Users\acer\AppData\Local\Programs\Python\Python312\Lib\site-packages\sklearn\utils\validation.py:2749: UserWarning: X does not have valid feature names, but LinearRegression was fitted with feature names
  warnings.warn(
C:\Users\acer\AppData\Local\Programs\Python\Python312\Lib\site-packages\sklearn\utils\validation.py:2749: UserWarning: X does not have valid feature names, but LinearRegression was fitted with feature names
  warnings.warn(
[07/Apr/2026 13:21:23] "GET /status/marketplaces/ HTTP/1.1" 200 639
C:\Users\acer\AppData\Local\Programs\Python\Python312\Lib\site-packages\sklearn\utils\validation.py:2749: UserWarning: X does not have valid feature names, but LinearRegression was fitted with feature names
  warnings.warn(
C:\Users\acer\AppData\Local\Programs\Python\Python312\Lib\site-packages\sklearn\utils\validation.py:2749: UserWarning: X does not have valid feature names, but LinearRegression was fitted with feature names
  warnings.warn(
[07/Apr/2026 13:21:26] "GET /status/marketplaces/ HTTP/1.1" 200 639
C:\Users\acer\AppData\Local\Programs\Python\Python312\Lib\site-packages\sklearn\utils\validation.py:2749: UserWarning: X does not have valid feature names, but LinearRegression was fitted with feature names
  warnings.warn(
C:\Users\acer\AppData\Local\Programs\Python\Python312\Lib\site-packages\sklearn\utils\validation.py:2749: UserWarning: X does not have valid feature names, but LinearRegression was fitted with feature names
  warnings.warn(
[07/Apr/2026 13:22:20] "GET /status/marketplaces/ HTTP/1.1" 200 639
C:\Users\acer\AppData\Local\Programs\Python\Python312\Lib\site-packages\sklearn\utils\validation.py:2749: UserWarning: X does not have valid feature names, but LinearRegression was fitted with feature names
  warnings.warn(
C:\Users\acer\AppData\Local\Programs\Python\Python312\Lib\site-packages\sklearn\utils\validation.py:2749: UserWarning: X does not have valid feature names, but LinearRegression was fitted with feature names
  warnings.warn(
[07/Apr/2026 13:23:20] "GET /status/marketplaces/ HTTP/1.1" 200 639
C:\Users\acer\AppData\Local\Programs\Python\Python312\Lib\site-packages\sklearn\utils\validation.py:2749: UserWarning: X does not have valid feature names, but LinearRegression was fitted with feature names
  warnings.warn(
C:\Users\acer\AppData\Local\Programs\Python\Python312\Lib\site-packages\sklearn\utils\validation.py:2749: UserWarning: X does not have valid feature names, but LinearRegression was fitted with feature names
  warnings.warn(
[07/Apr/2026 13:24:20] "GET /status/marketplaces/ HTTP/1.1" 200 639
C:\Users\acer\AppData\Local\Programs\Python\Python312\Lib\site-packages\sklearn\utils\validation.py:2749: UserWarning: X does not have valid feature names, but LinearRegression was fitted with feature names
  warnings.warn(
C:\Users\acer\AppData\Local\Programs\Python\Python312\Lib\site-packages\sklearn\utils\validation.py:2749: UserWarning: X does not have valid feature names, but LinearRegression was fitted with feature names
  warnings.warn(
[07/Apr/2026 13:24:33] "GET /status/marketplaces/ HTTP/1.1" 200 639
C:\Users\acer\AppData\Local\Programs\Python\Python312\Lib\site-packages\sklearn\utils\validation.py:2749: UserWarning: X does not have valid feature names, but LinearRegression was fitted with feature names
  warnings.warn(
C:\Users\acer\AppData\Local\Programs\Python\Python312\Lib\site-packages\sklearn\utils\validation.py:2749: UserWarning: X does not have valid feature names, but LinearRegression was fitted with feature names
  warnings.warn(
[07/Apr/2026 13:24:35] "GET /status/marketplaces/ HTTP/1.1" 200 639
C:\Users\acer\AppData\Local\Programs\Python\Python312\Lib\site-packages\sklearn\utils\validation.py:2749: UserWarning: X does not have valid feature names, but LinearRegression was fitted with feature names
  warnings.warn(
C:\Users\acer\AppData\Local\Programs\Python\Python312\Lib\site-packages\sklearn\utils\validation.py:2749: UserWarning: X does not have valid feature names, but LinearRegression was fitted with feature names
  warnings.warn(
[07/Apr/2026 13:24:38] "GET /status/marketplaces/ HTTP/1.1" 200 639
C:\Users\acer\AppData\Local\Programs\Python\Python312\Lib\site-packages\sklearn\utils\validation.py:2749: UserWarning: X does not have valid feature names, but LinearRegression was fitted with feature names
  warnings.warn(
C:\Users\acer\AppData\Local\Programs\Python\Python312\Lib\site-packages\sklearn\utils\validation.py:2749: UserWarning: X does not have valid feature names, but LinearRegression was fitted with feature names
  warnings.warn(
[07/Apr/2026 13:24:41] "GET /status/marketplaces/ HTTP/1.1" 200 639
C:\Users\acer\AppData\Local\Programs\Python\Python312\Lib\site-packages\sklearn\utils\validation.py:2749: UserWarning: X does not have valid feature names, but LinearRegression was fitted with feature names
  warnings.warn(
C:\Users\acer\AppData\Local\Programs\Python\Python312\Lib\site-packages\sklearn\utils\validation.py:2749: UserWarning: X does not have valid feature names, but LinearRegression was fitted with feature names
  warnings.warn(
[07/Apr/2026 13:24:44] "GET /status/marketplaces/ HTTP/1.1" 200 639
C:\Users\acer\AppData\Local\Programs\Python\Python312\Lib\site-packages\sklearn\utils\validation.py:2749: UserWarning: X does not have valid feature names, but LinearRegression was fitted with feature names
  warnings.warn(
C:\Users\acer\AppData\Local\Programs\Python\Python312\Lib\site-packages\sklearn\utils\validation.py:2749: UserWarning: X does not have valid feature names, but LinearRegression was fitted with feature names
  warnings.warn(
[07/Apr/2026 13:24:47] "GET /status/marketplaces/ HTTP/1.1" 200 639
C:\Users\acer\AppData\Local\Programs\Python\Python312\Lib\site-packages\sklearn\utils\validation.py:2749: UserWarning: X does not have valid feature names, but LinearRegression was fitted with feature names
  warnings.warn(
C:\Users\acer\AppData\Local\Programs\Python\Python312\Lib\site-packages\sklearn\utils\validation.py:2749: UserWarning: X does not have valid feature names, but LinearRegression was fitted with feature names
  warnings.warn(
[07/Apr/2026 13:24:50] "GET /status/marketplaces/ HTTP/1.1" 200 639
C:\Users\acer\AppData\Local\Programs\Python\Python312\Lib\site-packages\sklearn\utils\validation.py:2749: UserWarning: X does not have valid feature names, but LinearRegression was fitted with feature names
  warnings.warn(
C:\Users\acer\AppData\Local\Programs\Python\Python312\Lib\site-packages\sklearn\utils\validation.py:2749: UserWarning: X does not have valid feature names, but LinearRegression was fitted with feature names
  warnings.warn(
[07/Apr/2026 13:24:53] "GET /status/marketplaces/ HTTP/1.1" 200 639
C:\Users\acer\AppData\Local\Programs\Python\Python312\Lib\site-packages\sklearn\utils\validation.py:2749: UserWarning: X does not have valid feature names, but LinearRegression was fitted with feature names
  warnings.warn(
C:\Users\acer\AppData\Local\Programs\Python\Python312\Lib\site-packages\sklearn\utils\validation.py:2749: UserWarning: X does not have valid feature names, but LinearRegression was fitted with feature names
  warnings.warn(
[07/Apr/2026 13:24:56] "GET /status/marketplaces/ HTTP/1.1" 200 639
C:\Users\acer\AppData\Local\Programs\Python\Python312\Lib\site-packages\sklearn\utils\validation.py:2749: UserWarning: X does not have valid feature names, but LinearRegression was fitted with feature names
  warnings.warn(
C:\Users\acer\AppData\Local\Programs\Python\Python312\Lib\site-packages\sklearn\utils\validation.py:2749: UserWarning: X does not have valid feature names, but LinearRegression was fitted with feature names
  warnings.warn(
[07/Apr/2026 13:24:59] "GET /status/marketplaces/ HTTP/1.1" 200 639
C:\Users\acer\AppData\Local\Programs\Python\Python312\Lib\site-packages\sklearn\utils\validation.py:2749: UserWarning: X does not have valid feature names, but LinearRegression was fitted with feature names
  warnings.warn(
C:\Users\acer\AppData\Local\Programs\Python\Python312\Lib\site-packages\sklearn\utils\validation.py:2749: UserWarning: X does not have valid feature names, but LinearRegression was fitted with feature names
  warnings.warn(
[07/Apr/2026 13:25:02] "GET /status/marketplaces/ HTTP/1.1" 200 639
C:\Users\acer\AppData\Local\Programs\Python\Python312\Lib\site-packages\sklearn\utils\validation.py:2749: UserWarning: X does not have valid feature names, but LinearRegression was fitted with feature names
  warnings.warn(
C:\Users\acer\AppData\Local\Programs\Python\Python312\Lib\site-packages\sklearn\utils\validation.py:2749: UserWarning: X does not have valid feature names, but LinearRegression was fitted with feature names
  warnings.warn(
[07/Apr/2026 13:25:05] "GET /status/marketplaces/ HTTP/1.1" 200 639
C:\Users\acer\AppData\Local\Programs\Python\Python312\Lib\site-packages\sklearn\utils\validation.py:2749: UserWarning: X does not have valid feature names, but LinearRegression was fitted with feature names
  warnings.warn(
C:\Users\acer\AppData\Local\Programs\Python\Python312\Lib\site-packages\sklearn\utils\validation.py:2749: UserWarning: X does not have valid feature names, but LinearRegression was fitted with feature names
  warnings.warn(
[07/Apr/2026 13:25:08] "GET /status/marketplaces/ HTTP/1.1" 200 639
C:\Users\acer\AppData\Local\Programs\Python\Python312\Lib\site-packages\sklearn\utils\validation.py:2749: UserWarning: X does not have valid feature names, but LinearRegression was fitted with feature names
  warnings.warn(
C:\Users\acer\AppData\Local\Programs\Python\Python312\Lib\site-packages\sklearn\utils\validation.py:2749: UserWarning: X does not have valid feature names, but LinearRegression was fitted with feature names
  warnings.warn(
[07/Apr/2026 13:25:11] "GET /status/marketplaces/ HTTP/1.1" 200 639
C:\Users\acer\AppData\Local\Programs\Python\Python312\Lib\site-packages\sklearn\utils\validation.py:2749: UserWarning: X does not have valid feature names, but LinearRegression was fitted with feature names
  warnings.warn(
C:\Users\acer\AppData\Local\Programs\Python\Python312\Lib\site-packages\sklearn\utils\validation.py:2749: UserWarning: X does not have valid feature names, but LinearRegression was fitted with feature names
  warnings.warn(
[07/Apr/2026 13:25:14] "GET /status/marketplaces/ HTTP/1.1" 200 639
C:\Users\acer\AppData\Local\Programs\Python\Python312\Lib\site-packages\sklearn\utils\validation.py:2749: UserWarning: X does not have valid feature names, but LinearRegression was fitted with feature names
  warnings.warn(
C:\Users\acer\AppData\Local\Programs\Python\Python312\Lib\site-packages\sklearn\utils\validation.py:2749: UserWarning: X does not have valid feature names, but LinearRegression was fitted with feature names
  warnings.warn(
[07/Apr/2026 13:25:17] "GET /status/marketplaces/ HTTP/1.1" 200 639
C:\Users\acer\AppData\Local\Programs\Python\Python312\Lib\site-packages\sklearn\utils\validation.py:2749: UserWarning: X does not have valid feature names, but LinearRegression was fitted with feature names
  warnings.warn(
C:\Users\acer\AppData\Local\Programs\Python\Python312\Lib\site-packages\sklearn\utils\validation.py:2749: UserWarning: X does not have valid feature names, but LinearRegression was fitted with feature names
  warnings.warn(
[07/Apr/2026 13:25:20] "GET /status/marketplaces/ HTTP/1.1" 200 639
C:\Users\acer\AppData\Local\Programs\Python\Python312\Lib\site-packages\sklearn\utils\validation.py:2749: UserWarning: X does not have valid feature names, but LinearRegression was fitted with feature names
  warnings.warn(
C:\Users\acer\AppData\Local\Programs\Python\Python312\Lib\site-packages\sklearn\utils\validation.py:2749: UserWarning: X does not have valid feature names, but LinearRegression was fitted with feature names
  warnings.warn(
[07/Apr/2026 13:25:23] "GET /status/marketplaces/ HTTP/1.1" 200 639
C:\Users\acer\AppData\Local\Programs\Python\Python312\Lib\site-packages\sklearn\utils\validation.py:2749: UserWarning: X does not have valid feature names, but LinearRegression was fitted with feature names
  warnings.warn(
C:\Users\acer\AppData\Local\Programs\Python\Python312\Lib\site-packages\sklearn\utils\validation.py:2749: UserWarning: X does not have valid feature names, but LinearRegression was fitted with feature names
  warnings.warn(
[07/Apr/2026 13:25:26] "GET /status/marketplaces/ HTTP/1.1" 200 639
C:\Users\acer\AppData\Local\Programs\Python\Python312\Lib\site-packages\sklearn\utils\validation.py:2749: UserWarning: X does not have valid feature names, but LinearRegression was fitted with feature names
  warnings.warn(
C:\Users\acer\AppData\Local\Programs\Python\Python312\Lib\site-packages\sklearn\utils\validation.py:2749: UserWarning: X does not have valid feature names, but LinearRegression was fitted with feature names
  warnings.warn(
[07/Apr/2026 13:25:29] "GET /status/marketplaces/ HTTP/1.1" 200 639
C:\Users\acer\AppData\Local\Programs\Python\Python312\Lib\site-packages\sklearn\utils\validation.py:2749: UserWarning: X does not have valid feature names, but LinearRegression was fitted with feature names
  warnings.warn(
C:\Users\acer\AppData\Local\Programs\Python\Python312\Lib\site-packages\sklearn\utils\validation.py:2749: UserWarning: X does not have valid feature names, but LinearRegression was fitted with feature names
  warnings.warn(
[07/Apr/2026 13:25:32] "GET /status/marketplaces/ HTTP/1.1" 200 639
C:\Users\acer\AppData\Local\Programs\Python\Python312\Lib\site-packages\sklearn\utils\validation.py:2749: UserWarning: X does not have valid feature names, but LinearRegression was fitted with feature names
  warnings.warn(
C:\Users\acer\AppData\Local\Programs\Python\Python312\Lib\site-packages\sklearn\utils\validation.py:2749: UserWarning: X does not have valid feature names, but LinearRegression was fitted with feature names
  warnings.warn(
[07/Apr/2026 13:26:20] "GET /status/marketplaces/ HTTP/1.1" 200 639
C:\Users\acer\AppData\Local\Programs\Python\Python312\Lib\site-packages\sklearn\utils\validation.py:2749: UserWarning: X does not have valid feature names, but LinearRegression was fitted with feature names
  warnings.warn(
C:\Users\acer\AppData\Local\Programs\Python\Python312\Lib\site-packages\sklearn\utils\validation.py:2749: UserWarning: X does not have valid feature names, but LinearRegression was fitted with feature names
  warnings.warn(
[07/Apr/2026 13:27:20] "GET /status/marketplaces/ HTTP/1.1" 200 639
C:\Users\acer\AppData\Local\Programs\Python\Python312\Lib\site-packages\sklearn\utils\validation.py:2749: UserWarning: X does not have valid feature names, but LinearRegression was fitted with feature names
  warnings.warn(
C:\Users\acer\AppData\Local\Programs\Python\Python312\Lib\site-packages\sklearn\utils\validation.py:2749: UserWarning: X does not have valid feature names, but LinearRegression was fitted with feature names
  warnings.warn(
[07/Apr/2026 13:28:20] "GET /status/marketplaces/ HTTP/1.1" 200 639
C:\Users\acer\AppData\Local\Programs\Python\Python312\Lib\site-packages\sklearn\utils\validation.py:2749: UserWarning: X does not have valid feature names, but LinearRegression was fitted with feature names
  warnings.warn(
C:\Users\acer\AppData\Local\Programs\Python\Python312\Lib\site-packages\sklearn\utils\validation.py:2749: UserWarning: X does not have valid feature names, but LinearRegression was fitted with feature names
  warnings.warn(
[07/Apr/2026 13:29:31] "GET /status/marketplaces/ HTTP/1.1" 200 639
C:\Users\acer\AppData\Local\Programs\Python\Python312\Lib\site-packages\sklearn\utils\validation.py:2749: UserWarning: X does not have valid feature names, but LinearRegression was fitted with feature names
  warnings.warn(
C:\Users\acer\AppData\Local\Programs\Python\Python312\Lib\site-packages\sklearn\utils\validation.py:2749: UserWarning: X does not have valid feature names, but LinearRegression was fitted with feature names
  warnings.warn(
[07/Apr/2026 14:21:18] "GET /status/marketplaces/ HTTP/1.1" 200 639
C:\Users\acer\AppData\Local\Programs\Python\Python312\Lib\site-packages\sklearn\utils\validation.py:2749: UserWarning: X does not have valid feature names, but LinearRegression was fitted with feature names
  warnings.warn(
C:\Users\acer\AppData\Local\Programs\Python\Python312\Lib\site-packages\sklearn\utils\validation.py:2749: UserWarning: X does not have valid feature names, but LinearRegression was fitted with feature names
  warnings.warn(
[07/Apr/2026 14:21:19] "GET /status/marketplaces/ HTTP/1.1" 200 639
C:\Users\acer\AppData\Local\Programs\Python\Python312\Lib\site-packages\sklearn\utils\validation.py:2749: UserWarning: X does not have valid feature names, but LinearRegression was fitted with feature names
  warnings.warn(
C:\Users\acer\AppData\Local\Programs\Python\Python312\Lib\site-packages\sklearn\utils\validation.py:2749: UserWarning: X does not have valid feature names, but LinearRegression was fitted with feature names
  warnings.warn(
[07/Apr/2026 14:21:22] "GET /status/marketplaces/ HTTP/1.1" 200 639
C:\Users\acer\AppData\Local\Programs\Python\Python312\Lib\site-packages\sklearn\utils\validation.py:2749: UserWarning: X does not have valid feature names, but LinearRegression was fitted with feature names
  warnings.warn(
C:\Users\acer\AppData\Local\Programs\Python\Python312\Lib\site-packages\sklearn\utils\validation.py:2749: UserWarning: X does not have valid feature names, but LinearRegression was fitted with feature names
  warnings.warn(
[07/Apr/2026 14:21:25] "GET /status/marketplaces/ HTTP/1.1" 200 639
C:\Users\acer\AppData\Local\Programs\Python\Python312\Lib\site-packages\sklearn\utils\validation.py:2749: UserWarning: X does not have valid feature names, but LinearRegression was fitted with feature names
  warnings.warn(
C:\Users\acer\AppData\Local\Programs\Python\Python312\Lib\site-packages\sklearn\utils\validation.py:2749: UserWarning: X does not have valid feature names, but LinearRegression was fitted with feature names
  warnings.warn(
[07/Apr/2026 14:21:28] "GET /status/marketplaces/ HTTP/1.1" 200 639
C:\Users\acer\AppData\Local\Programs\Python\Python312\Lib\site-packages\sklearn\utils\validation.py:2749: UserWarning: X does not have valid feature names, but LinearRegression was fitted with feature names
  warnings.warn(
C:\Users\acer\AppData\Local\Programs\Python\Python312\Lib\site-packages\sklearn\utils\validation.py:2749: UserWarning: X does not have valid feature names, but LinearRegression was fitted with feature names
  warnings.warn(
[07/Apr/2026 14:21:31] "GET /status/marketplaces/ HTTP/1.1" 200 639
C:\Users\acer\AppData\Local\Programs\Python\Python312\Lib\site-packages\sklearn\utils\validation.py:2749: UserWarning: X does not have valid feature names, but LinearRegression was fitted with feature names
  warnings.warn(
C:\Users\acer\AppData\Local\Programs\Python\Python312\Lib\site-packages\sklearn\utils\validation.py:2749: UserWarning: X does not have valid feature names, but LinearRegression was fitted with feature names
  warnings.warn(
[07/Apr/2026 14:21:34] "GET /status/marketplaces/ HTTP/1.1" 200 639
C:\Users\acer\AppData\Local\Programs\Python\Python312\Lib\site-packages\sklearn\utils\validation.py:2749: UserWarning: X does not have valid feature names, but LinearRegression was fitted with feature names
  warnings.warn(
C:\Users\acer\AppData\Local\Programs\Python\Python312\Lib\site-packages\sklearn\utils\validation.py:2749: UserWarning: X does not have valid feature names, but LinearRegression was fitted with feature names
  warnings.warn(
[07/Apr/2026 14:21:37] "GET /status/marketplaces/ HTTP/1.1" 200 639
C:\Users\acer\AppData\Local\Programs\Python\Python312\Lib\site-packages\sklearn\utils\validation.py:2749: UserWarning: X does not have valid feature names, but LinearRegression was fitted with feature names
  warnings.warn(
C:\Users\acer\AppData\Local\Programs\Python\Python312\Lib\site-packages\sklearn\utils\validation.py:2749: UserWarning: X does not have valid feature names, but LinearRegression was fitted with feature names
  warnings.warn(
[07/Apr/2026 14:21:40] "GET /status/marketplaces/ HTTP/1.1" 200 639
C:\Users\acer\AppData\Local\Programs\Python\Python312\Lib\site-packages\sklearn\utils\validation.py:2749: UserWarning: X does not have valid feature names, but LinearRegression was fitted with feature names
  warnings.warn(
C:\Users\acer\AppData\Local\Programs\Python\Python312\Lib\site-packages\sklearn\utils\validation.py:2749: UserWarning: X does not have valid feature names, but LinearRegression was fitted with feature names
  warnings.warn(
[07/Apr/2026 14:21:43] "GET /status/marketplaces/ HTTP/1.1" 200 639
C:\Users\acer\AppData\Local\Programs\Python\Python312\Lib\site-packages\sklearn\utils\validation.py:2749: UserWarning: X does not have valid feature names, but LinearRegression was fitted with feature names
  warnings.warn(
C:\Users\acer\AppData\Local\Programs\Python\Python312\Lib\site-packages\sklearn\utils\validation.py:2749: UserWarning: X does not have valid feature names, but LinearRegression was fitted with feature names
  warnings.warn(
[07/Apr/2026 14:21:46] "GET /status/marketplaces/ HTTP/1.1" 200 639
C:\Users\acer\AppData\Local\Programs\Python\Python312\Lib\site-packages\sklearn\utils\validation.py:2749: UserWarning: X does not have valid feature names, but LinearRegression was fitted with feature names
  warnings.warn(
C:\Users\acer\AppData\Local\Programs\Python\Python312\Lib\site-packages\sklearn\utils\validation.py:2749: UserWarning: X does not have valid feature names, but LinearRegression was fitted with feature names
  warnings.warn(
[07/Apr/2026 14:21:49] "GET /status/marketplaces/ HTTP/1.1" 200 639
C:\Users\acer\AppData\Local\Programs\Python\Python312\Lib\site-packages\sklearn\utils\validation.py:2749: UserWarning: X does not have valid feature names, but LinearRegression was fitted with feature names
  warnings.warn(
C:\Users\acer\AppData\Local\Programs\Python\Python312\Lib\site-packages\sklearn\utils\validation.py:2749: UserWarning: X does not have valid feature names, but LinearRegression was fitted with feature names
  warnings.warn(
[07/Apr/2026 14:21:52] "GET /status/marketplaces/ HTTP/1.1" 200 639
C:\Users\acer\AppData\Local\Programs\Python\Python312\Lib\site-packages\sklearn\utils\validation.py:2749: UserWarning: X does not have valid feature names, but LinearRegression was fitted with feature names
  warnings.warn(
C:\Users\acer\AppData\Local\Programs\Python\Python312\Lib\site-packages\sklearn\utils\validation.py:2749: UserWarning: X does not have valid feature names, but LinearRegression was fitted with feature names
  warnings.warn(
[07/Apr/2026 14:21:55] "GET /status/marketplaces/ HTTP/1.1" 200 639
C:\Users\acer\AppData\Local\Programs\Python\Python312\Lib\site-packages\sklearn\utils\validation.py:2749: UserWarning: X does not have valid feature names, but LinearRegression was fitted with feature names
  warnings.warn(
C:\Users\acer\AppData\Local\Programs\Python\Python312\Lib\site-packages\sklearn\utils\validation.py:2749: UserWarning: X does not have valid feature names, but LinearRegression was fitted with feature names
  warnings.warn(
[07/Apr/2026 14:21:58] "GET /status/marketplaces/ HTTP/1.1" 200 639
C:\Users\acer\AppData\Local\Programs\Python\Python312\Lib\site-packages\sklearn\utils\validation.py:2749: UserWarning: X does not have valid feature names, but LinearRegression was fitted with feature names
  warnings.warn(
C:\Users\acer\AppData\Local\Programs\Python\Python312\Lib\site-packages\sklearn\utils\validation.py:2749: UserWarning: X does not have valid feature names, but LinearRegression was fitted with feature names
  warnings.warn(
[07/Apr/2026 14:22:01] "GET /status/marketplaces/ HTTP/1.1" 200 639
C:\Users\acer\AppData\Local\Programs\Python\Python312\Lib\site-packages\sklearn\utils\validation.py:2749: UserWarning: X does not have valid feature names, but LinearRegression was fitted with feature names
  warnings.warn(
C:\Users\acer\AppData\Local\Programs\Python\Python312\Lib\site-packages\sklearn\utils\validation.py:2749: UserWarning: X does not have valid feature names, but LinearRegression was fitted with feature names
  warnings.warn(
[07/Apr/2026 14:22:04] "GET /status/marketplaces/ HTTP/1.1" 200 639
C:\Users\acer\AppData\Local\Programs\Python\Python312\Lib\site-packages\sklearn\utils\validation.py:2749: UserWarning: X does not have valid feature names, but LinearRegression was fitted with feature names
  warnings.warn(
C:\Users\acer\AppData\Local\Programs\Python\Python312\Lib\site-packages\sklearn\utils\validation.py:2749: UserWarning: X does not have valid feature names, but LinearRegression was fitted with feature names
  warnings.warn(
[07/Apr/2026 14:22:07] "GET /status/marketplaces/ HTTP/1.1" 200 639
C:\Users\acer\AppData\Local\Programs\Python\Python312\Lib\site-packages\sklearn\utils\validation.py:2749: UserWarning: X does not have valid feature names, but LinearRegression was fitted with feature names
  warnings.warn(
C:\Users\acer\AppData\Local\Programs\Python\Python312\Lib\site-packages\sklearn\utils\validation.py:2749: UserWarning: X does not have valid feature names, but LinearRegression was fitted with feature names
  warnings.warn(
[07/Apr/2026 14:22:10] "GET /status/marketplaces/ HTTP/1.1" 200 639
C:\Users\acer\AppData\Local\Programs\Python\Python312\Lib\site-packages\sklearn\utils\validation.py:2749: UserWarning: X does not have valid feature names, but LinearRegression was fitted with feature names
  warnings.warn(
C:\Users\acer\AppData\Local\Programs\Python\Python312\Lib\site-packages\sklearn\utils\validation.py:2749: UserWarning: X does not have valid feature names, but LinearRegression was fitted with feature names
  warnings.warn(
[07/Apr/2026 14:22:13] "GET /status/marketplaces/ HTTP/1.1" 200 639
C:\Users\acer\AppData\Local\Programs\Python\Python312\Lib\site-packages\sklearn\utils\validation.py:2749: UserWarning: X does not have valid feature names, but LinearRegression was fitted with feature names
  warnings.warn(
C:\Users\acer\AppData\Local\Programs\Python\Python312\Lib\site-packages\sklearn\utils\validation.py:2749: UserWarning: X does not have valid feature names, but LinearRegression was fitted with feature names
  warnings.warn(
[07/Apr/2026 14:22:16] "GET /status/marketplaces/ HTTP/1.1" 200 639
C:\Users\acer\AppData\Local\Programs\Python\Python312\Lib\site-packages\sklearn\utils\validation.py:2749: UserWarning: X does not have valid feature names, but LinearRegression was fitted with feature names
  warnings.warn(
C:\Users\acer\AppData\Local\Programs\Python\Python312\Lib\site-packages\sklearn\utils\validation.py:2749: UserWarning: X does not have valid feature names, but LinearRegression was fitted with feature names
  warnings.warn(
[07/Apr/2026 14:22:19] "GET /status/marketplaces/ HTTP/1.1" 200 639
C:\Users\acer\AppData\Local\Programs\Python\Python312\Lib\site-packages\sklearn\utils\validation.py:2749: UserWarning: X does not have valid feature names, but LinearRegression was fitted with feature names
  warnings.warn(
C:\Users\acer\AppData\Local\Programs\Python\Python312\Lib\site-packages\sklearn\utils\validation.py:2749: UserWarning: X does not have valid feature names, but LinearRegression was fitted with feature names
  warnings.warn(
[07/Apr/2026 14:22:22] "GET /status/marketplaces/ HTTP/1.1" 200 639
C:\Users\acer\AppData\Local\Programs\Python\Python312\Lib\site-packages\sklearn\utils\validation.py:2749: UserWarning: X does not have valid feature names, but LinearRegression was fitted with feature names
  warnings.warn(
C:\Users\acer\AppData\Local\Programs\Python\Python312\Lib\site-packages\sklearn\utils\validation.py:2749: UserWarning: X does not have valid feature names, but LinearRegression was fitted with feature names
  warnings.warn(
[07/Apr/2026 14:22:26] "GET /status/marketplaces/ HTTP/1.1" 200 639
C:\Users\acer\AppData\Local\Programs\Python\Python312\Lib\site-packages\sklearn\utils\validation.py:2749: UserWarning: X does not have valid feature names, but LinearRegression was fitted with feature names
  warnings.warn(
C:\Users\acer\AppData\Local\Programs\Python\Python312\Lib\site-packages\sklearn\utils\validation.py:2749: UserWarning: X does not have valid feature names, but LinearRegression was fitted with feature names
  warnings.warn(
[07/Apr/2026 14:22:29] "GET /status/marketplaces/ HTTP/1.1" 200 639
C:\Users\acer\AppData\Local\Programs\Python\Python312\Lib\site-packages\sklearn\utils\validation.py:2749: UserWarning: X does not have valid feature names, but LinearRegression was fitted with feature names
  warnings.warn(
C:\Users\acer\AppData\Local\Programs\Python\Python312\Lib\site-packages\sklearn\utils\validation.py:2749: UserWarning: X does not have valid feature names, but LinearRegression was fitted with feature names
  warnings.warn(
[07/Apr/2026 14:22:31] "GET /status/marketplaces/ HTTP/1.1" 200 639
C:\Users\acer\AppData\Local\Programs\Python\Python312\Lib\site-packages\sklearn\utils\validation.py:2749: UserWarning: X does not have valid feature names, but LinearRegression was fitted with feature names
  warnings.warn(
C:\Users\acer\AppData\Local\Programs\Python\Python312\Lib\site-packages\sklearn\utils\validation.py:2749: UserWarning: X does not have valid feature names, but LinearRegression was fitted with feature names
  warnings.warn(
[07/Apr/2026 14:22:34] "GET /status/marketplaces/ HTTP/1.1" 200 639
C:\Users\acer\AppData\Local\Programs\Python\Python312\Lib\site-packages\sklearn\utils\validation.py:2749: UserWarning: X does not have valid feature names, but LinearRegression was fitted with feature names
  warnings.warn(
C:\Users\acer\AppData\Local\Programs\Python\Python312\Lib\site-packages\sklearn\utils\validation.py:2749: UserWarning: X does not have valid feature names, but LinearRegression was fitted with feature names
  warnings.warn(
[07/Apr/2026 14:22:37] "GET /status/marketplaces/ HTTP/1.1" 200 639
C:\Users\acer\AppData\Local\Programs\Python\Python312\Lib\site-packages\sklearn\utils\validation.py:2749: UserWarning: X does not have valid feature names, but LinearRegression was fitted with feature names
  warnings.warn(
C:\Users\acer\AppData\Local\Programs\Python\Python312\Lib\site-packages\sklearn\utils\validation.py:2749: UserWarning: X does not have valid feature names, but LinearRegression was fitted with feature names
  warnings.warn(
[07/Apr/2026 14:22:40] "GET /status/marketplaces/ HTTP/1.1" 200 639
C:\Users\acer\AppData\Local\Programs\Python\Python312\Lib\site-packages\sklearn\utils\validation.py:2749: UserWarning: X does not have valid feature names, but LinearRegression was fitted with feature names
  warnings.warn(
C:\Users\acer\AppData\Local\Programs\Python\Python312\Lib\site-packages\sklearn\utils\validation.py:2749: UserWarning: X does not have valid feature names, but LinearRegression was fitted with feature names
  warnings.warn(
[07/Apr/2026 14:22:43] "GET /status/marketplaces/ HTTP/1.1" 200 639
C:\Users\acer\AppData\Local\Programs\Python\Python312\Lib\site-packages\sklearn\utils\validation.py:2749: UserWarning: X does not have valid feature names, but LinearRegression was fitted with feature names
  warnings.warn(
C:\Users\acer\AppData\Local\Programs\Python\Python312\Lib\site-packages\sklearn\utils\validation.py:2749: UserWarning: X does not have valid feature names, but LinearRegression was fitted with feature names
  warnings.warn(
[07/Apr/2026 14:22:46] "GET /status/marketplaces/ HTTP/1.1" 200 639
C:\Users\acer\AppData\Local\Programs\Python\Python312\Lib\site-packages\sklearn\utils\validation.py:2749: UserWarning: X does not have valid feature names, but LinearRegression was fitted with feature names
  warnings.warn(
C:\Users\acer\AppData\Local\Programs\Python\Python312\Lib\site-packages\sklearn\utils\validation.py:2749: UserWarning: X does not have valid feature names, but LinearRegression was fitted with feature names
  warnings.warn(
[07/Apr/2026 14:22:49] "GET /status/marketplaces/ HTTP/1.1" 200 639
C:\Users\acer\AppData\Local\Programs\Python\Python312\Lib\site-packages\sklearn\utils\validation.py:2749: UserWarning: X does not have valid feature names, but LinearRegression was fitted with feature names
  warnings.warn(
C:\Users\acer\AppData\Local\Programs\Python\Python312\Lib\site-packages\sklearn\utils\validation.py:2749: UserWarning: X does not have valid feature names, but LinearRegression was fitted with feature names
  warnings.warn(
[07/Apr/2026 14:22:52] "GET /status/marketplaces/ HTTP/1.1" 200 639
C:\Users\acer\AppData\Local\Programs\Python\Python312\Lib\site-packages\sklearn\utils\validation.py:2749: UserWarning: X does not have valid feature names, but LinearRegression was fitted with feature names
  warnings.warn(
C:\Users\acer\AppData\Local\Programs\Python\Python312\Lib\site-packages\sklearn\utils\validation.py:2749: UserWarning: X does not have valid feature names, but LinearRegression was fitted with feature names
  warnings.warn(
[07/Apr/2026 14:22:55] "GET /status/marketplaces/ HTTP/1.1" 200 639
C:\Users\acer\AppData\Local\Programs\Python\Python312\Lib\site-packages\sklearn\utils\validation.py:2749: UserWarning: X does not have valid feature names, but LinearRegression was fitted with feature names
  warnings.warn(
C:\Users\acer\AppData\Local\Programs\Python\Python312\Lib\site-packages\sklearn\utils\validation.py:2749: UserWarning: X does not have valid feature names, but LinearRegression was fitted with feature names
  warnings.warn(
[07/Apr/2026 14:22:58] "GET /status/marketplaces/ HTTP/1.1" 200 639
C:\Users\acer\AppData\Local\Programs\Python\Python312\Lib\site-packages\sklearn\utils\validation.py:2749: UserWarning: X does not have valid feature names, but LinearRegression was fitted with feature names
  warnings.warn(
C:\Users\acer\AppData\Local\Programs\Python\Python312\Lib\site-packages\sklearn\utils\validation.py:2749: UserWarning: X does not have valid feature names, but LinearRegression was fitted with feature names
  warnings.warn(
[07/Apr/2026 14:23:01] "GET /status/marketplaces/ HTTP/1.1" 200 639
C:\Users\acer\AppData\Local\Programs\Python\Python312\Lib\site-packages\sklearn\utils\validation.py:2749: UserWarning: X does not have valid feature names, but LinearRegression was fitted with feature names
  warnings.warn(
C:\Users\acer\AppData\Local\Programs\Python\Python312\Lib\site-packages\sklearn\utils\validation.py:2749: UserWarning: X does not have valid feature names, but LinearRegression was fitted with feature names
  warnings.warn(
[07/Apr/2026 14:23:04] "GET /status/marketplaces/ HTTP/1.1" 200 639
C:\Users\acer\AppData\Local\Programs\Python\Python312\Lib\site-packages\sklearn\utils\validation.py:2749: UserWarning: X does not have valid feature names, but LinearRegression was fitted with feature names
  warnings.warn(
C:\Users\acer\AppData\Local\Programs\Python\Python312\Lib\site-packages\sklearn\utils\validation.py:2749: UserWarning: X does not have valid feature names, but LinearRegression was fitted with feature names
  warnings.warn(
[07/Apr/2026 14:23:07] "GET /status/marketplaces/ HTTP/1.1" 200 639
C:\Users\acer\AppData\Local\Programs\Python\Python312\Lib\site-packages\sklearn\utils\validation.py:2749: UserWarning: X does not have valid feature names, but LinearRegression was fitted with feature names
  warnings.warn(
C:\Users\acer\AppData\Local\Programs\Python\Python312\Lib\site-packages\sklearn\utils\validation.py:2749: UserWarning: X does not have valid feature names, but LinearRegression was fitted with feature names
  warnings.warn(
[07/Apr/2026 14:23:11] "GET /status/marketplaces/ HTTP/1.1" 200 639
C:\Users\acer\AppData\Local\Programs\Python\Python312\Lib\site-packages\sklearn\utils\validation.py:2749: UserWarning: X does not have valid feature names, but LinearRegression was fitted with feature names
  warnings.warn(
C:\Users\acer\AppData\Local\Programs\Python\Python312\Lib\site-packages\sklearn\utils\validation.py:2749: UserWarning: X does not have valid feature names, but LinearRegression was fitted with feature names
  warnings.warn(
[07/Apr/2026 14:23:13] "GET /status/marketplaces/ HTTP/1.1" 200 639
C:\Users\acer\AppData\Local\Programs\Python\Python312\Lib\site-packages\sklearn\utils\validation.py:2749: UserWarning: X does not have valid feature names, but LinearRegression was fitted with feature names
  warnings.warn(
C:\Users\acer\AppData\Local\Programs\Python\Python312\Lib\site-packages\sklearn\utils\validation.py:2749: UserWarning: X does not have valid feature names, but LinearRegression was fitted with feature names
  warnings.warn(
[07/Apr/2026 14:23:16] "GET /status/marketplaces/ HTTP/1.1" 200 639
C:\Users\acer\AppData\Local\Programs\Python\Python312\Lib\site-packages\sklearn\utils\validation.py:2749: UserWarning: X does not have valid feature names, but LinearRegression was fitted with feature names
  warnings.warn(
C:\Users\acer\AppData\Local\Programs\Python\Python312\Lib\site-packages\sklearn\utils\validation.py:2749: UserWarning: X does not have valid feature names, but LinearRegression was fitted with feature names
  warnings.warn(
[07/Apr/2026 14:23:19] "GET /status/marketplaces/ HTTP/1.1" 200 639
C:\Users\acer\AppData\Local\Programs\Python\Python312\Lib\site-packages\sklearn\utils\validation.py:2749: UserWarning: X does not have valid feature names, but LinearRegression was fitted with feature names
  warnings.warn(
C:\Users\acer\AppData\Local\Programs\Python\Python312\Lib\site-packages\sklearn\utils\validation.py:2749: UserWarning: X does not have valid feature names, but LinearRegression was fitted with feature names
  warnings.warn(
[07/Apr/2026 14:23:22] "GET /status/marketplaces/ HTTP/1.1" 200 639
C:\Users\acer\AppData\Local\Programs\Python\Python312\Lib\site-packages\sklearn\utils\validation.py:2749: UserWarning: X does not have valid feature names, but LinearRegression was fitted with feature names
  warnings.warn(
C:\Users\acer\AppData\Local\Programs\Python\Python312\Lib\site-packages\sklearn\utils\validation.py:2749: UserWarning: X does not have valid feature names, but LinearRegression was fitted with feature names
  warnings.warn(
[07/Apr/2026 14:23:25] "GET /status/marketplaces/ HTTP/1.1" 200 639
C:\Users\acer\AppData\Local\Programs\Python\Python312\Lib\site-packages\sklearn\utils\validation.py:2749: UserWarning: X does not have valid feature names, but LinearRegression was fitted with feature names
  warnings.warn(
C:\Users\acer\AppData\Local\Programs\Python\Python312\Lib\site-packages\sklearn\utils\validation.py:2749: UserWarning: X does not have valid feature names, but LinearRegression was fitted with feature names
  warnings.warn(
[07/Apr/2026 14:23:28] "GET /status/marketplaces/ HTTP/1.1" 200 639
C:\Users\acer\AppData\Local\Programs\Python\Python312\Lib\site-packages\sklearn\utils\validation.py:2749: UserWarning: X does not have valid feature names, but LinearRegression was fitted with feature names
  warnings.warn(
C:\Users\acer\AppData\Local\Programs\Python\Python312\Lib\site-packages\sklearn\utils\validation.py:2749: UserWarning: X does not have valid feature names, but LinearRegression was fitted with feature names
  warnings.warn(
[07/Apr/2026 14:23:31] "GET /status/marketplaces/ HTTP/1.1" 200 639
C:\Users\acer\AppData\Local\Programs\Python\Python312\Lib\site-packages\sklearn\utils\validation.py:2749: UserWarning: X does not have valid feature names, but LinearRegression was fitted with feature names
  warnings.warn(
C:\Users\acer\AppData\Local\Programs\Python\Python312\Lib\site-packages\sklearn\utils\validation.py:2749: UserWarning: X does not have valid feature names, but LinearRegression was fitted with feature names
  warnings.warn(
[07/Apr/2026 14:23:35] "GET /status/marketplaces/ HTTP/1.1" 200 639
C:\Users\acer\AppData\Local\Programs\Python\Python312\Lib\site-packages\sklearn\utils\validation.py:2749: UserWarning: X does not have valid feature names, but LinearRegression was fitted with feature names
  warnings.warn(
C:\Users\acer\AppData\Local\Programs\Python\Python312\Lib\site-packages\sklearn\utils\validation.py:2749: UserWarning: X does not have valid feature names, but LinearRegression was fitted with feature names
  warnings.warn(
[07/Apr/2026 14:23:38] "GET /status/marketplaces/ HTTP/1.1" 200 639
C:\Users\acer\AppData\Local\Programs\Python\Python312\Lib\site-packages\sklearn\utils\validation.py:2749: UserWarning: X does not have valid feature names, but LinearRegression was fitted with feature names
  warnings.warn(
C:\Users\acer\AppData\Local\Programs\Python\Python312\Lib\site-packages\sklearn\utils\validation.py:2749: UserWarning: X does not have valid feature names, but LinearRegression was fitted with feature names
  warnings.warn(
[07/Apr/2026 14:23:40] "GET /status/marketplaces/ HTTP/1.1" 200 639
C:\Users\acer\AppData\Local\Programs\Python\Python312\Lib\site-packages\sklearn\utils\validation.py:2749: UserWarning: X does not have valid feature names, but LinearRegression was fitted with feature names
  warnings.warn(
C:\Users\acer\AppData\Local\Programs\Python\Python312\Lib\site-packages\sklearn\utils\validation.py:2749: UserWarning: X does not have valid feature names, but LinearRegression was fitted with feature names
  warnings.warn(
[07/Apr/2026 14:23:43] "GET /status/marketplaces/ HTTP/1.1" 200 639
C:\Users\acer\AppData\Local\Programs\Python\Python312\Lib\site-packages\sklearn\utils\validation.py:2749: UserWarning: X does not have valid feature names, but LinearRegression was fitted with feature names
  warnings.warn(
C:\Users\acer\AppData\Local\Programs\Python\Python312\Lib\site-packages\sklearn\utils\validation.py:2749: UserWarning: X does not have valid feature names, but LinearRegression was fitted with feature names
  warnings.warn(
[07/Apr/2026 14:23:46] "GET /status/marketplaces/ HTTP/1.1" 200 639
C:\Users\acer\AppData\Local\Programs\Python\Python312\Lib\site-packages\sklearn\utils\validation.py:2749: UserWarning: X does not have valid feature names, but LinearRegression was fitted with feature names
  warnings.warn(
C:\Users\acer\AppData\Local\Programs\Python\Python312\Lib\site-packages\sklearn\utils\validation.py:2749: UserWarning: X does not have valid feature names, but LinearRegression was fitted with feature names
  warnings.warn(
[07/Apr/2026 14:23:49] "GET /status/marketplaces/ HTTP/1.1" 200 639
C:\Users\acer\AppData\Local\Programs\Python\Python312\Lib\site-packages\sklearn\utils\validation.py:2749: UserWarning: X does not have valid feature names, but LinearRegression was fitted with feature names
  warnings.warn(
C:\Users\acer\AppData\Local\Programs\Python\Python312\Lib\site-packages\sklearn\utils\validation.py:2749: UserWarning: X does not have valid feature names, but LinearRegression was fitted with feature names
  warnings.warn(
[07/Apr/2026 14:23:52] "GET /status/marketplaces/ HTTP/1.1" 200 639
C:\Users\acer\AppData\Local\Programs\Python\Python312\Lib\site-packages\sklearn\utils\validation.py:2749: UserWarning: X does not have valid feature names, but LinearRegression was fitted with feature names
  warnings.warn(
C:\Users\acer\AppData\Local\Programs\Python\Python312\Lib\site-packages\sklearn\utils\validation.py:2749: UserWarning: X does not have valid feature names, but LinearRegression was fitted with feature names
  warnings.warn(
[07/Apr/2026 14:23:56] "GET /status/marketplaces/ HTTP/1.1" 200 639
C:\Users\acer\AppData\Local\Programs\Python\Python312\Lib\site-packages\sklearn\utils\validation.py:2749: UserWarning: X does not have valid feature names, but LinearRegression was fitted with feature names
  warnings.warn(
C:\Users\acer\AppData\Local\Programs\Python\Python312\Lib\site-packages\sklearn\utils\validation.py:2749: UserWarning: X does not have valid feature names, but LinearRegression was fitted with feature names
  warnings.warn(
[07/Apr/2026 14:23:58] "GET /status/marketplaces/ HTTP/1.1" 200 639
C:\Users\acer\AppData\Local\Programs\Python\Python312\Lib\site-packages\sklearn\utils\validation.py:2749: UserWarning: X does not have valid feature names, but LinearRegression was fitted with feature names
  warnings.warn(
C:\Users\acer\AppData\Local\Programs\Python\Python312\Lib\site-packages\sklearn\utils\validation.py:2749: UserWarning: X does not have valid feature names, but LinearRegression was fitted with feature names
  warnings.warn(
[07/Apr/2026 14:24:01] "GET /status/marketplaces/ HTTP/1.1" 200 639
C:\Users\acer\AppData\Local\Programs\Python\Python312\Lib\site-packages\sklearn\utils\validation.py:2749: UserWarning: X does not have valid feature names, but LinearRegression was fitted with feature names
  warnings.warn(
C:\Users\acer\AppData\Local\Programs\Python\Python312\Lib\site-packages\sklearn\utils\validation.py:2749: UserWarning: X does not have valid feature names, but LinearRegression was fitted with feature names
  warnings.warn(
[07/Apr/2026 14:24:04] "GET /status/marketplaces/ HTTP/1.1" 200 639
C:\Users\acer\AppData\Local\Programs\Python\Python312\Lib\site-packages\sklearn\utils\validation.py:2749: UserWarning: X does not have valid feature names, but LinearRegression was fitted with feature names
  warnings.warn(
C:\Users\acer\AppData\Local\Programs\Python\Python312\Lib\site-packages\sklearn\utils\validation.py:2749: UserWarning: X does not have valid feature names, but LinearRegression was fitted with feature names
  warnings.warn(
[07/Apr/2026 14:24:07] "GET /status/marketplaces/ HTTP/1.1" 200 639
C:\Users\acer\AppData\Local\Programs\Python\Python312\Lib\site-packages\sklearn\utils\validation.py:2749: UserWarning: X does not have valid feature names, but LinearRegression was fitted with feature names
  warnings.warn(
C:\Users\acer\AppData\Local\Programs\Python\Python312\Lib\site-packages\sklearn\utils\validation.py:2749: UserWarning: X does not have valid feature names, but LinearRegression was fitted with feature names
  warnings.warn(
[07/Apr/2026 14:24:10] "GET /status/marketplaces/ HTTP/1.1" 200 639
C:\Users\acer\AppData\Local\Programs\Python\Python312\Lib\site-packages\sklearn\utils\validation.py:2749: UserWarning: X does not have valid feature names, but LinearRegression was fitted with feature names
  warnings.warn(
C:\Users\acer\AppData\Local\Programs\Python\Python312\Lib\site-packages\sklearn\utils\validation.py:2749: UserWarning: X does not have valid feature names, but LinearRegression was fitted with feature names
  warnings.warn(
[07/Apr/2026 14:24:13] "GET /status/marketplaces/ HTTP/1.1" 200 639
C:\Users\acer\AppData\Local\Programs\Python\Python312\Lib\site-packages\sklearn\utils\validation.py:2749: UserWarning: X does not have valid feature names, but LinearRegression was fitted with feature names
  warnings.warn(
C:\Users\acer\AppData\Local\Programs\Python\Python312\Lib\site-packages\sklearn\utils\validation.py:2749: UserWarning: X does not have valid feature names, but LinearRegression was fitted with feature names
  warnings.warn(
[07/Apr/2026 14:24:16] "GET /status/marketplaces/ HTTP/1.1" 200 639
C:\Users\acer\AppData\Local\Programs\Python\Python312\Lib\site-packages\sklearn\utils\validation.py:2749: UserWarning: X does not have valid feature names, but LinearRegression was fitted with feature names
  warnings.warn(
C:\Users\acer\AppData\Local\Programs\Python\Python312\Lib\site-packages\sklearn\utils\validation.py:2749: UserWarning: X does not have valid feature names, but LinearRegression was fitted with feature names
  warnings.warn(
[07/Apr/2026 14:24:19] "GET /status/marketplaces/ HTTP/1.1" 200 639
C:\Users\acer\AppData\Local\Programs\Python\Python312\Lib\site-packages\sklearn\utils\validation.py:2749: UserWarning: X does not have valid feature names, but LinearRegression was fitted with feature names
  warnings.warn(
C:\Users\acer\AppData\Local\Programs\Python\Python312\Lib\site-packages\sklearn\utils\validation.py:2749: UserWarning: X does not have valid feature names, but LinearRegression was fitted with feature names
  warnings.warn(
[07/Apr/2026 14:24:22] "GET /status/marketplaces/ HTTP/1.1" 200 639
C:\Users\acer\AppData\Local\Programs\Python\Python312\Lib\site-packages\sklearn\utils\validation.py:2749: UserWarning: X does not have valid feature names, but LinearRegression was fitted with feature names
  warnings.warn(
C:\Users\acer\AppData\Local\Programs\Python\Python312\Lib\site-packages\sklearn\utils\validation.py:2749: UserWarning: X does not have valid feature names, but LinearRegression was fitted with feature names
  warnings.warn(
[07/Apr/2026 14:24:26] "GET /status/marketplaces/ HTTP/1.1" 200 639
C:\Users\acer\AppData\Local\Programs\Python\Python312\Lib\site-packages\sklearn\utils\validation.py:2749: UserWarning: X does not have valid feature names, but LinearRegression was fitted with feature names
  warnings.warn(
C:\Users\acer\AppData\Local\Programs\Python\Python312\Lib\site-packages\sklearn\utils\validation.py:2749: UserWarning: X does not have valid feature names, but LinearRegression was fitted with feature names
  warnings.warn(
[07/Apr/2026 14:24:28] "GET /status/marketplaces/ HTTP/1.1" 200 639
C:\Users\acer\AppData\Local\Programs\Python\Python312\Lib\site-packages\sklearn\utils\validation.py:2749: UserWarning: X does not have valid feature names, but LinearRegression was fitted with feature names
  warnings.warn(
C:\Users\acer\AppData\Local\Programs\Python\Python312\Lib\site-packages\sklearn\utils\validation.py:2749: UserWarning: X does not have valid feature names, but LinearRegression was fitted with feature names
  warnings.warn(
[07/Apr/2026 14:24:31] "GET /status/marketplaces/ HTTP/1.1" 200 639
C:\Users\acer\AppData\Local\Programs\Python\Python312\Lib\site-packages\sklearn\utils\validation.py:2749: UserWarning: X does not have valid feature names, but LinearRegression was fitted with feature names
  warnings.warn(
[07/Apr/2026 14:24:34] "POST /predict/ HTTP/1.1" 200 137
C:\Users\acer\AppData\Local\Programs\Python\Python312\Lib\site-packages\sklearn\utils\validation.py:2749: UserWarning: X does not have valid feature names, but LinearRegression was fitted with feature names
  warnings.warn(
C:\Users\acer\AppData\Local\Programs\Python\Python312\Lib\site-packages\sklearn\utils\validation.py:2749: UserWarning: X does not have valid feature names, but LinearRegression was fitted with feature names
  warnings.warn(
[07/Apr/2026 14:24:34] "POST /predict/marketplace/ HTTP/1.1" 201 322
[07/Apr/2026 14:24:34] "POST /predict/marketplace/ HTTP/1.1" 201 318
C:\Users\acer\AppData\Local\Programs\Python\Python312\Lib\site-packages\sklearn\utils\validation.py:2749: UserWarning: X does not have valid feature names, but LinearRegression was fitted with feature names
  warnings.warn(
C:\Users\acer\AppData\Local\Programs\Python\Python312\Lib\site-packages\sklearn\utils\validation.py:2749: UserWarning: X does not have valid feature names, but LinearRegression was fitted with feature names
  warnings.warn(
[07/Apr/2026 14:24:34] "GET /status/marketplaces/ HTTP/1.1" 200 639
C:\Users\acer\AppData\Local\Programs\Python\Python312\Lib\site-packages\sklearn\utils\validation.py:2749: UserWarning: X does not have valid feature names, but LinearRegression was fitted with feature names
  warnings.warn(
C:\Users\acer\AppData\Local\Programs\Python\Python312\Lib\site-packages\sklearn\utils\validation.py:2749: UserWarning: X does not have valid feature names, but LinearRegression was fitted with feature names
  warnings.warn(
[07/Apr/2026 14:24:34] "GET /status/marketplaces/ HTTP/1.1" 200 639
C:\Users\acer\AppData\Local\Programs\Python\Python312\Lib\site-packages\sklearn\utils\validation.py:2749: UserWarning: X does not have valid feature names, but LinearRegression was fitted with feature names
  warnings.warn(
C:\Users\acer\AppData\Local\Programs\Python\Python312\Lib\site-packages\sklearn\utils\validation.py:2749: UserWarning: X does not have valid feature names, but LinearRegression was fitted with feature names
  warnings.warn(
[07/Apr/2026 14:24:37] "GET /status/marketplaces/ HTTP/1.1" 200 639
[07/Apr/2026 14:24:39] "GET /health/ HTTP/1.1" 200 56
[07/Apr/2026 14:24:39] "GET /health/ HTTP/1.1" 200 56
C:\Users\acer\AppData\Local\Programs\Python\Python312\Lib\site-packages\sklearn\utils\validation.py:2749: UserWarning: X does not have valid feature names, but LinearRegression was fitted with feature names
  warnings.warn(
C:\Users\acer\AppData\Local\Programs\Python\Python312\Lib\site-packages\sklearn\utils\validation.py:2749: UserWarning: X does not have valid feature names, but LinearRegression was fitted with feature names
  warnings.warn(
[07/Apr/2026 14:24:39] "GET /dataset/ HTTP/1.1" 200 556
[07/Apr/2026 14:24:39] "GET /status/marketplaces/ HTTP/1.1" 200 639
[07/Apr/2026 14:24:39] "GET /dataset/ HTTP/1.1" 200 556
C:\Users\acer\AppData\Local\Programs\Python\Python312\Lib\site-packages\sklearn\utils\validation.py:2749: UserWarning: X does not have valid feature names, but LinearRegression was fitted with feature names
  warnings.warn(
C:\Users\acer\AppData\Local\Programs\Python\Python312\Lib\site-packages\sklearn\utils\validation.py:2749: UserWarning: X does not have valid feature names, but LinearRegression was fitted with feature names
  warnings.warn(
[07/Apr/2026 14:24:39] "GET /status/marketplaces/ HTTP/1.1" 200 639
C:\Users\acer\AppData\Local\Programs\Python\Python312\Lib\site-packages\sklearn\utils\validation.py:2749: UserWarning: X does not have valid feature names, but LinearRegression was fitted with feature names
  warnings.warn(
C:\Users\acer\AppData\Local\Programs\Python\Python312\Lib\site-packages\sklearn\utils\validation.py:2749: UserWarning: X does not have valid feature names, but LinearRegression was fitted with feature names
  warnings.warn(
[07/Apr/2026 14:24:42] "GET /status/marketplaces/ HTTP/1.1" 200 639
C:\Users\acer\AppData\Local\Programs\Python\Python312\Lib\site-packages\sklearn\utils\validation.py:2749: UserWarning: X does not have valid feature names, but LinearRegression was fitted with feature names
  warnings.warn(
C:\Users\acer\AppData\Local\Programs\Python\Python312\Lib\site-packages\sklearn\utils\validation.py:2749: UserWarning: X does not have valid feature names, but LinearRegression was fitted with feature names
  warnings.warn(
[07/Apr/2026 14:24:45] "GET /status/marketplaces/ HTTP/1.1" 200 639
C:\Users\acer\AppData\Local\Programs\Python\Python312\Lib\site-packages\sklearn\utils\validation.py:2749: UserWarning: X does not have valid feature names, but LinearRegression was fitted with feature names
  warnings.warn(
C:\Users\acer\AppData\Local\Programs\Python\Python312\Lib\site-packages\sklearn\utils\validation.py:2749: UserWarning: X does not have valid feature names, but LinearRegression was fitted with feature names
  warnings.warn(
[07/Apr/2026 14:24:48] "GET /status/marketplaces/ HTTP/1.1" 200 639
C:\Users\acer\AppData\Local\Programs\Python\Python312\Lib\site-packages\sklearn\utils\validation.py:2749: UserWarning: X does not have valid feature names, but LinearRegression was fitted with feature names
  warnings.warn(
C:\Users\acer\AppData\Local\Programs\Python\Python312\Lib\site-packages\sklearn\utils\validation.py:2749: UserWarning: X does not have valid feature names, but LinearRegression was fitted with feature names
  warnings.warn(
[07/Apr/2026 14:24:51] "GET /status/marketplaces/ HTTP/1.1" 200 639
C:\Users\acer\AppData\Local\Programs\Python\Python312\Lib\site-packages\sklearn\utils\validation.py:2749: UserWarning: X does not have valid feature names, but LinearRegression was fitted with feature names
  warnings.warn(
C:\Users\acer\AppData\Local\Programs\Python\Python312\Lib\site-packages\sklearn\utils\validation.py:2749: UserWarning: X does not have valid feature names, but LinearRegression was fitted with feature names
  warnings.warn(
[07/Apr/2026 14:24:54] "GET /status/marketplaces/ HTTP/1.1" 200 639
C:\Users\acer\AppData\Local\Programs\Python\Python312\Lib\site-packages\sklearn\utils\validation.py:2749: UserWarning: X does not have valid feature names, but LinearRegression was fitted with feature names
  warnings.warn(
C:\Users\acer\AppData\Local\Programs\Python\Python312\Lib\site-packages\sklearn\utils\validation.py:2749: UserWarning: X does not have valid feature names, but LinearRegression was fitted with feature names
  warnings.warn(
[07/Apr/2026 14:24:57] "GET /status/marketplaces/ HTTP/1.1" 200 639
C:\Users\acer\AppData\Local\Programs\Python\Python312\Lib\site-packages\sklearn\utils\validation.py:2749: UserWarning: X does not have valid feature names, but LinearRegression was fitted with feature names
  warnings.warn(
C:\Users\acer\AppData\Local\Programs\Python\Python312\Lib\site-packages\sklearn\utils\validation.py:2749: UserWarning: X does not have valid feature names, but LinearRegression was fitted with feature names
  warnings.warn(
[07/Apr/2026 14:25:00] "GET /status/marketplaces/ HTTP/1.1" 200 639
C:\Users\acer\AppData\Local\Programs\Python\Python312\Lib\site-packages\sklearn\utils\validation.py:2749: UserWarning: X does not have valid feature names, but LinearRegression was fitted with feature names
  warnings.warn(
[07/Apr/2026 14:25:02] "POST /predict/ HTTP/1.1" 200 137
C:\Users\acer\AppData\Local\Programs\Python\Python312\Lib\site-packages\sklearn\utils\validation.py:2749: UserWarning: X does not have valid feature names, but LinearRegression was fitted with feature names
  warnings.warn(
C:\Users\acer\AppData\Local\Programs\Python\Python312\Lib\site-packages\sklearn\utils\validation.py:2749: UserWarning: X does not have valid feature names, but LinearRegression was fitted with feature names
  warnings.warn(
[07/Apr/2026 14:25:02] "POST /predict/marketplace/ HTTP/1.1" 201 318
[07/Apr/2026 14:25:02] "POST /predict/marketplace/ HTTP/1.1" 201 322
C:\Users\acer\AppData\Local\Programs\Python\Python312\Lib\site-packages\sklearn\utils\validation.py:2749: UserWarning: X does not have valid feature names, but LinearRegression was fitted with feature names
  warnings.warn(
C:\Users\acer\AppData\Local\Programs\Python\Python312\Lib\site-packages\sklearn\utils\validation.py:2749: UserWarning: X does not have valid feature names, but LinearRegression was fitted with feature names
  warnings.warn(
[07/Apr/2026 14:25:02] "GET /status/marketplaces/ HTTP/1.1" 200 639
C:\Users\acer\AppData\Local\Programs\Python\Python312\Lib\site-packages\sklearn\utils\validation.py:2749: UserWarning: X does not have valid feature names, but LinearRegression was fitted with feature names
  warnings.warn(
C:\Users\acer\AppData\Local\Programs\Python\Python312\Lib\site-packages\sklearn\utils\validation.py:2749: UserWarning: X does not have valid feature names, but LinearRegression was fitted with feature names
  warnings.warn(
[07/Apr/2026 14:25:03] "GET /status/marketplaces/ HTTP/1.1" 200 639
C:\Users\acer\AppData\Local\Programs\Python\Python312\Lib\site-packages\sklearn\utils\validation.py:2749: UserWarning: X does not have valid feature names, but LinearRegression was fitted with feature names
  warnings.warn(
C:\Users\acer\AppData\Local\Programs\Python\Python312\Lib\site-packages\sklearn\utils\validation.py:2749: UserWarning: X does not have valid feature names, but LinearRegression was fitted with feature names
  warnings.warn(
[07/Apr/2026 14:25:06] "GET /status/marketplaces/ HTTP/1.1" 200 639
C:\Users\acer\AppData\Local\Programs\Python\Python312\Lib\site-packages\sklearn\utils\validation.py:2749: UserWarning: X does not have valid feature names, but LinearRegression was fitted with feature names
  warnings.warn(
C:\Users\acer\AppData\Local\Programs\Python\Python312\Lib\site-packages\sklearn\utils\validation.py:2749: UserWarning: X does not have valid feature names, but LinearRegression was fitted with feature names
  warnings.warn(
[07/Apr/2026 14:25:09] "GET /status/marketplaces/ HTTP/1.1" 200 639
C:\Users\acer\AppData\Local\Programs\Python\Python312\Lib\site-packages\sklearn\utils\validation.py:2749: UserWarning: X does not have valid feature names, but LinearRegression was fitted with feature names
  warnings.warn(
C:\Users\acer\AppData\Local\Programs\Python\Python312\Lib\site-packages\sklearn\utils\validation.py:2749: UserWarning: X does not have valid feature names, but LinearRegression was fitted with feature names
  warnings.warn(
[07/Apr/2026 14:25:12] "GET /status/marketplaces/ HTTP/1.1" 200 639
C:\Users\acer\AppData\Local\Programs\Python\Python312\Lib\site-packages\sklearn\utils\validation.py:2749: UserWarning: X does not have valid feature names, but LinearRegression was fitted with feature names
  warnings.warn(
C:\Users\acer\AppData\Local\Programs\Python\Python312\Lib\site-packages\sklearn\utils\validation.py:2749: UserWarning: X does not have valid feature names, but LinearRegression was fitted with feature names
  warnings.warn(
[07/Apr/2026 14:25:15] "GET /status/marketplaces/ HTTP/1.1" 200 639
C:\Users\acer\AppData\Local\Programs\Python\Python312\Lib\site-packages\sklearn\utils\validation.py:2749: UserWarning: X does not have valid feature names, but LinearRegression was fitted with feature names
  warnings.warn(
C:\Users\acer\AppData\Local\Programs\Python\Python312\Lib\site-packages\sklearn\utils\validation.py:2749: UserWarning: X does not have valid feature names, but LinearRegression was fitted with feature names
  warnings.warn(
[07/Apr/2026 14:25:18] "GET /status/marketplaces/ HTTP/1.1" 200 639
C:\Users\acer\AppData\Local\Programs\Python\Python312\Lib\site-packages\sklearn\utils\validation.py:2749: UserWarning: X does not have valid feature names, but LinearRegression was fitted with feature names
  warnings.warn(
C:\Users\acer\AppData\Local\Programs\Python\Python312\Lib\site-packages\sklearn\utils\validation.py:2749: UserWarning: X does not have valid feature names, but LinearRegression was fitted with feature names
  warnings.warn(
[07/Apr/2026 14:25:21] "GET /status/marketplaces/ HTTP/1.1" 200 639
C:\Users\acer\AppData\Local\Programs\Python\Python312\Lib\site-packages\sklearn\utils\validation.py:2749: UserWarning: X does not have valid feature names, but LinearRegression was fitted with feature names
  warnings.warn(
C:\Users\acer\AppData\Local\Programs\Python\Python312\Lib\site-packages\sklearn\utils\validation.py:2749: UserWarning: X does not have valid feature names, but LinearRegression was fitted with feature names
  warnings.warn(
[07/Apr/2026 14:25:24] "GET /status/marketplaces/ HTTP/1.1" 200 639
C:\Users\acer\AppData\Local\Programs\Python\Python312\Lib\site-packages\sklearn\utils\validation.py:2749: UserWarning: X does not have valid feature names, but LinearRegression was fitted with feature names
  warnings.warn(
C:\Users\acer\AppData\Local\Programs\Python\Python312\Lib\site-packages\sklearn\utils\validation.py:2749: UserWarning: X does not have valid feature names, but LinearRegression was fitted with feature names
  warnings.warn(
[07/Apr/2026 14:25:27] "GET /status/marketplaces/ HTTP/1.1" 200 639
C:\Users\acer\AppData\Local\Programs\Python\Python312\Lib\site-packages\sklearn\utils\validation.py:2749: UserWarning: X does not have valid feature names, but LinearRegression was fitted with feature names
  warnings.warn(
C:\Users\acer\AppData\Local\Programs\Python\Python312\Lib\site-packages\sklearn\utils\validation.py:2749: UserWarning: X does not have valid feature names, but LinearRegression was fitted with feature names
  warnings.warn(
[07/Apr/2026 14:25:30] "GET /status/marketplaces/ HTTP/1.1" 200 639
C:\Users\acer\AppData\Local\Programs\Python\Python312\Lib\site-packages\sklearn\utils\validation.py:2749: UserWarning: X does not have valid feature names, but LinearRegression was fitted with feature names
  warnings.warn(
C:\Users\acer\AppData\Local\Programs\Python\Python312\Lib\site-packages\sklearn\utils\validation.py:2749: UserWarning: X does not have valid feature names, but LinearRegression was fitted with feature names
  warnings.warn(
[07/Apr/2026 14:25:33] "GET /status/marketplaces/ HTTP/1.1" 200 639
C:\Users\acer\AppData\Local\Programs\Python\Python312\Lib\site-packages\sklearn\utils\validation.py:2749: UserWarning: X does not have valid feature names, but LinearRegression was fitted with feature names
  warnings.warn(
C:\Users\acer\AppData\Local\Programs\Python\Python312\Lib\site-packages\sklearn\utils\validation.py:2749: UserWarning: X does not have valid feature names, but LinearRegression was fitted with feature names
  warnings.warn(
[07/Apr/2026 14:25:36] "GET /status/marketplaces/ HTTP/1.1" 200 639
C:\Users\acer\AppData\Local\Programs\Python\Python312\Lib\site-packages\sklearn\utils\validation.py:2749: UserWarning: X does not have valid feature names, but LinearRegression was fitted with feature names
  warnings.warn(
C:\Users\acer\AppData\Local\Programs\Python\Python312\Lib\site-packages\sklearn\utils\validation.py:2749: UserWarning: X does not have valid feature names, but LinearRegression was fitted with feature names
  warnings.warn(
[07/Apr/2026 14:25:39] "GET /status/marketplaces/ HTTP/1.1" 200 639
C:\Users\acer\AppData\Local\Programs\Python\Python312\Lib\site-packages\sklearn\utils\validation.py:2749: UserWarning: X does not have valid feature names, but LinearRegression was fitted with feature names
  warnings.warn(
C:\Users\acer\AppData\Local\Programs\Python\Python312\Lib\site-packages\sklearn\utils\validation.py:2749: UserWarning: X does not have valid feature names, but LinearRegression was fitted with feature names
  warnings.warn(
[07/Apr/2026 14:25:42] "GET /status/marketplaces/ HTTP/1.1" 200 639
C:\Users\acer\AppData\Local\Programs\Python\Python312\Lib\site-packages\sklearn\utils\validation.py:2749: UserWarning: X does not have valid feature names, but LinearRegression was fitted with feature names
  warnings.warn(
[07/Apr/2026 14:25:44] "POST /predict/ HTTP/1.1" 200 137
C:\Users\acer\AppData\Local\Programs\Python\Python312\Lib\site-packages\sklearn\utils\validation.py:2749: UserWarning: X does not have valid feature names, but LinearRegression was fitted with feature names
  warnings.warn(
[07/Apr/2026 14:25:44] "POST /predict/marketplace/ HTTP/1.1" 201 318
C:\Users\acer\AppData\Local\Programs\Python\Python312\Lib\site-packages\sklearn\utils\validation.py:2749: UserWarning: X does not have valid feature names, but LinearRegression was fitted with feature names
  warnings.warn(
[07/Apr/2026 14:25:44] "POST /predict/marketplace/ HTTP/1.1" 201 322
C:\Users\acer\AppData\Local\Programs\Python\Python312\Lib\site-packages\sklearn\utils\validation.py:2749: UserWarning: X does not have valid feature names, but LinearRegression was fitted with feature names
  warnings.warn(
C:\Users\acer\AppData\Local\Programs\Python\Python312\Lib\site-packages\sklearn\utils\validation.py:2749: UserWarning: X does not have valid feature names, but LinearRegression was fitted with feature names
  warnings.warn(
[07/Apr/2026 14:25:44] "GET /status/marketplaces/ HTTP/1.1" 200 649
C:\Users\acer\AppData\Local\Programs\Python\Python312\Lib\site-packages\sklearn\utils\validation.py:2749: UserWarning: X does not have valid feature names, but LinearRegression was fitted with feature names
  warnings.warn(
C:\Users\acer\AppData\Local\Programs\Python\Python312\Lib\site-packages\sklearn\utils\validation.py:2749: UserWarning: X does not have valid feature names, but LinearRegression was fitted with feature names
  warnings.warn(
[07/Apr/2026 14:25:45] "GET /status/marketplaces/ HTTP/1.1" 200 649
C:\Users\acer\AppData\Local\Programs\Python\Python312\Lib\site-packages\sklearn\utils\validation.py:2749: UserWarning: X does not have valid feature names, but LinearRegression was fitted with feature names
  warnings.warn(
C:\Users\acer\AppData\Local\Programs\Python\Python312\Lib\site-packages\sklearn\utils\validation.py:2749: UserWarning: X does not have valid feature names, but LinearRegression was fitted with feature names
  warnings.warn(
[07/Apr/2026 14:25:48] "GET /status/marketplaces/ HTTP/1.1" 200 649
C:\Users\acer\AppData\Local\Programs\Python\Python312\Lib\site-packages\sklearn\utils\validation.py:2749: UserWarning: X does not have valid feature names, but LinearRegression was fitted with feature names
  warnings.warn(
C:\Users\acer\AppData\Local\Programs\Python\Python312\Lib\site-packages\sklearn\utils\validation.py:2749: UserWarning: X does not have valid feature names, but LinearRegression was fitted with feature names
  warnings.warn(
[07/Apr/2026 14:25:51] "GET /status/marketplaces/ HTTP/1.1" 200 649
C:\Users\acer\AppData\Local\Programs\Python\Python312\Lib\site-packages\sklearn\utils\validation.py:2749: UserWarning: X does not have valid feature names, but LinearRegression was fitted with feature names
  warnings.warn(
C:\Users\acer\AppData\Local\Programs\Python\Python312\Lib\site-packages\sklearn\utils\validation.py:2749: UserWarning: X does not have valid feature names, but LinearRegression was fitted with feature names
  warnings.warn(
[07/Apr/2026 14:25:54] "GET /status/marketplaces/ HTTP/1.1" 200 649
C:\Users\acer\AppData\Local\Programs\Python\Python312\Lib\site-packages\sklearn\utils\validation.py:2749: UserWarning: X does not have valid feature names, but LinearRegression was fitted with feature names
  warnings.warn(
C:\Users\acer\AppData\Local\Programs\Python\Python312\Lib\site-packages\sklearn\utils\validation.py:2749: UserWarning: X does not have valid feature names, but LinearRegression was fitted with feature names
  warnings.warn(
[07/Apr/2026 14:25:57] "GET /status/marketplaces/ HTTP/1.1" 200 649
C:\Users\acer\AppData\Local\Programs\Python\Python312\Lib\site-packages\sklearn\utils\validation.py:2749: UserWarning: X does not have valid feature names, but LinearRegression was fitted with feature names
  warnings.warn(
C:\Users\acer\AppData\Local\Programs\Python\Python312\Lib\site-packages\sklearn\utils\validation.py:2749: UserWarning: X does not have valid feature names, but LinearRegression was fitted with feature names
  warnings.warn(
[07/Apr/2026 14:26:00] "GET /status/marketplaces/ HTTP/1.1" 200 649
C:\Users\acer\AppData\Local\Programs\Python\Python312\Lib\site-packages\sklearn\utils\validation.py:2749: UserWarning: X does not have valid feature names, but LinearRegression was fitted with feature names
  warnings.warn(
C:\Users\acer\AppData\Local\Programs\Python\Python312\Lib\site-packages\sklearn\utils\validation.py:2749: UserWarning: X does not have valid feature names, but LinearRegression was fitted with feature names
  warnings.warn(
[07/Apr/2026 14:26:03] "GET /status/marketplaces/ HTTP/1.1" 200 649
C:\Users\acer\AppData\Local\Programs\Python\Python312\Lib\site-packages\sklearn\utils\validation.py:2749: UserWarning: X does not have valid feature names, but LinearRegression was fitted with feature names
  warnings.warn(
C:\Users\acer\AppData\Local\Programs\Python\Python312\Lib\site-packages\sklearn\utils\validation.py:2749: UserWarning: X does not have valid feature names, but LinearRegression was fitted with feature names
  warnings.warn(
[07/Apr/2026 14:26:06] "GET /status/marketplaces/ HTTP/1.1" 200 649
C:\Users\acer\AppData\Local\Programs\Python\Python312\Lib\site-packages\sklearn\utils\validation.py:2749: UserWarning: X does not have valid feature names, but LinearRegression was fitted with feature names
  warnings.warn(
C:\Users\acer\AppData\Local\Programs\Python\Python312\Lib\site-packages\sklearn\utils\validation.py:2749: UserWarning: X does not have valid feature names, but LinearRegression was fitted with feature names
  warnings.warn(
[07/Apr/2026 14:26:09] "GET /status/marketplaces/ HTTP/1.1" 200 649
C:\Users\acer\AppData\Local\Programs\Python\Python312\Lib\site-packages\sklearn\utils\validation.py:2749: UserWarning: X does not have valid feature names, but LinearRegression was fitted with feature names
  warnings.warn(
C:\Users\acer\AppData\Local\Programs\Python\Python312\Lib\site-packages\sklearn\utils\validation.py:2749: UserWarning: X does not have valid feature names, but LinearRegression was fitted with feature names
  warnings.warn(
[07/Apr/2026 14:26:12] "GET /status/marketplaces/ HTTP/1.1" 200 649
C:\Users\acer\AppData\Local\Programs\Python\Python312\Lib\site-packages\sklearn\utils\validation.py:2749: UserWarning: X does not have valid feature names, but LinearRegression was fitted with feature names
  warnings.warn(
C:\Users\acer\AppData\Local\Programs\Python\Python312\Lib\site-packages\sklearn\utils\validation.py:2749: UserWarning: X does not have valid feature names, but LinearRegression was fitted with feature names
  warnings.warn(
[07/Apr/2026 14:26:15] "GET /status/marketplaces/ HTTP/1.1" 200 649
C:\Users\acer\AppData\Local\Programs\Python\Python312\Lib\site-packages\sklearn\utils\validation.py:2749: UserWarning: X does not have valid feature names, but LinearRegression was fitted with feature names
  warnings.warn(
C:\Users\acer\AppData\Local\Programs\Python\Python312\Lib\site-packages\sklearn\utils\validation.py:2749: UserWarning: X does not have valid feature names, but LinearRegression was fitted with feature names
  warnings.warn(
[07/Apr/2026 14:26:18] "GET /status/marketplaces/ HTTP/1.1" 200 649
C:\Users\acer\AppData\Local\Programs\Python\Python312\Lib\site-packages\sklearn\utils\validation.py:2749: UserWarning: X does not have valid feature names, but LinearRegression was fitted with feature names
  warnings.warn(
C:\Users\acer\AppData\Local\Programs\Python\Python312\Lib\site-packages\sklearn\utils\validation.py:2749: UserWarning: X does not have valid feature names, but LinearRegression was fitted with feature names
  warnings.warn(
[07/Apr/2026 14:26:21] "GET /status/marketplaces/ HTTP/1.1" 200 649
C:\Users\acer\AppData\Local\Programs\Python\Python312\Lib\site-packages\sklearn\utils\validation.py:2749: UserWarning: X does not have valid feature names, but LinearRegression was fitted with feature names
  warnings.warn(
C:\Users\acer\AppData\Local\Programs\Python\Python312\Lib\site-packages\sklearn\utils\validation.py:2749: UserWarning: X does not have valid feature names, but LinearRegression was fitted with feature names
  warnings.warn(
[07/Apr/2026 14:26:24] "GET /status/marketplaces/ HTTP/1.1" 200 649
C:\Users\acer\AppData\Local\Programs\Python\Python312\Lib\site-packages\sklearn\utils\validation.py:2749: UserWarning: X does not have valid feature names, but LinearRegression was fitted with feature names
  warnings.warn(
C:\Users\acer\AppData\Local\Programs\Python\Python312\Lib\site-packages\sklearn\utils\validation.py:2749: UserWarning: X does not have valid feature names, but LinearRegression was fitted with feature names
  warnings.warn(
[07/Apr/2026 14:26:27] "GET /status/marketplaces/ HTTP/1.1" 200 649
C:\Users\acer\AppData\Local\Programs\Python\Python312\Lib\site-packages\sklearn\utils\validation.py:2749: UserWarning: X does not have valid feature names, but LinearRegression was fitted with feature names
  warnings.warn(
C:\Users\acer\AppData\Local\Programs\Python\Python312\Lib\site-packages\sklearn\utils\validation.py:2749: UserWarning: X does not have valid feature names, but LinearRegression was fitted with feature names
  warnings.warn(
[07/Apr/2026 14:26:30] "GET /status/marketplaces/ HTTP/1.1" 200 649
C:\Users\acer\AppData\Local\Programs\Python\Python312\Lib\site-packages\sklearn\utils\validation.py:2749: UserWarning: X does not have valid feature names, but LinearRegression was fitted with feature names
  warnings.warn(
C:\Users\acer\AppData\Local\Programs\Python\Python312\Lib\site-packages\sklearn\utils\validation.py:2749: UserWarning: X does not have valid feature names, but LinearRegression was fitted with feature names
  warnings.warn(
[07/Apr/2026 14:26:33] "GET /status/marketplaces/ HTTP/1.1" 200 649
C:\Users\acer\AppData\Local\Programs\Python\Python312\Lib\site-packages\sklearn\utils\validation.py:2749: UserWarning: X does not have valid feature names, but LinearRegression was fitted with feature names
  warnings.warn(
C:\Users\acer\AppData\Local\Programs\Python\Python312\Lib\site-packages\sklearn\utils\validation.py:2749: UserWarning: X does not have valid feature names, but LinearRegression was fitted with feature names
  warnings.warn(
[07/Apr/2026 14:26:36] "GET /status/marketplaces/ HTTP/1.1" 200 649
C:\Users\acer\AppData\Local\Programs\Python\Python312\Lib\site-packages\sklearn\utils\validation.py:2749: UserWarning: X does not have valid feature names, but LinearRegression was fitted with feature names
  warnings.warn(
C:\Users\acer\AppData\Local\Programs\Python\Python312\Lib\site-packages\sklearn\utils\validation.py:2749: UserWarning: X does not have valid feature names, but LinearRegression was fitted with feature names
  warnings.warn(
[07/Apr/2026 14:26:39] "GET /status/marketplaces/ HTTP/1.1" 200 649
C:\Users\acer\AppData\Local\Programs\Python\Python312\Lib\site-packages\sklearn\utils\validation.py:2749: UserWarning: X does not have valid feature names, but LinearRegression was fitted with feature names
  warnings.warn(
C:\Users\acer\AppData\Local\Programs\Python\Python312\Lib\site-packages\sklearn\utils\validation.py:2749: UserWarning: X does not have valid feature names, but LinearRegression was fitted with feature names
  warnings.warn(
[07/Apr/2026 14:26:42] "GET /status/marketplaces/ HTTP/1.1" 200 649
C:\Users\acer\AppData\Local\Programs\Python\Python312\Lib\site-packages\sklearn\utils\validation.py:2749: UserWarning: X does not have valid feature names, but LinearRegression was fitted with feature names
  warnings.warn(
C:\Users\acer\AppData\Local\Programs\Python\Python312\Lib\site-packages\sklearn\utils\validation.py:2749: UserWarning: X does not have valid feature names, but LinearRegression was fitted with feature names
  warnings.warn(
[07/Apr/2026 14:26:45] "GET /status/marketplaces/ HTTP/1.1" 200 649
C:\Users\acer\AppData\Local\Programs\Python\Python312\Lib\site-packages\sklearn\utils\validation.py:2749: UserWarning: X does not have valid feature names, but LinearRegression was fitted with feature names
  warnings.warn(
C:\Users\acer\AppData\Local\Programs\Python\Python312\Lib\site-packages\sklearn\utils\validation.py:2749: UserWarning: X does not have valid feature names, but LinearRegression was fitted with feature names
  warnings.warn(
[07/Apr/2026 14:26:48] "GET /status/marketplaces/ HTTP/1.1" 200 649
C:\Users\acer\AppData\Local\Programs\Python\Python312\Lib\site-packages\sklearn\utils\validation.py:2749: UserWarning: X does not have valid feature names, but LinearRegression was fitted with feature names
  warnings.warn(
C:\Users\acer\AppData\Local\Programs\Python\Python312\Lib\site-packages\sklearn\utils\validation.py:2749: UserWarning: X does not have valid feature names, but LinearRegression was fitted with feature names
  warnings.warn(
[07/Apr/2026 14:26:51] "GET /status/marketplaces/ HTTP/1.1" 200 649
C:\Users\acer\AppData\Local\Programs\Python\Python312\Lib\site-packages\sklearn\utils\validation.py:2749: UserWarning: X does not have valid feature names, but LinearRegression was fitted with feature names
  warnings.warn(
C:\Users\acer\AppData\Local\Programs\Python\Python312\Lib\site-packages\sklearn\utils\validation.py:2749: UserWarning: X does not have valid feature names, but LinearRegression was fitted with feature names
  warnings.warn(
[07/Apr/2026 14:26:54] "GET /status/marketplaces/ HTTP/1.1" 200 649
C:\Users\acer\AppData\Local\Programs\Python\Python312\Lib\site-packages\sklearn\utils\validation.py:2749: UserWarning: X does not have valid feature names, but LinearRegression was fitted with feature names
  warnings.warn(
C:\Users\acer\AppData\Local\Programs\Python\Python312\Lib\site-packages\sklearn\utils\validation.py:2749: UserWarning: X does not have valid feature names, but LinearRegression was fitted with feature names
  warnings.warn(
[07/Apr/2026 14:26:57] "GET /status/marketplaces/ HTTP/1.1" 200 649
C:\Users\acer\AppData\Local\Programs\Python\Python312\Lib\site-packages\sklearn\utils\validation.py:2749: UserWarning: X does not have valid feature names, but LinearRegression was fitted with feature names
  warnings.warn(
C:\Users\acer\AppData\Local\Programs\Python\Python312\Lib\site-packages\sklearn\utils\validation.py:2749: UserWarning: X does not have valid feature names, but LinearRegression was fitted with feature names
  warnings.warn(
[07/Apr/2026 14:27:00] "GET /status/marketplaces/ HTTP/1.1" 200 649
C:\Users\acer\AppData\Local\Programs\Python\Python312\Lib\site-packages\sklearn\utils\validation.py:2749: UserWarning: X does not have valid feature names, but LinearRegression was fitted with feature names
  warnings.warn(
C:\Users\acer\AppData\Local\Programs\Python\Python312\Lib\site-packages\sklearn\utils\validation.py:2749: UserWarning: X does not have valid feature names, but LinearRegression was fitted with feature names
  warnings.warn(
[07/Apr/2026 14:27:03] "GET /status/marketplaces/ HTTP/1.1" 200 649
C:\Users\acer\AppData\Local\Programs\Python\Python312\Lib\site-packages\sklearn\utils\validation.py:2749: UserWarning: X does not have valid feature names, but LinearRegression was fitted with feature names
  warnings.warn(
C:\Users\acer\AppData\Local\Programs\Python\Python312\Lib\site-packages\sklearn\utils\validation.py:2749: UserWarning: X does not have valid feature names, but LinearRegression was fitted with feature names
  warnings.warn(
[07/Apr/2026 14:27:06] "GET /status/marketplaces/ HTTP/1.1" 200 649
C:\Users\acer\AppData\Local\Programs\Python\Python312\Lib\site-packages\sklearn\utils\validation.py:2749: UserWarning: X does not have valid feature names, but LinearRegression was fitted with feature names
  warnings.warn(
C:\Users\acer\AppData\Local\Programs\Python\Python312\Lib\site-packages\sklearn\utils\validation.py:2749: UserWarning: X does not have valid feature names, but LinearRegression was fitted with feature names
  warnings.warn(
[07/Apr/2026 14:27:09] "GET /status/marketplaces/ HTTP/1.1" 200 649
C:\Users\acer\AppData\Local\Programs\Python\Python312\Lib\site-packages\sklearn\utils\validation.py:2749: UserWarning: X does not have valid feature names, but LinearRegression was fitted with feature names
  warnings.warn(
C:\Users\acer\AppData\Local\Programs\Python\Python312\Lib\site-packages\sklearn\utils\validation.py:2749: UserWarning: X does not have valid feature names, but LinearRegression was fitted with feature names
  warnings.warn(
[07/Apr/2026 14:27:12] "GET /status/marketplaces/ HTTP/1.1" 200 649
C:\Users\acer\AppData\Local\Programs\Python\Python312\Lib\site-packages\sklearn\utils\validation.py:2749: UserWarning: X does not have valid feature names, but LinearRegression was fitted with feature names
  warnings.warn(
C:\Users\acer\AppData\Local\Programs\Python\Python312\Lib\site-packages\sklearn\utils\validation.py:2749: UserWarning: X does not have valid feature names, but LinearRegression was fitted with feature names
  warnings.warn(
[07/Apr/2026 14:27:15] "GET /status/marketplaces/ HTTP/1.1" 200 649
C:\Users\acer\AppData\Local\Programs\Python\Python312\Lib\site-packages\sklearn\utils\validation.py:2749: UserWarning: X does not have valid feature names, but LinearRegression was fitted with feature names
  warnings.warn(
C:\Users\acer\AppData\Local\Programs\Python\Python312\Lib\site-packages\sklearn\utils\validation.py:2749: UserWarning: X does not have valid feature names, but LinearRegression was fitted with feature names
  warnings.warn(
[07/Apr/2026 14:27:18] "GET /status/marketplaces/ HTTP/1.1" 200 649
C:\Users\acer\AppData\Local\Programs\Python\Python312\Lib\site-packages\sklearn\utils\validation.py:2749: UserWarning: X does not have valid feature names, but LinearRegression was fitted with feature names
  warnings.warn(
C:\Users\acer\AppData\Local\Programs\Python\Python312\Lib\site-packages\sklearn\utils\validation.py:2749: UserWarning: X does not have valid feature names, but LinearRegression was fitted with feature names
  warnings.warn(
[07/Apr/2026 14:27:21] "GET /status/marketplaces/ HTTP/1.1" 200 649
C:\Users\acer\AppData\Local\Programs\Python\Python312\Lib\site-packages\sklearn\utils\validation.py:2749: UserWarning: X does not have valid feature names, but LinearRegression was fitted with feature names
  warnings.warn(
C:\Users\acer\AppData\Local\Programs\Python\Python312\Lib\site-packages\sklearn\utils\validation.py:2749: UserWarning: X does not have valid feature names, but LinearRegression was fitted with feature names
  warnings.warn(
[07/Apr/2026 14:27:24] "GET /status/marketplaces/ HTTP/1.1" 200 649
C:\Users\acer\AppData\Local\Programs\Python\Python312\Lib\site-packages\sklearn\utils\validation.py:2749: UserWarning: X does not have valid feature names, but LinearRegression was fitted with feature names
  warnings.warn(
C:\Users\acer\AppData\Local\Programs\Python\Python312\Lib\site-packages\sklearn\utils\validation.py:2749: UserWarning: X does not have valid feature names, but LinearRegression was fitted with feature names
  warnings.warn(
[07/Apr/2026 14:27:27] "GET /status/marketplaces/ HTTP/1.1" 200 649
C:\Users\acer\AppData\Local\Programs\Python\Python312\Lib\site-packages\sklearn\utils\validation.py:2749: UserWarning: X does not have valid feature names, but LinearRegression was fitted with feature names
  warnings.warn(
C:\Users\acer\AppData\Local\Programs\Python\Python312\Lib\site-packages\sklearn\utils\validation.py:2749: UserWarning: X does not have valid feature names, but LinearRegression was fitted with feature names
  warnings.warn(
[07/Apr/2026 14:27:30] "GET /status/marketplaces/ HTTP/1.1" 200 649
C:\Users\acer\AppData\Local\Programs\Python\Python312\Lib\site-packages\sklearn\utils\validation.py:2749: UserWarning: X does not have valid feature names, but LinearRegression was fitted with feature names
  warnings.warn(
C:\Users\acer\AppData\Local\Programs\Python\Python312\Lib\site-packages\sklearn\utils\validation.py:2749: UserWarning: X does not have valid feature names, but LinearRegression was fitted with feature names
  warnings.warn(
[07/Apr/2026 14:27:33] "GET /status/marketplaces/ HTTP/1.1" 200 649
C:\Users\acer\AppData\Local\Programs\Python\Python312\Lib\site-packages\sklearn\utils\validation.py:2749: UserWarning: X does not have valid feature names, but LinearRegression was fitted with feature names
  warnings.warn(
C:\Users\acer\AppData\Local\Programs\Python\Python312\Lib\site-packages\sklearn\utils\validation.py:2749: UserWarning: X does not have valid feature names, but LinearRegression was fitted with feature names
  warnings.warn(
[07/Apr/2026 14:27:36] "GET /status/marketplaces/ HTTP/1.1" 200 649
C:\Users\acer\AppData\Local\Programs\Python\Python312\Lib\site-packages\sklearn\utils\validation.py:2749: UserWarning: X does not have valid feature names, but LinearRegression was fitted with feature names
  warnings.warn(
C:\Users\acer\AppData\Local\Programs\Python\Python312\Lib\site-packages\sklearn\utils\validation.py:2749: UserWarning: X does not have valid feature names, but LinearRegression was fitted with feature names
  warnings.warn(
[07/Apr/2026 14:27:39] "GET /status/marketplaces/ HTTP/1.1" 200 649
C:\Users\acer\AppData\Local\Programs\Python\Python312\Lib\site-packages\sklearn\utils\validation.py:2749: UserWarning: X does not have valid feature names, but LinearRegression was fitted with feature names
  warnings.warn(
C:\Users\acer\AppData\Local\Programs\Python\Python312\Lib\site-packages\sklearn\utils\validation.py:2749: UserWarning: X does not have valid feature names, but LinearRegression was fitted with feature names
  warnings.warn(
[07/Apr/2026 14:27:42] "GET /status/marketplaces/ HTTP/1.1" 200 649
C:\Users\acer\AppData\Local\Programs\Python\Python312\Lib\site-packages\sklearn\utils\validation.py:2749: UserWarning: X does not have valid feature names, but LinearRegression was fitted with feature names
  warnings.warn(
C:\Users\acer\AppData\Local\Programs\Python\Python312\Lib\site-packages\sklearn\utils\validation.py:2749: UserWarning: X does not have valid feature names, but LinearRegression was fitted with feature names
  warnings.warn(
[07/Apr/2026 14:27:45] "GET /status/marketplaces/ HTTP/1.1" 200 649
C:\Users\acer\AppData\Local\Programs\Python\Python312\Lib\site-packages\sklearn\utils\validation.py:2749: UserWarning: X does not have valid feature names, but LinearRegression was fitted with feature names
  warnings.warn(
C:\Users\acer\AppData\Local\Programs\Python\Python312\Lib\site-packages\sklearn\utils\validation.py:2749: UserWarning: X does not have valid feature names, but LinearRegression was fitted with feature names
  warnings.warn(
[07/Apr/2026 14:27:48] "GET /status/marketplaces/ HTTP/1.1" 200 649
C:\Users\acer\AppData\Local\Programs\Python\Python312\Lib\site-packages\sklearn\utils\validation.py:2749: UserWarning: X does not have valid feature names, but LinearRegression was fitted with feature names
  warnings.warn(
C:\Users\acer\AppData\Local\Programs\Python\Python312\Lib\site-packages\sklearn\utils\validation.py:2749: UserWarning: X does not have valid feature names, but LinearRegression was fitted with feature names
  warnings.warn(
[07/Apr/2026 14:27:51] "GET /status/marketplaces/ HTTP/1.1" 200 649
C:\Users\acer\AppData\Local\Programs\Python\Python312\Lib\site-packages\sklearn\utils\validation.py:2749: UserWarning: X does not have valid feature names, but LinearRegression was fitted with feature names
  warnings.warn(
C:\Users\acer\AppData\Local\Programs\Python\Python312\Lib\site-packages\sklearn\utils\validation.py:2749: UserWarning: X does not have valid feature names, but LinearRegression was fitted with feature names
  warnings.warn(
[07/Apr/2026 14:27:54] "GET /status/marketplaces/ HTTP/1.1" 200 649
C:\Users\acer\AppData\Local\Programs\Python\Python312\Lib\site-packages\sklearn\utils\validation.py:2749: UserWarning: X does not have valid feature names, but LinearRegression was fitted with feature names
  warnings.warn(
C:\Users\acer\AppData\Local\Programs\Python\Python312\Lib\site-packages\sklearn\utils\validation.py:2749: UserWarning: X does not have valid feature names, but LinearRegression was fitted with feature names
  warnings.warn(
[07/Apr/2026 14:27:57] "GET /status/marketplaces/ HTTP/1.1" 200 649
C:\Users\acer\AppData\Local\Programs\Python\Python312\Lib\site-packages\sklearn\utils\validation.py:2749: UserWarning: X does not have valid feature names, but LinearRegression was fitted with feature names
  warnings.warn(
C:\Users\acer\AppData\Local\Programs\Python\Python312\Lib\site-packages\sklearn\utils\validation.py:2749: UserWarning: X does not have valid feature names, but LinearRegression was fitted with feature names
  warnings.warn(
[07/Apr/2026 14:28:00] "GET /status/marketplaces/ HTTP/1.1" 200 649
C:\Users\acer\AppData\Local\Programs\Python\Python312\Lib\site-packages\sklearn\utils\validation.py:2749: UserWarning: X does not have valid feature names, but LinearRegression was fitted with feature names
  warnings.warn(
C:\Users\acer\AppData\Local\Programs\Python\Python312\Lib\site-packages\sklearn\utils\validation.py:2749: UserWarning: X does not have valid feature names, but LinearRegression was fitted with feature names
  warnings.warn(
[07/Apr/2026 14:28:03] "GET /status/marketplaces/ HTTP/1.1" 200 649
C:\Users\acer\AppData\Local\Programs\Python\Python312\Lib\site-packages\sklearn\utils\validation.py:2749: UserWarning: X does not have valid feature names, but LinearRegression was fitted with feature names
  warnings.warn(
C:\Users\acer\AppData\Local\Programs\Python\Python312\Lib\site-packages\sklearn\utils\validation.py:2749: UserWarning: X does not have valid feature names, but LinearRegression was fitted with feature names
  warnings.warn(
[07/Apr/2026 14:28:06] "GET /status/marketplaces/ HTTP/1.1" 200 649
C:\Users\acer\AppData\Local\Programs\Python\Python312\Lib\site-packages\sklearn\utils\validation.py:2749: UserWarning: X does not have valid feature names, but LinearRegression was fitted with feature names
  warnings.warn(
C:\Users\acer\AppData\Local\Programs\Python\Python312\Lib\site-packages\sklearn\utils\validation.py:2749: UserWarning: X does not have valid feature names, but LinearRegression was fitted with feature names
  warnings.warn(
[07/Apr/2026 14:28:09] "GET /status/marketplaces/ HTTP/1.1" 200 649
C:\Users\acer\AppData\Local\Programs\Python\Python312\Lib\site-packages\sklearn\utils\validation.py:2749: UserWarning: X does not have valid feature names, but LinearRegression was fitted with feature names
  warnings.warn(
C:\Users\acer\AppData\Local\Programs\Python\Python312\Lib\site-packages\sklearn\utils\validation.py:2749: UserWarning: X does not have valid feature names, but LinearRegression was fitted with feature names
  warnings.warn(
[07/Apr/2026 14:28:12] "GET /status/marketplaces/ HTTP/1.1" 200 649
C:\Users\acer\AppData\Local\Programs\Python\Python312\Lib\site-packages\sklearn\utils\validation.py:2749: UserWarning: X does not have valid feature names, but LinearRegression was fitted with feature names
  warnings.warn(
C:\Users\acer\AppData\Local\Programs\Python\Python312\Lib\site-packages\sklearn\utils\validation.py:2749: UserWarning: X does not have valid feature names, but LinearRegression was fitted with feature names
  warnings.warn(
[07/Apr/2026 14:28:15] "GET /status/marketplaces/ HTTP/1.1" 200 649
C:\Users\acer\AppData\Local\Programs\Python\Python312\Lib\site-packages\sklearn\utils\validation.py:2749: UserWarning: X does not have valid feature names, but LinearRegression was fitted with feature names
  warnings.warn(
C:\Users\acer\AppData\Local\Programs\Python\Python312\Lib\site-packages\sklearn\utils\validation.py:2749: UserWarning: X does not have valid feature names, but LinearRegression was fitted with feature names
  warnings.warn(
[07/Apr/2026 14:28:18] "GET /status/marketplaces/ HTTP/1.1" 200 649
C:\Users\acer\AppData\Local\Programs\Python\Python312\Lib\site-packages\sklearn\utils\validation.py:2749: UserWarning: X does not have valid feature names, but LinearRegression was fitted with feature names
  warnings.warn(
C:\Users\acer\AppData\Local\Programs\Python\Python312\Lib\site-packages\sklearn\utils\validation.py:2749: UserWarning: X does not have valid feature names, but LinearRegression was fitted with feature names
  warnings.warn(
[07/Apr/2026 14:28:21] "GET /status/marketplaces/ HTTP/1.1" 200 649
C:\Users\acer\AppData\Local\Programs\Python\Python312\Lib\site-packages\sklearn\utils\validation.py:2749: UserWarning: X does not have valid feature names, but LinearRegression was fitted with feature names
  warnings.warn(
C:\Users\acer\AppData\Local\Programs\Python\Python312\Lib\site-packages\sklearn\utils\validation.py:2749: UserWarning: X does not have valid feature names, but LinearRegression was fitted with feature names
  warnings.warn(
[07/Apr/2026 14:28:24] "GET /status/marketplaces/ HTTP/1.1" 200 649
C:\Users\acer\AppData\Local\Programs\Python\Python312\Lib\site-packages\sklearn\utils\validation.py:2749: UserWarning: X does not have valid feature names, but LinearRegression was fitted with feature names
  warnings.warn(
C:\Users\acer\AppData\Local\Programs\Python\Python312\Lib\site-packages\sklearn\utils\validation.py:2749: UserWarning: X does not have valid feature names, but LinearRegression was fitted with feature names
  warnings.warn(
[07/Apr/2026 14:28:27] "GET /status/marketplaces/ HTTP/1.1" 200 649
C:\Users\acer\AppData\Local\Programs\Python\Python312\Lib\site-packages\sklearn\utils\validation.py:2749: UserWarning: X does not have valid feature names, but LinearRegression was fitted with feature names
  warnings.warn(
C:\Users\acer\AppData\Local\Programs\Python\Python312\Lib\site-packages\sklearn\utils\validation.py:2749: UserWarning: X does not have valid feature names, but LinearRegression was fitted with feature names
  warnings.warn(
[07/Apr/2026 14:28:30] "GET /status/marketplaces/ HTTP/1.1" 200 649
C:\Users\acer\AppData\Local\Programs\Python\Python312\Lib\site-packages\sklearn\utils\validation.py:2749: UserWarning: X does not have valid feature names, but LinearRegression was fitted with feature names
  warnings.warn(
C:\Users\acer\AppData\Local\Programs\Python\Python312\Lib\site-packages\sklearn\utils\validation.py:2749: UserWarning: X does not have valid feature names, but LinearRegression was fitted with feature names
  warnings.warn(
[07/Apr/2026 14:28:33] "GET /status/marketplaces/ HTTP/1.1" 200 649
C:\Users\acer\AppData\Local\Programs\Python\Python312\Lib\site-packages\sklearn\utils\validation.py:2749: UserWarning: X does not have valid feature names, but LinearRegression was fitted with feature names
  warnings.warn(
C:\Users\acer\AppData\Local\Programs\Python\Python312\Lib\site-packages\sklearn\utils\validation.py:2749: UserWarning: X does not have valid feature names, but LinearRegression was fitted with feature names
  warnings.warn(
[07/Apr/2026 14:28:36] "GET /status/marketplaces/ HTTP/1.1" 200 649
C:\Users\acer\AppData\Local\Programs\Python\Python312\Lib\site-packages\sklearn\utils\validation.py:2749: UserWarning: X does not have valid feature names, but LinearRegression was fitted with feature names
  warnings.warn(
C:\Users\acer\AppData\Local\Programs\Python\Python312\Lib\site-packages\sklearn\utils\validation.py:2749: UserWarning: X does not have valid feature names, but LinearRegression was fitted with feature names
  warnings.warn(
[07/Apr/2026 14:28:39] "GET /status/marketplaces/ HTTP/1.1" 200 649
C:\Users\acer\AppData\Local\Programs\Python\Python312\Lib\site-packages\sklearn\utils\validation.py:2749: UserWarning: X does not have valid feature names, but LinearRegression was fitted with feature names
  warnings.warn(
C:\Users\acer\AppData\Local\Programs\Python\Python312\Lib\site-packages\sklearn\utils\validation.py:2749: UserWarning: X does not have valid feature names, but LinearRegression was fitted with feature names
  warnings.warn(
[07/Apr/2026 14:28:42] "GET /status/marketplaces/ HTTP/1.1" 200 649
C:\Users\acer\AppData\Local\Programs\Python\Python312\Lib\site-packages\sklearn\utils\validation.py:2749: UserWarning: X does not have valid feature names, but LinearRegression was fitted with feature names
  warnings.warn(
C:\Users\acer\AppData\Local\Programs\Python\Python312\Lib\site-packages\sklearn\utils\validation.py:2749: UserWarning: X does not have valid feature names, but LinearRegression was fitted with feature names
  warnings.warn(
[07/Apr/2026 14:28:45] "GET /status/marketplaces/ HTTP/1.1" 200 649
C:\Users\acer\AppData\Local\Programs\Python\Python312\Lib\site-packages\sklearn\utils\validation.py:2749: UserWarning: X does not have valid feature names, but LinearRegression was fitted with feature names
  warnings.warn(
C:\Users\acer\AppData\Local\Programs\Python\Python312\Lib\site-packages\sklearn\utils\validation.py:2749: UserWarning: X does not have valid feature names, but LinearRegression was fitted with feature names
  warnings.warn(
[07/Apr/2026 14:28:48] "GET /status/marketplaces/ HTTP/1.1" 200 649
C:\Users\acer\AppData\Local\Programs\Python\Python312\Lib\site-packages\sklearn\utils\validation.py:2749: UserWarning: X does not have valid feature names, but LinearRegression was fitted with feature names
  warnings.warn(
C:\Users\acer\AppData\Local\Programs\Python\Python312\Lib\site-packages\sklearn\utils\validation.py:2749: UserWarning: X does not have valid feature names, but LinearRegression was fitted with feature names
  warnings.warn(
[07/Apr/2026 14:28:51] "GET /status/marketplaces/ HTTP/1.1" 200 649
C:\Users\acer\AppData\Local\Programs\Python\Python312\Lib\site-packages\sklearn\utils\validation.py:2749: UserWarning: X does not have valid feature names, but LinearRegression was fitted with feature names
  warnings.warn(
C:\Users\acer\AppData\Local\Programs\Python\Python312\Lib\site-packages\sklearn\utils\validation.py:2749: UserWarning: X does not have valid feature names, but LinearRegression was fitted with feature names
  warnings.warn(
[07/Apr/2026 14:28:54] "GET /status/marketplaces/ HTTP/1.1" 200 649
C:\Users\acer\AppData\Local\Programs\Python\Python312\Lib\site-packages\sklearn\utils\validation.py:2749: UserWarning: X does not have valid feature names, but LinearRegression was fitted with feature names
  warnings.warn(
C:\Users\acer\AppData\Local\Programs\Python\Python312\Lib\site-packages\sklearn\utils\validation.py:2749: UserWarning: X does not have valid feature names, but LinearRegression was fitted with feature names
  warnings.warn(
[07/Apr/2026 14:28:57] "GET /status/marketplaces/ HTTP/1.1" 200 649
C:\Users\acer\AppData\Local\Programs\Python\Python312\Lib\site-packages\sklearn\utils\validation.py:2749: UserWarning: X does not have valid feature names, but LinearRegression was fitted with feature names
  warnings.warn(
C:\Users\acer\AppData\Local\Programs\Python\Python312\Lib\site-packages\sklearn\utils\validation.py:2749: UserWarning: X does not have valid feature names, but LinearRegression was fitted with feature names
  warnings.warn(
[07/Apr/2026 14:29:48] "GET /status/marketplaces/ HTTP/1.1" 200 649
C:\Users\acer\AppData\Local\Programs\Python\Python312\Lib\site-packages\sklearn\utils\validation.py:2749: UserWarning: X does not have valid feature names, but LinearRegression was fitted with feature names
  warnings.warn(
C:\Users\acer\AppData\Local\Programs\Python\Python312\Lib\site-packages\sklearn\utils\validation.py:2749: UserWarning: X does not have valid feature names, but LinearRegression was fitted with feature names
  warnings.warn(
[07/Apr/2026 14:29:51] "GET /status/marketplaces/ HTTP/1.1" 200 649
C:\Users\acer\AppData\Local\Programs\Python\Python312\Lib\site-packages\sklearn\utils\validation.py:2749: UserWarning: X does not have valid feature names, but LinearRegression was fitted with feature names
  warnings.warn(
C:\Users\acer\AppData\Local\Programs\Python\Python312\Lib\site-packages\sklearn\utils\validation.py:2749: UserWarning: X does not have valid feature names, but LinearRegression was fitted with feature names
  warnings.warn(
[07/Apr/2026 14:29:54] "GET /status/marketplaces/ HTTP/1.1" 200 649
C:\Users\acer\AppData\Local\Programs\Python\Python312\Lib\site-packages\sklearn\utils\validation.py:2749: UserWarning: X does not have valid feature names, but LinearRegression was fitted with feature names
  warnings.warn(
C:\Users\acer\AppData\Local\Programs\Python\Python312\Lib\site-packages\sklearn\utils\validation.py:2749: UserWarning: X does not have valid feature names, but LinearRegression was fitted with feature names
  warnings.warn(
[07/Apr/2026 14:29:57] "GET /status/marketplaces/ HTTP/1.1" 200 649
C:\Users\acer\AppData\Local\Programs\Python\Python312\Lib\site-packages\sklearn\utils\validation.py:2749: UserWarning: X does not have valid feature names, but LinearRegression was fitted with feature names
  warnings.warn(
C:\Users\acer\AppData\Local\Programs\Python\Python312\Lib\site-packages\sklearn\utils\validation.py:2749: UserWarning: X does not have valid feature names, but LinearRegression was fitted with feature names
  warnings.warn(
[07/Apr/2026 14:30:00] "GET /status/marketplaces/ HTTP/1.1" 200 649
C:\Users\acer\AppData\Local\Programs\Python\Python312\Lib\site-packages\sklearn\utils\validation.py:2749: UserWarning: X does not have valid feature names, but LinearRegression was fitted with feature names
  warnings.warn(
C:\Users\acer\AppData\Local\Programs\Python\Python312\Lib\site-packages\sklearn\utils\validation.py:2749: UserWarning: X does not have valid feature names, but LinearRegression was fitted with feature names
  warnings.warn(
[07/Apr/2026 14:30:03] "GET /status/marketplaces/ HTTP/1.1" 200 649
C:\Users\acer\AppData\Local\Programs\Python\Python312\Lib\site-packages\sklearn\utils\validation.py:2749: UserWarning: X does not have valid feature names, but LinearRegression was fitted with feature names
  warnings.warn(
C:\Users\acer\AppData\Local\Programs\Python\Python312\Lib\site-packages\sklearn\utils\validation.py:2749: UserWarning: X does not have valid feature names, but LinearRegression was fitted with feature names
  warnings.warn(
[07/Apr/2026 14:30:06] "GET /status/marketplaces/ HTTP/1.1" 200 649
C:\Users\acer\AppData\Local\Programs\Python\Python312\Lib\site-packages\sklearn\utils\validation.py:2749: UserWarning: X does not have valid feature names, but LinearRegression was fitted with feature names
  warnings.warn(
C:\Users\acer\AppData\Local\Programs\Python\Python312\Lib\site-packages\sklearn\utils\validation.py:2749: UserWarning: X does not have valid feature names, but LinearRegression was fitted with feature names
  warnings.warn(
[07/Apr/2026 14:30:09] "GET /status/marketplaces/ HTTP/1.1" 200 649
C:\Users\acer\AppData\Local\Programs\Python\Python312\Lib\site-packages\sklearn\utils\validation.py:2749: UserWarning: X does not have valid feature names, but LinearRegression was fitted with feature names
  warnings.warn(
C:\Users\acer\AppData\Local\Programs\Python\Python312\Lib\site-packages\sklearn\utils\validation.py:2749: UserWarning: X does not have valid feature names, but LinearRegression was fitted with feature names
  warnings.warn(
[07/Apr/2026 14:30:12] "GET /status/marketplaces/ HTTP/1.1" 200 649
C:\Users\acer\AppData\Local\Programs\Python\Python312\Lib\site-packages\sklearn\utils\validation.py:2749: UserWarning: X does not have valid feature names, but LinearRegression was fitted with feature names
  warnings.warn(
C:\Users\acer\AppData\Local\Programs\Python\Python312\Lib\site-packages\sklearn\utils\validation.py:2749: UserWarning: X does not have valid feature names, but LinearRegression was fitted with feature names
  warnings.warn(
[07/Apr/2026 14:30:15] "GET /status/marketplaces/ HTTP/1.1" 200 649
C:\Users\acer\AppData\Local\Programs\Python\Python312\Lib\site-packages\sklearn\utils\validation.py:2749: UserWarning: X does not have valid feature names, but LinearRegression was fitted with feature names
  warnings.warn(
C:\Users\acer\AppData\Local\Programs\Python\Python312\Lib\site-packages\sklearn\utils\validation.py:2749: UserWarning: X does not have valid feature names, but LinearRegression was fitted with feature names
  warnings.warn(
[07/Apr/2026 14:30:18] "GET /status/marketplaces/ HTTP/1.1" 200 649
C:\Users\acer\AppData\Local\Programs\Python\Python312\Lib\site-packages\sklearn\utils\validation.py:2749: UserWarning: X does not have valid feature names, but LinearRegression was fitted with feature names
  warnings.warn(
C:\Users\acer\AppData\Local\Programs\Python\Python312\Lib\site-packages\sklearn\utils\validation.py:2749: UserWarning: X does not have valid feature names, but LinearRegression was fitted with feature names
  warnings.warn(
[07/Apr/2026 14:30:21] "GET /status/marketplaces/ HTTP/1.1" 200 649
C:\Users\acer\AppData\Local\Programs\Python\Python312\Lib\site-packages\sklearn\utils\validation.py:2749: UserWarning: X does not have valid feature names, but LinearRegression was fitted with feature names
  warnings.warn(
C:\Users\acer\AppData\Local\Programs\Python\Python312\Lib\site-packages\sklearn\utils\validation.py:2749: UserWarning: X does not have valid feature names, but LinearRegression was fitted with feature names
  warnings.warn(
[07/Apr/2026 14:30:24] "GET /status/marketplaces/ HTTP/1.1" 200 649
C:\Users\acer\AppData\Local\Programs\Python\Python312\Lib\site-packages\sklearn\utils\validation.py:2749: UserWarning: X does not have valid feature names, but LinearRegression was fitted with feature names
  warnings.warn(
C:\Users\acer\AppData\Local\Programs\Python\Python312\Lib\site-packages\sklearn\utils\validation.py:2749: UserWarning: X does not have valid feature names, but LinearRegression was fitted with feature names
  warnings.warn(
[07/Apr/2026 14:30:27] "GET /status/marketplaces/ HTTP/1.1" 200 649
C:\Users\acer\AppData\Local\Programs\Python\Python312\Lib\site-packages\sklearn\utils\validation.py:2749: UserWarning: X does not have valid feature names, but LinearRegression was fitted with feature names
  warnings.warn(
C:\Users\acer\AppData\Local\Programs\Python\Python312\Lib\site-packages\sklearn\utils\validation.py:2749: UserWarning: X does not have valid feature names, but LinearRegression was fitted with feature names
  warnings.warn(
[07/Apr/2026 14:30:30] "GET /status/marketplaces/ HTTP/1.1" 200 649
C:\Users\acer\AppData\Local\Programs\Python\Python312\Lib\site-packages\sklearn\utils\validation.py:2749: UserWarning: X does not have valid feature names, but LinearRegression was fitted with feature names
  warnings.warn(
C:\Users\acer\AppData\Local\Programs\Python\Python312\Lib\site-packages\sklearn\utils\validation.py:2749: UserWarning: X does not have valid feature names, but LinearRegression was fitted with feature names
  warnings.warn(
[07/Apr/2026 14:30:33] "GET /status/marketplaces/ HTTP/1.1" 200 649
C:\Users\acer\AppData\Local\Programs\Python\Python312\Lib\site-packages\sklearn\utils\validation.py:2749: UserWarning: X does not have valid feature names, but LinearRegression was fitted with feature names
  warnings.warn(
C:\Users\acer\AppData\Local\Programs\Python\Python312\Lib\site-packages\sklearn\utils\validation.py:2749: UserWarning: X does not have valid feature names, but LinearRegression was fitted with feature names
  warnings.warn(
[07/Apr/2026 14:30:36] "GET /status/marketplaces/ HTTP/1.1" 200 649
C:\Users\acer\AppData\Local\Programs\Python\Python312\Lib\site-packages\sklearn\utils\validation.py:2749: UserWarning: X does not have valid feature names, but LinearRegression was fitted with feature names
  warnings.warn(
C:\Users\acer\AppData\Local\Programs\Python\Python312\Lib\site-packages\sklearn\utils\validation.py:2749: UserWarning: X does not have valid feature names, but LinearRegression was fitted with feature names
  warnings.warn(
[07/Apr/2026 14:30:39] "GET /status/marketplaces/ HTTP/1.1" 200 649
C:\Users\acer\AppData\Local\Programs\Python\Python312\Lib\site-packages\sklearn\utils\validation.py:2749: UserWarning: X does not have valid feature names, but LinearRegression was fitted with feature names
  warnings.warn(
C:\Users\acer\AppData\Local\Programs\Python\Python312\Lib\site-packages\sklearn\utils\validation.py:2749: UserWarning: X does not have valid feature names, but LinearRegression was fitted with feature names
  warnings.warn(
[07/Apr/2026 14:30:42] "GET /status/marketplaces/ HTTP/1.1" 200 649
C:\Users\acer\AppData\Local\Programs\Python\Python312\Lib\site-packages\sklearn\utils\validation.py:2749: UserWarning: X does not have valid feature names, but LinearRegression was fitted with feature names
  warnings.warn(
C:\Users\acer\AppData\Local\Programs\Python\Python312\Lib\site-packages\sklearn\utils\validation.py:2749: UserWarning: X does not have valid feature names, but LinearRegression was fitted with feature names
  warnings.warn(
[07/Apr/2026 14:30:45] "GET /status/marketplaces/ HTTP/1.1" 200 649
C:\Users\acer\AppData\Local\Programs\Python\Python312\Lib\site-packages\sklearn\utils\validation.py:2749: UserWarning: X does not have valid feature names, but LinearRegression was fitted with feature names
  warnings.warn(
C:\Users\acer\AppData\Local\Programs\Python\Python312\Lib\site-packages\sklearn\utils\validation.py:2749: UserWarning: X does not have valid feature names, but LinearRegression was fitted with feature names
  warnings.warn(
[07/Apr/2026 14:30:48] "GET /status/marketplaces/ HTTP/1.1" 200 649
C:\Users\acer\AppData\Local\Programs\Python\Python312\Lib\site-packages\sklearn\utils\validation.py:2749: UserWarning: X does not have valid feature names, but LinearRegression was fitted with feature names
  warnings.warn(
[07/Apr/2026 14:30:48] "POST /predict/ HTTP/1.1" 200 136
C:\Users\acer\AppData\Local\Programs\Python\Python312\Lib\site-packages\sklearn\utils\validation.py:2749: UserWarning: X does not have valid feature names, but LinearRegression was fitted with feature names
  warnings.warn(
[07/Apr/2026 14:30:48] "POST /predict/marketplace/ HTTP/1.1" 201 317
C:\Users\acer\AppData\Local\Programs\Python\Python312\Lib\site-packages\sklearn\utils\validation.py:2749: UserWarning: X does not have valid feature names, but LinearRegression was fitted with feature names
  warnings.warn(
[07/Apr/2026 14:30:48] "POST /predict/marketplace/ HTTP/1.1" 201 321
C:\Users\acer\AppData\Local\Programs\Python\Python312\Lib\site-packages\sklearn\utils\validation.py:2749: UserWarning: X does not have valid feature names, but LinearRegression was fitted with feature names
  warnings.warn(
C:\Users\acer\AppData\Local\Programs\Python\Python312\Lib\site-packages\sklearn\utils\validation.py:2749: UserWarning: X does not have valid feature names, but LinearRegression was fitted with feature names
  warnings.warn(
[07/Apr/2026 14:30:48] "GET /status/marketplaces/ HTTP/1.1" 200 647
C:\Users\acer\AppData\Local\Programs\Python\Python312\Lib\site-packages\sklearn\utils\validation.py:2749: UserWarning: X does not have valid feature names, but LinearRegression was fitted with feature names
  warnings.warn(
C:\Users\acer\AppData\Local\Programs\Python\Python312\Lib\site-packages\sklearn\utils\validation.py:2749: UserWarning: X does not have valid feature names, but LinearRegression was fitted with feature names
  warnings.warn(
[07/Apr/2026 14:30:51] "GET /status/marketplaces/ HTTP/1.1" 200 647
C:\Users\acer\AppData\Local\Programs\Python\Python312\Lib\site-packages\sklearn\utils\validation.py:2749: UserWarning: X does not have valid feature names, but LinearRegression was fitted with feature names
  warnings.warn(
C:\Users\acer\AppData\Local\Programs\Python\Python312\Lib\site-packages\sklearn\utils\validation.py:2749: UserWarning: X does not have valid feature names, but LinearRegression was fitted with feature names
  warnings.warn(
[07/Apr/2026 14:30:54] "GET /status/marketplaces/ HTTP/1.1" 200 647
C:\Users\acer\AppData\Local\Programs\Python\Python312\Lib\site-packages\sklearn\utils\validation.py:2749: UserWarning: X does not have valid feature names, but LinearRegression was fitted with feature names
  warnings.warn(
C:\Users\acer\AppData\Local\Programs\Python\Python312\Lib\site-packages\sklearn\utils\validation.py:2749: UserWarning: X does not have valid feature names, but LinearRegression was fitted with feature names
  warnings.warn(
[07/Apr/2026 14:30:57] "GET /status/marketplaces/ HTTP/1.1" 200 647
C:\Users\acer\AppData\Local\Programs\Python\Python312\Lib\site-packages\sklearn\utils\validation.py:2749: UserWarning: X does not have valid feature names, but LinearRegression was fitted with feature names
  warnings.warn(
C:\Users\acer\AppData\Local\Programs\Python\Python312\Lib\site-packages\sklearn\utils\validation.py:2749: UserWarning: X does not have valid feature names, but LinearRegression was fitted with feature names
  warnings.warn(
[07/Apr/2026 14:31:00] "GET /status/marketplaces/ HTTP/1.1" 200 647
C:\Users\acer\AppData\Local\Programs\Python\Python312\Lib\site-packages\sklearn\utils\validation.py:2749: UserWarning: X does not have valid feature names, but LinearRegression was fitted with feature names
  warnings.warn(
C:\Users\acer\AppData\Local\Programs\Python\Python312\Lib\site-packages\sklearn\utils\validation.py:2749: UserWarning: X does not have valid feature names, but LinearRegression was fitted with feature names
  warnings.warn(
[07/Apr/2026 14:31:03] "GET /status/marketplaces/ HTTP/1.1" 200 647
C:\Users\acer\AppData\Local\Programs\Python\Python312\Lib\site-packages\sklearn\utils\validation.py:2749: UserWarning: X does not have valid feature names, but LinearRegression was fitted with feature names
  warnings.warn(
C:\Users\acer\AppData\Local\Programs\Python\Python312\Lib\site-packages\sklearn\utils\validation.py:2749: UserWarning: X does not have valid feature names, but LinearRegression was fitted with feature names
  warnings.warn(
[07/Apr/2026 14:31:06] "GET /status/marketplaces/ HTTP/1.1" 200 647
C:\Users\acer\AppData\Local\Programs\Python\Python312\Lib\site-packages\sklearn\utils\validation.py:2749: UserWarning: X does not have valid feature names, but LinearRegression was fitted with feature names
  warnings.warn(
C:\Users\acer\AppData\Local\Programs\Python\Python312\Lib\site-packages\sklearn\utils\validation.py:2749: UserWarning: X does not have valid feature names, but LinearRegression was fitted with feature names
  warnings.warn(
[07/Apr/2026 14:31:09] "GET /status/marketplaces/ HTTP/1.1" 200 647
C:\Users\acer\AppData\Local\Programs\Python\Python312\Lib\site-packages\sklearn\utils\validation.py:2749: UserWarning: X does not have valid feature names, but LinearRegression was fitted with feature names
  warnings.warn(
C:\Users\acer\AppData\Local\Programs\Python\Python312\Lib\site-packages\sklearn\utils\validation.py:2749: UserWarning: X does not have valid feature names, but LinearRegression was fitted with feature names
  warnings.warn(
[07/Apr/2026 14:31:12] "GET /status/marketplaces/ HTTP/1.1" 200 647
C:\Users\acer\AppData\Local\Programs\Python\Python312\Lib\site-packages\sklearn\utils\validation.py:2749: UserWarning: X does not have valid feature names, but LinearRegression was fitted with feature names
  warnings.warn(
C:\Users\acer\AppData\Local\Programs\Python\Python312\Lib\site-packages\sklearn\utils\validation.py:2749: UserWarning: X does not have valid feature names, but LinearRegression was fitted with feature names
  warnings.warn(
[07/Apr/2026 14:31:15] "GET /status/marketplaces/ HTTP/1.1" 200 647
C:\Users\acer\AppData\Local\Programs\Python\Python312\Lib\site-packages\sklearn\utils\validation.py:2749: UserWarning: X does not have valid feature names, but LinearRegression was fitted with feature names
  warnings.warn(
C:\Users\acer\AppData\Local\Programs\Python\Python312\Lib\site-packages\sklearn\utils\validation.py:2749: UserWarning: X does not have valid feature names, but LinearRegression was fitted with feature names
  warnings.warn(
[07/Apr/2026 14:31:18] "GET /status/marketplaces/ HTTP/1.1" 200 647
C:\Users\acer\AppData\Local\Programs\Python\Python312\Lib\site-packages\sklearn\utils\validation.py:2749: UserWarning: X does not have valid feature names, but LinearRegression was fitted with feature names
  warnings.warn(
C:\Users\acer\AppData\Local\Programs\Python\Python312\Lib\site-packages\sklearn\utils\validation.py:2749: UserWarning: X does not have valid feature names, but LinearRegression was fitted with feature names
  warnings.warn(
[07/Apr/2026 14:31:21] "GET /status/marketplaces/ HTTP/1.1" 200 647
C:\Users\acer\AppData\Local\Programs\Python\Python312\Lib\site-packages\sklearn\utils\validation.py:2749: UserWarning: X does not have valid feature names, but LinearRegression was fitted with feature names
  warnings.warn(
[07/Apr/2026 14:31:22] "POST /predict/ HTTP/1.1" 200 137
C:\Users\acer\AppData\Local\Programs\Python\Python312\Lib\site-packages\sklearn\utils\validation.py:2749: UserWarning: X does not have valid feature names, but LinearRegression was fitted with feature names
  warnings.warn(
[07/Apr/2026 14:31:23] "POST /predict/marketplace/ HTTP/1.1" 201 322
C:\Users\acer\AppData\Local\Programs\Python\Python312\Lib\site-packages\sklearn\utils\validation.py:2749: UserWarning: X does not have valid feature names, but LinearRegression was fitted with feature names
  warnings.warn(
[07/Apr/2026 14:31:23] "POST /predict/marketplace/ HTTP/1.1" 201 318
C:\Users\acer\AppData\Local\Programs\Python\Python312\Lib\site-packages\sklearn\utils\validation.py:2749: UserWarning: X does not have valid feature names, but LinearRegression was fitted with feature names
  warnings.warn(
C:\Users\acer\AppData\Local\Programs\Python\Python312\Lib\site-packages\sklearn\utils\validation.py:2749: UserWarning: X does not have valid feature names, but LinearRegression was fitted with feature names
  warnings.warn(
[07/Apr/2026 14:31:23] "GET /status/marketplaces/ HTTP/1.1" 200 643
C:\Users\acer\AppData\Local\Programs\Python\Python312\Lib\site-packages\sklearn\utils\validation.py:2749: UserWarning: X does not have valid feature names, but LinearRegression was fitted with feature names
  warnings.warn(
C:\Users\acer\AppData\Local\Programs\Python\Python312\Lib\site-packages\sklearn\utils\validation.py:2749: UserWarning: X does not have valid feature names, but LinearRegression was fitted with feature names
  warnings.warn(
[07/Apr/2026 14:31:24] "GET /status/marketplaces/ HTTP/1.1" 200 643
C:\Users\acer\AppData\Local\Programs\Python\Python312\Lib\site-packages\sklearn\utils\validation.py:2749: UserWarning: X does not have valid feature names, but LinearRegression was fitted with feature names
  warnings.warn(
C:\Users\acer\AppData\Local\Programs\Python\Python312\Lib\site-packages\sklearn\utils\validation.py:2749: UserWarning: X does not have valid feature names, but LinearRegression was fitted with feature names
  warnings.warn(
[07/Apr/2026 14:31:27] "GET /status/marketplaces/ HTTP/1.1" 200 643
C:\Users\acer\AppData\Local\Programs\Python\Python312\Lib\site-packages\sklearn\utils\validation.py:2749: UserWarning: X does not have valid feature names, but LinearRegression was fitted with feature names
  warnings.warn(
[07/Apr/2026 14:31:27] "POST /predict/ HTTP/1.1" 200 137
C:\Users\acer\AppData\Local\Programs\Python\Python312\Lib\site-packages\sklearn\utils\validation.py:2749: UserWarning: X does not have valid feature names, but LinearRegression was fitted with feature names
  warnings.warn(
[07/Apr/2026 14:31:27] "POST /predict/marketplace/ HTTP/1.1" 201 322
C:\Users\acer\AppData\Local\Programs\Python\Python312\Lib\site-packages\sklearn\utils\validation.py:2749: UserWarning: X does not have valid feature names, but LinearRegression was fitted with feature names
  warnings.warn(
[07/Apr/2026 14:31:27] "POST /predict/marketplace/ HTTP/1.1" 201 318
C:\Users\acer\AppData\Local\Programs\Python\Python312\Lib\site-packages\sklearn\utils\validation.py:2749: UserWarning: X does not have valid feature names, but LinearRegression was fitted with feature names
  warnings.warn(
C:\Users\acer\AppData\Local\Programs\Python\Python312\Lib\site-packages\sklearn\utils\validation.py:2749: UserWarning: X does not have valid feature names, but LinearRegression was fitted with feature names
  warnings.warn(
[07/Apr/2026 14:31:27] "GET /status/marketplaces/ HTTP/1.1" 200 639
C:\Users\acer\AppData\Local\Programs\Python\Python312\Lib\site-packages\sklearn\utils\validation.py:2749: UserWarning: X does not have valid feature names, but LinearRegression was fitted with feature names
  warnings.warn(
C:\Users\acer\AppData\Local\Programs\Python\Python312\Lib\site-packages\sklearn\utils\validation.py:2749: UserWarning: X does not have valid feature names, but LinearRegression was fitted with feature names
  warnings.warn(
[07/Apr/2026 14:31:30] "GET /status/marketplaces/ HTTP/1.1" 200 639
C:\Users\acer\AppData\Local\Programs\Python\Python312\Lib\site-packages\sklearn\utils\validation.py:2749: UserWarning: X does not have valid feature names, but LinearRegression was fitted with feature names
  warnings.warn(
C:\Users\acer\AppData\Local\Programs\Python\Python312\Lib\site-packages\sklearn\utils\validation.py:2749: UserWarning: X does not have valid feature names, but LinearRegression was fitted with feature names
  warnings.warn(
[07/Apr/2026 14:31:33] "GET /status/marketplaces/ HTTP/1.1" 200 639
C:\Users\acer\AppData\Local\Programs\Python\Python312\Lib\site-packages\sklearn\utils\validation.py:2749: UserWarning: X does not have valid feature names, but LinearRegression was fitted with feature names
  warnings.warn(
C:\Users\acer\AppData\Local\Programs\Python\Python312\Lib\site-packages\sklearn\utils\validation.py:2749: UserWarning: X does not have valid feature names, but LinearRegression was fitted with feature names
  warnings.warn(
[07/Apr/2026 14:31:36] "GET /status/marketplaces/ HTTP/1.1" 200 639
C:\Users\acer\AppData\Local\Programs\Python\Python312\Lib\site-packages\sklearn\utils\validation.py:2749: UserWarning: X does not have valid feature names, but LinearRegression was fitted with feature names
  warnings.warn(
C:\Users\acer\AppData\Local\Programs\Python\Python312\Lib\site-packages\sklearn\utils\validation.py:2749: UserWarning: X does not have valid feature names, but LinearRegression was fitted with feature names
  warnings.warn(
[07/Apr/2026 14:31:39] "GET /status/marketplaces/ HTTP/1.1" 200 639
C:\Users\acer\AppData\Local\Programs\Python\Python312\Lib\site-packages\sklearn\utils\validation.py:2749: UserWarning: X does not have valid feature names, but LinearRegression was fitted with feature names
  warnings.warn(
C:\Users\acer\AppData\Local\Programs\Python\Python312\Lib\site-packages\sklearn\utils\validation.py:2749: UserWarning: X does not have valid feature names, but LinearRegression was fitted with feature names
  warnings.warn(
[07/Apr/2026 14:31:42] "GET /status/marketplaces/ HTTP/1.1" 200 639
C:\Users\acer\AppData\Local\Programs\Python\Python312\Lib\site-packages\sklearn\utils\validation.py:2749: UserWarning: X does not have valid feature names, but LinearRegression was fitted with feature names
  warnings.warn(
C:\Users\acer\AppData\Local\Programs\Python\Python312\Lib\site-packages\sklearn\utils\validation.py:2749: UserWarning: X does not have valid feature names, but LinearRegression was fitted with feature names
  warnings.warn(
[07/Apr/2026 14:31:45] "GET /status/marketplaces/ HTTP/1.1" 200 639
C:\Users\acer\AppData\Local\Programs\Python\Python312\Lib\site-packages\sklearn\utils\validation.py:2749: UserWarning: X does not have valid feature names, but LinearRegression was fitted with feature names
  warnings.warn(
C:\Users\acer\AppData\Local\Programs\Python\Python312\Lib\site-packages\sklearn\utils\validation.py:2749: UserWarning: X does not have valid feature names, but LinearRegression was fitted with feature names
  warnings.warn(
[07/Apr/2026 14:31:48] "GET /status/marketplaces/ HTTP/1.1" 200 639
C:\Users\acer\AppData\Local\Programs\Python\Python312\Lib\site-packages\sklearn\utils\validation.py:2749: UserWarning: X does not have valid feature names, but LinearRegression was fitted with feature names
  warnings.warn(
C:\Users\acer\AppData\Local\Programs\Python\Python312\Lib\site-packages\sklearn\utils\validation.py:2749: UserWarning: X does not have valid feature names, but LinearRegression was fitted with feature names
  warnings.warn(
[07/Apr/2026 14:31:51] "GET /status/marketplaces/ HTTP/1.1" 200 639
C:\Users\acer\AppData\Local\Programs\Python\Python312\Lib\site-packages\sklearn\utils\validation.py:2749: UserWarning: X does not have valid feature names, but LinearRegression was fitted with feature names
  warnings.warn(
[07/Apr/2026 14:31:52] "POST /predict/ HTTP/1.1" 200 138
C:\Users\acer\AppData\Local\Programs\Python\Python312\Lib\site-packages\sklearn\utils\validation.py:2749: UserWarning: X does not have valid feature names, but LinearRegression was fitted with feature names
  warnings.warn(
[07/Apr/2026 14:31:52] "POST /predict/marketplace/ HTTP/1.1" 201 319
C:\Users\acer\AppData\Local\Programs\Python\Python312\Lib\site-packages\sklearn\utils\validation.py:2749: UserWarning: X does not have valid feature names, but LinearRegression was fitted with feature names
  warnings.warn(
[07/Apr/2026 14:31:52] "POST /predict/marketplace/ HTTP/1.1" 201 323
C:\Users\acer\AppData\Local\Programs\Python\Python312\Lib\site-packages\sklearn\utils\validation.py:2749: UserWarning: X does not have valid feature names, but LinearRegression was fitted with feature names
  warnings.warn(
C:\Users\acer\AppData\Local\Programs\Python\Python312\Lib\site-packages\sklearn\utils\validation.py:2749: UserWarning: X does not have valid feature names, but LinearRegression was fitted with feature names
  warnings.warn(
[07/Apr/2026 14:31:52] "GET /status/marketplaces/ HTTP/1.1" 200 645
C:\Users\acer\AppData\Local\Programs\Python\Python312\Lib\site-packages\sklearn\utils\validation.py:2749: UserWarning: X does not have valid feature names, but LinearRegression was fitted with feature names
  warnings.warn(
C:\Users\acer\AppData\Local\Programs\Python\Python312\Lib\site-packages\sklearn\utils\validation.py:2749: UserWarning: X does not have valid feature names, but LinearRegression was fitted with feature names
  warnings.warn(
[07/Apr/2026 14:31:54] "GET /status/marketplaces/ HTTP/1.1" 200 645
C:\Users\acer\AppData\Local\Programs\Python\Python312\Lib\site-packages\sklearn\utils\validation.py:2749: UserWarning: X does not have valid feature names, but LinearRegression was fitted with feature names
  warnings.warn(
C:\Users\acer\AppData\Local\Programs\Python\Python312\Lib\site-packages\sklearn\utils\validation.py:2749: UserWarning: X does not have valid feature names, but LinearRegression was fitted with feature names
  warnings.warn(
[07/Apr/2026 14:31:57] "GET /status/marketplaces/ HTTP/1.1" 200 645
C:\Users\acer\AppData\Local\Programs\Python\Python312\Lib\site-packages\sklearn\utils\validation.py:2749: UserWarning: X does not have valid feature names, but LinearRegression was fitted with feature names
  warnings.warn(
C:\Users\acer\AppData\Local\Programs\Python\Python312\Lib\site-packages\sklearn\utils\validation.py:2749: UserWarning: X does not have valid feature names, but LinearRegression was fitted with feature names
  warnings.warn(
[07/Apr/2026 14:32:00] "GET /status/marketplaces/ HTTP/1.1" 200 645
C:\Users\acer\AppData\Local\Programs\Python\Python312\Lib\site-packages\sklearn\utils\validation.py:2749: UserWarning: X does not have valid feature names, but LinearRegression was fitted with feature names
  warnings.warn(
C:\Users\acer\AppData\Local\Programs\Python\Python312\Lib\site-packages\sklearn\utils\validation.py:2749: UserWarning: X does not have valid feature names, but LinearRegression was fitted with feature names
  warnings.warn(
[07/Apr/2026 14:32:03] "GET /status/marketplaces/ HTTP/1.1" 200 645
C:\Users\acer\AppData\Local\Programs\Python\Python312\Lib\site-packages\sklearn\utils\validation.py:2749: UserWarning: X does not have valid feature names, but LinearRegression was fitted with feature names
  warnings.warn(
C:\Users\acer\AppData\Local\Programs\Python\Python312\Lib\site-packages\sklearn\utils\validation.py:2749: UserWarning: X does not have valid feature names, but LinearRegression was fitted with feature names
  warnings.warn(
[07/Apr/2026 14:32:06] "GET /status/marketplaces/ HTTP/1.1" 200 645
C:\Users\acer\AppData\Local\Programs\Python\Python312\Lib\site-packages\sklearn\utils\validation.py:2749: UserWarning: X does not have valid feature names, but LinearRegression was fitted with feature names
  warnings.warn(
C:\Users\acer\AppData\Local\Programs\Python\Python312\Lib\site-packages\sklearn\utils\validation.py:2749: UserWarning: X does not have valid feature names, but LinearRegression was fitted with feature names
  warnings.warn(
[07/Apr/2026 14:32:09] "GET /status/marketplaces/ HTTP/1.1" 200 645
C:\Users\acer\AppData\Local\Programs\Python\Python312\Lib\site-packages\sklearn\utils\validation.py:2749: UserWarning: X does not have valid feature names, but LinearRegression was fitted with feature names
  warnings.warn(
C:\Users\acer\AppData\Local\Programs\Python\Python312\Lib\site-packages\sklearn\utils\validation.py:2749: UserWarning: X does not have valid feature names, but LinearRegression was fitted with feature names
  warnings.warn(
[07/Apr/2026 14:32:12] "GET /status/marketplaces/ HTTP/1.1" 200 645
C:\Users\acer\AppData\Local\Programs\Python\Python312\Lib\site-packages\sklearn\utils\validation.py:2749: UserWarning: X does not have valid feature names, but LinearRegression was fitted with feature names
  warnings.warn(
C:\Users\acer\AppData\Local\Programs\Python\Python312\Lib\site-packages\sklearn\utils\validation.py:2749: UserWarning: X does not have valid feature names, but LinearRegression was fitted with feature names
  warnings.warn(
[07/Apr/2026 14:32:15] "GET /status/marketplaces/ HTTP/1.1" 200 645
C:\Users\acer\AppData\Local\Programs\Python\Python312\Lib\site-packages\sklearn\utils\validation.py:2749: UserWarning: X does not have valid feature names, but LinearRegression was fitted with feature names
  warnings.warn(
[07/Apr/2026 14:32:17] "POST /predict/ HTTP/1.1" 200 137
C:\Users\acer\AppData\Local\Programs\Python\Python312\Lib\site-packages\sklearn\utils\validation.py:2749: UserWarning: X does not have valid feature names, but LinearRegression was fitted with feature names
  warnings.warn(
[07/Apr/2026 14:32:17] "POST /predict/marketplace/ HTTP/1.1" 201 322
[07/Apr/2026 14:32:17] "POST /predict/marketplace/ HTTP/1.1" 201 318
C:\Users\acer\AppData\Local\Programs\Python\Python312\Lib\site-packages\sklearn\utils\validation.py:2749: UserWarning: X does not have valid feature names, but LinearRegression was fitted with feature names
  warnings.warn(
C:\Users\acer\AppData\Local\Programs\Python\Python312\Lib\site-packages\sklearn\utils\validation.py:2749: UserWarning: X does not have valid feature names, but LinearRegression was fitted with feature names
  warnings.warn(
[07/Apr/2026 14:32:17] "GET /status/marketplaces/ HTTP/1.1" 200 649
C:\Users\acer\AppData\Local\Programs\Python\Python312\Lib\site-packages\sklearn\utils\validation.py:2749: UserWarning: X does not have valid feature names, but LinearRegression was fitted with feature names
  warnings.warn(
C:\Users\acer\AppData\Local\Programs\Python\Python312\Lib\site-packages\sklearn\utils\validation.py:2749: UserWarning: X does not have valid feature names, but LinearRegression was fitted with feature names
  warnings.warn(
[07/Apr/2026 14:32:18] "GET /status/marketplaces/ HTTP/1.1" 200 649
C:\Users\acer\AppData\Local\Programs\Python\Python312\Lib\site-packages\sklearn\utils\validation.py:2749: UserWarning: X does not have valid feature names, but LinearRegression was fitted with feature names
  warnings.warn(
[07/Apr/2026 14:32:20] "POST /predict/ HTTP/1.1" 200 137
C:\Users\acer\AppData\Local\Programs\Python\Python312\Lib\site-packages\sklearn\utils\validation.py:2749: UserWarning: X does not have valid feature names, but LinearRegression was fitted with feature names
  warnings.warn(
[07/Apr/2026 14:32:20] "POST /predict/marketplace/ HTTP/1.1" 201 318
C:\Users\acer\AppData\Local\Programs\Python\Python312\Lib\site-packages\sklearn\utils\validation.py:2749: UserWarning: X does not have valid feature names, but LinearRegression was fitted with feature names
  warnings.warn(
[07/Apr/2026 14:32:20] "POST /predict/marketplace/ HTTP/1.1" 201 322
C:\Users\acer\AppData\Local\Programs\Python\Python312\Lib\site-packages\sklearn\utils\validation.py:2749: UserWarning: X does not have valid feature names, but LinearRegression was fitted with feature names
  warnings.warn(
C:\Users\acer\AppData\Local\Programs\Python\Python312\Lib\site-packages\sklearn\utils\validation.py:2749: UserWarning: X does not have valid feature names, but LinearRegression was fitted with feature names
  warnings.warn(
[07/Apr/2026 14:32:20] "GET /status/marketplaces/ HTTP/1.1" 200 639
C:\Users\acer\AppData\Local\Programs\Python\Python312\Lib\site-packages\sklearn\utils\validation.py:2749: UserWarning: X does not have valid feature names, but LinearRegression was fitted with feature names
  warnings.warn(
C:\Users\acer\AppData\Local\Programs\Python\Python312\Lib\site-packages\sklearn\utils\validation.py:2749: UserWarning: X does not have valid feature names, but LinearRegression was fitted with feature names
  warnings.warn(
[07/Apr/2026 14:32:21] "GET /status/marketplaces/ HTTP/1.1" 200 639
C:\Users\acer\AppData\Local\Programs\Python\Python312\Lib\site-packages\sklearn\utils\validation.py:2749: UserWarning: X does not have valid feature names, but LinearRegression was fitted with feature names
  warnings.warn(
C:\Users\acer\AppData\Local\Programs\Python\Python312\Lib\site-packages\sklearn\utils\validation.py:2749: UserWarning: X does not have valid feature names, but LinearRegression was fitted with feature names
  warnings.warn(
[07/Apr/2026 14:32:24] "GET /status/marketplaces/ HTTP/1.1" 200 639
C:\Users\acer\AppData\Local\Programs\Python\Python312\Lib\site-packages\sklearn\utils\validation.py:2749: UserWarning: X does not have valid feature names, but LinearRegression was fitted with feature names
  warnings.warn(
[07/Apr/2026 14:32:24] "POST /predict/ HTTP/1.1" 200 137
C:\Users\acer\AppData\Local\Programs\Python\Python312\Lib\site-packages\sklearn\utils\validation.py:2749: UserWarning: X does not have valid feature names, but LinearRegression was fitted with feature names
  warnings.warn(
C:\Users\acer\AppData\Local\Programs\Python\Python312\Lib\site-packages\sklearn\utils\validation.py:2749: UserWarning: X does not have valid feature names, but LinearRegression was fitted with feature names
  warnings.warn(
[07/Apr/2026 14:32:24] "POST /predict/marketplace/ HTTP/1.1" 201 322
[07/Apr/2026 14:32:24] "POST /predict/marketplace/ HTTP/1.1" 201 318
C:\Users\acer\AppData\Local\Programs\Python\Python312\Lib\site-packages\sklearn\utils\validation.py:2749: UserWarning: X does not have valid feature names, but LinearRegression was fitted with feature names
  warnings.warn(
C:\Users\acer\AppData\Local\Programs\Python\Python312\Lib\site-packages\sklearn\utils\validation.py:2749: UserWarning: X does not have valid feature names, but LinearRegression was fitted with feature names
  warnings.warn(
[07/Apr/2026 14:32:24] "GET /status/marketplaces/ HTTP/1.1" 200 639
C:\Users\acer\AppData\Local\Programs\Python\Python312\Lib\site-packages\sklearn\utils\validation.py:2749: UserWarning: X does not have valid feature names, but LinearRegression was fitted with feature names
  warnings.warn(
[07/Apr/2026 14:32:24] "POST /predict/ HTTP/1.1" 200 137
C:\Users\acer\AppData\Local\Programs\Python\Python312\Lib\site-packages\sklearn\utils\validation.py:2749: UserWarning: X does not have valid feature names, but LinearRegression was fitted with feature names
  warnings.warn(
[07/Apr/2026 14:32:24] "POST /predict/marketplace/ HTTP/1.1" 201 322
C:\Users\acer\AppData\Local\Programs\Python\Python312\Lib\site-packages\sklearn\utils\validation.py:2749: UserWarning: X does not have valid feature names, but LinearRegression was fitted with feature names
  warnings.warn(
[07/Apr/2026 14:32:24] "POST /predict/marketplace/ HTTP/1.1" 201 318
C:\Users\acer\AppData\Local\Programs\Python\Python312\Lib\site-packages\sklearn\utils\validation.py:2749: UserWarning: X does not have valid feature names, but LinearRegression was fitted with feature names
  warnings.warn(
C:\Users\acer\AppData\Local\Programs\Python\Python312\Lib\site-packages\sklearn\utils\validation.py:2749: UserWarning: X does not have valid feature names, but LinearRegression was fitted with feature names
  warnings.warn(
[07/Apr/2026 14:32:24] "GET /status/marketplaces/ HTTP/1.1" 200 639
C:\Users\acer\AppData\Local\Programs\Python\Python312\Lib\site-packages\sklearn\utils\validation.py:2749: UserWarning: X does not have valid feature names, but LinearRegression was fitted with feature names
  warnings.warn(
[07/Apr/2026 14:32:24] "POST /predict/ HTTP/1.1" 200 137
C:\Users\acer\AppData\Local\Programs\Python\Python312\Lib\site-packages\sklearn\utils\validation.py:2749: UserWarning: X does not have valid feature names, but LinearRegression was fitted with feature names
  warnings.warn(
[07/Apr/2026 14:32:24] "POST /predict/marketplace/ HTTP/1.1" 201 318
C:\Users\acer\AppData\Local\Programs\Python\Python312\Lib\site-packages\sklearn\utils\validation.py:2749: UserWarning: X does not have valid feature names, but LinearRegression was fitted with feature names
  warnings.warn(
[07/Apr/2026 14:32:24] "POST /predict/marketplace/ HTTP/1.1" 201 322
C:\Users\acer\AppData\Local\Programs\Python\Python312\Lib\site-packages\sklearn\utils\validation.py:2749: UserWarning: X does not have valid feature names, but LinearRegression was fitted with feature names
  warnings.warn(
C:\Users\acer\AppData\Local\Programs\Python\Python312\Lib\site-packages\sklearn\utils\validation.py:2749: UserWarning: X does not have valid feature names, but LinearRegression was fitted with feature names
  warnings.warn(
[07/Apr/2026 14:32:24] "GET /status/marketplaces/ HTTP/1.1" 200 639
C:\Users\acer\AppData\Local\Programs\Python\Python312\Lib\site-packages\sklearn\utils\validation.py:2749: UserWarning: X does not have valid feature names, but LinearRegression was fitted with feature names
  warnings.warn(
[07/Apr/2026 14:32:24] "POST /predict/ HTTP/1.1" 200 137
C:\Users\acer\AppData\Local\Programs\Python\Python312\Lib\site-packages\sklearn\utils\validation.py:2749: UserWarning: X does not have valid feature names, but LinearRegression was fitted with feature names
  warnings.warn(
[07/Apr/2026 14:32:24] "POST /predict/marketplace/ HTTP/1.1" 201 322
C:\Users\acer\AppData\Local\Programs\Python\Python312\Lib\site-packages\sklearn\utils\validation.py:2749: UserWarning: X does not have valid feature names, but LinearRegression was fitted with feature names
  warnings.warn(
[07/Apr/2026 14:32:24] "POST /predict/marketplace/ HTTP/1.1" 201 318
C:\Users\acer\AppData\Local\Programs\Python\Python312\Lib\site-packages\sklearn\utils\validation.py:2749: UserWarning: X does not have valid feature names, but LinearRegression was fitted with feature names
  warnings.warn(
C:\Users\acer\AppData\Local\Programs\Python\Python312\Lib\site-packages\sklearn\utils\validation.py:2749: UserWarning: X does not have valid feature names, but LinearRegression was fitted with feature names
  warnings.warn(
[07/Apr/2026 14:32:24] "GET /status/marketplaces/ HTTP/1.1" 200 639
C:\Users\acer\AppData\Local\Programs\Python\Python312\Lib\site-packages\sklearn\utils\validation.py:2749: UserWarning: X does not have valid feature names, but LinearRegression was fitted with feature names
  warnings.warn(
[07/Apr/2026 14:32:24] "POST /predict/ HTTP/1.1" 200 137
C:\Users\acer\AppData\Local\Programs\Python\Python312\Lib\site-packages\sklearn\utils\validation.py:2749: UserWarning: X does not have valid feature names, but LinearRegression was fitted with feature names
  warnings.warn(
[07/Apr/2026 14:32:24] "POST /predict/marketplace/ HTTP/1.1" 201 318
C:\Users\acer\AppData\Local\Programs\Python\Python312\Lib\site-packages\sklearn\utils\validation.py:2749: UserWarning: X does not have valid feature names, but LinearRegression was fitted with feature names
  warnings.warn(
[07/Apr/2026 14:32:24] "POST /predict/marketplace/ HTTP/1.1" 201 322
C:\Users\acer\AppData\Local\Programs\Python\Python312\Lib\site-packages\sklearn\utils\validation.py:2749: UserWarning: X does not have valid feature names, but LinearRegression was fitted with feature names
  warnings.warn(
C:\Users\acer\AppData\Local\Programs\Python\Python312\Lib\site-packages\sklearn\utils\validation.py:2749: UserWarning: X does not have valid feature names, but LinearRegression was fitted with feature names
  warnings.warn(
[07/Apr/2026 14:32:24] "GET /status/marketplaces/ HTTP/1.1" 200 639
C:\Users\acer\AppData\Local\Programs\Python\Python312\Lib\site-packages\sklearn\utils\validation.py:2749: UserWarning: X does not have valid feature names, but LinearRegression was fitted with feature names
  warnings.warn(
[07/Apr/2026 14:32:24] "POST /predict/ HTTP/1.1" 200 137
C:\Users\acer\AppData\Local\Programs\Python\Python312\Lib\site-packages\sklearn\utils\validation.py:2749: UserWarning: X does not have valid feature names, but LinearRegression was fitted with feature names
  warnings.warn(
[07/Apr/2026 14:32:24] "POST /predict/marketplace/ HTTP/1.1" 201 318
C:\Users\acer\AppData\Local\Programs\Python\Python312\Lib\site-packages\sklearn\utils\validation.py:2749: UserWarning: X does not have valid feature names, but LinearRegression was fitted with feature names
  warnings.warn(
[07/Apr/2026 14:32:24] "POST /predict/marketplace/ HTTP/1.1" 201 322
C:\Users\acer\AppData\Local\Programs\Python\Python312\Lib\site-packages\sklearn\utils\validation.py:2749: UserWarning: X does not have valid feature names, but LinearRegression was fitted with feature names
  warnings.warn(
C:\Users\acer\AppData\Local\Programs\Python\Python312\Lib\site-packages\sklearn\utils\validation.py:2749: UserWarning: X does not have valid feature names, but LinearRegression was fitted with feature names
  warnings.warn(
[07/Apr/2026 14:32:24] "GET /status/marketplaces/ HTTP/1.1" 200 639
C:\Users\acer\AppData\Local\Programs\Python\Python312\Lib\site-packages\sklearn\utils\validation.py:2749: UserWarning: X does not have valid feature names, but LinearRegression was fitted with feature names
  warnings.warn(
[07/Apr/2026 14:32:24] "POST /predict/ HTTP/1.1" 200 137
C:\Users\acer\AppData\Local\Programs\Python\Python312\Lib\site-packages\sklearn\utils\validation.py:2749: UserWarning: X does not have valid feature names, but LinearRegression was fitted with feature names
  warnings.warn(
C:\Users\acer\AppData\Local\Programs\Python\Python312\Lib\site-packages\sklearn\utils\validation.py:2749: UserWarning: X does not have valid feature names, but LinearRegression was fitted with feature names
  warnings.warn(
[07/Apr/2026 14:32:24] "POST /predict/marketplace/ HTTP/1.1" 201 318
[07/Apr/2026 14:32:24] "POST /predict/marketplace/ HTTP/1.1" 201 322
C:\Users\acer\AppData\Local\Programs\Python\Python312\Lib\site-packages\sklearn\utils\validation.py:2749: UserWarning: X does not have valid feature names, but LinearRegression was fitted with feature names
  warnings.warn(
C:\Users\acer\AppData\Local\Programs\Python\Python312\Lib\site-packages\sklearn\utils\validation.py:2749: UserWarning: X does not have valid feature names, but LinearRegression was fitted with feature names
  warnings.warn(
[07/Apr/2026 14:32:24] "GET /status/marketplaces/ HTTP/1.1" 200 639
C:\Users\acer\AppData\Local\Programs\Python\Python312\Lib\site-packages\sklearn\utils\validation.py:2749: UserWarning: X does not have valid feature names, but LinearRegression was fitted with feature names
  warnings.warn(
[07/Apr/2026 14:32:24] "POST /predict/ HTTP/1.1" 200 137
C:\Users\acer\AppData\Local\Programs\Python\Python312\Lib\site-packages\sklearn\utils\validation.py:2749: UserWarning: X does not have valid feature names, but LinearRegression was fitted with feature names
  warnings.warn(
C:\Users\acer\AppData\Local\Programs\Python\Python312\Lib\site-packages\sklearn\utils\validation.py:2749: UserWarning: X does not have valid feature names, but LinearRegression was fitted with feature names
  warnings.warn(
[07/Apr/2026 14:32:25] "POST /predict/marketplace/ HTTP/1.1" 201 318
[07/Apr/2026 14:32:25] "POST /predict/marketplace/ HTTP/1.1" 201 322
C:\Users\acer\AppData\Local\Programs\Python\Python312\Lib\site-packages\sklearn\utils\validation.py:2749: UserWarning: X does not have valid feature names, but LinearRegression was fitted with feature names
  warnings.warn(
C:\Users\acer\AppData\Local\Programs\Python\Python312\Lib\site-packages\sklearn\utils\validation.py:2749: UserWarning: X does not have valid feature names, but LinearRegression was fitted with feature names
  warnings.warn(
[07/Apr/2026 14:32:25] "GET /status/marketplaces/ HTTP/1.1" 200 639
C:\Users\acer\AppData\Local\Programs\Python\Python312\Lib\site-packages\sklearn\utils\validation.py:2749: UserWarning: X does not have valid feature names, but LinearRegression was fitted with feature names
  warnings.warn(
[07/Apr/2026 14:32:25] "POST /predict/ HTTP/1.1" 200 137
C:\Users\acer\AppData\Local\Programs\Python\Python312\Lib\site-packages\sklearn\utils\validation.py:2749: UserWarning: X does not have valid feature names, but LinearRegression was fitted with feature names
  warnings.warn(
[07/Apr/2026 14:32:25] "POST /predict/marketplace/ HTTP/1.1" 201 322
C:\Users\acer\AppData\Local\Programs\Python\Python312\Lib\site-packages\sklearn\utils\validation.py:2749: UserWarning: X does not have valid feature names, but LinearRegression was fitted with feature names
  warnings.warn(
[07/Apr/2026 14:32:25] "POST /predict/marketplace/ HTTP/1.1" 201 318
C:\Users\acer\AppData\Local\Programs\Python\Python312\Lib\site-packages\sklearn\utils\validation.py:2749: UserWarning: X does not have valid feature names, but LinearRegression was fitted with feature names
  warnings.warn(
C:\Users\acer\AppData\Local\Programs\Python\Python312\Lib\site-packages\sklearn\utils\validation.py:2749: UserWarning: X does not have valid feature names, but LinearRegression was fitted with feature names
  warnings.warn(
[07/Apr/2026 14:32:25] "GET /status/marketplaces/ HTTP/1.1" 200 639
C:\Users\acer\AppData\Local\Programs\Python\Python312\Lib\site-packages\sklearn\utils\validation.py:2749: UserWarning: X does not have valid feature names, but LinearRegression was fitted with feature names
  warnings.warn(
[07/Apr/2026 14:32:25] "POST /predict/ HTTP/1.1" 200 137
C:\Users\acer\AppData\Local\Programs\Python\Python312\Lib\site-packages\sklearn\utils\validation.py:2749: UserWarning: X does not have valid feature names, but LinearRegression was fitted with feature names
  warnings.warn(
[07/Apr/2026 14:32:25] "POST /predict/marketplace/ HTTP/1.1" 201 322
C:\Users\acer\AppData\Local\Programs\Python\Python312\Lib\site-packages\sklearn\utils\validation.py:2749: UserWarning: X does not have valid feature names, but LinearRegression was fitted with feature names
  warnings.warn(
[07/Apr/2026 14:32:25] "POST /predict/marketplace/ HTTP/1.1" 201 318
C:\Users\acer\AppData\Local\Programs\Python\Python312\Lib\site-packages\sklearn\utils\validation.py:2749: UserWarning: X does not have valid feature names, but LinearRegression was fitted with feature names
  warnings.warn(
C:\Users\acer\AppData\Local\Programs\Python\Python312\Lib\site-packages\sklearn\utils\validation.py:2749: UserWarning: X does not have valid feature names, but LinearRegression was fitted with feature names
  warnings.warn(
[07/Apr/2026 14:32:25] "GET /status/marketplaces/ HTTP/1.1" 200 639
C:\Users\acer\AppData\Local\Programs\Python\Python312\Lib\site-packages\sklearn\utils\validation.py:2749: UserWarning: X does not have valid feature names, but LinearRegression was fitted with feature names
  warnings.warn(
[07/Apr/2026 14:32:25] "POST /predict/ HTTP/1.1" 200 137
C:\Users\acer\AppData\Local\Programs\Python\Python312\Lib\site-packages\sklearn\utils\validation.py:2749: UserWarning: X does not have valid feature names, but LinearRegression was fitted with feature names
  warnings.warn(
[07/Apr/2026 14:32:25] "POST /predict/marketplace/ HTTP/1.1" 201 322
C:\Users\acer\AppData\Local\Programs\Python\Python312\Lib\site-packages\sklearn\utils\validation.py:2749: UserWarning: X does not have valid feature names, but LinearRegression was fitted with feature names
  warnings.warn(
[07/Apr/2026 14:32:25] "POST /predict/marketplace/ HTTP/1.1" 201 318
C:\Users\acer\AppData\Local\Programs\Python\Python312\Lib\site-packages\sklearn\utils\validation.py:2749: UserWarning: X does not have valid feature names, but LinearRegression was fitted with feature names
  warnings.warn(
C:\Users\acer\AppData\Local\Programs\Python\Python312\Lib\site-packages\sklearn\utils\validation.py:2749: UserWarning: X does not have valid feature names, but LinearRegression was fitted with feature names
  warnings.warn(
[07/Apr/2026 14:32:25] "GET /status/marketplaces/ HTTP/1.1" 200 639
C:\Users\acer\AppData\Local\Programs\Python\Python312\Lib\site-packages\sklearn\utils\validation.py:2749: UserWarning: X does not have valid feature names, but LinearRegression was fitted with feature names
  warnings.warn(
[07/Apr/2026 14:32:25] "POST /predict/ HTTP/1.1" 200 137
C:\Users\acer\AppData\Local\Programs\Python\Python312\Lib\site-packages\sklearn\utils\validation.py:2749: UserWarning: X does not have valid feature names, but LinearRegression was fitted with feature names
  warnings.warn(
[07/Apr/2026 14:32:25] "POST /predict/marketplace/ HTTP/1.1" 201 318
C:\Users\acer\AppData\Local\Programs\Python\Python312\Lib\site-packages\sklearn\utils\validation.py:2749: UserWarning: X does not have valid feature names, but LinearRegression was fitted with feature names
  warnings.warn(
[07/Apr/2026 14:32:25] "POST /predict/marketplace/ HTTP/1.1" 201 322
C:\Users\acer\AppData\Local\Programs\Python\Python312\Lib\site-packages\sklearn\utils\validation.py:2749: UserWarning: X does not have valid feature names, but LinearRegression was fitted with feature names
  warnings.warn(
C:\Users\acer\AppData\Local\Programs\Python\Python312\Lib\site-packages\sklearn\utils\validation.py:2749: UserWarning: X does not have valid feature names, but LinearRegression was fitted with feature names
  warnings.warn(
[07/Apr/2026 14:32:25] "GET /status/marketplaces/ HTTP/1.1" 200 639
C:\Users\acer\AppData\Local\Programs\Python\Python312\Lib\site-packages\sklearn\utils\validation.py:2749: UserWarning: X does not have valid feature names, but LinearRegression was fitted with feature names
  warnings.warn(
[07/Apr/2026 14:32:25] "POST /predict/ HTTP/1.1" 200 137
C:\Users\acer\AppData\Local\Programs\Python\Python312\Lib\site-packages\sklearn\utils\validation.py:2749: UserWarning: X does not have valid feature names, but LinearRegression was fitted with feature names
  warnings.warn(
C:\Users\acer\AppData\Local\Programs\Python\Python312\Lib\site-packages\sklearn\utils\validation.py:2749: UserWarning: X does not have valid feature names, but LinearRegression was fitted with feature names
  warnings.warn(
[07/Apr/2026 14:32:25] "POST /predict/marketplace/ HTTP/1.1" 201 322
[07/Apr/2026 14:32:25] "POST /predict/marketplace/ HTTP/1.1" 201 318
C:\Users\acer\AppData\Local\Programs\Python\Python312\Lib\site-packages\sklearn\utils\validation.py:2749: UserWarning: X does not have valid feature names, but LinearRegression was fitted with feature names
  warnings.warn(
C:\Users\acer\AppData\Local\Programs\Python\Python312\Lib\site-packages\sklearn\utils\validation.py:2749: UserWarning: X does not have valid feature names, but LinearRegression was fitted with feature names
  warnings.warn(
[07/Apr/2026 14:32:25] "GET /status/marketplaces/ HTTP/1.1" 200 639
C:\Users\acer\AppData\Local\Programs\Python\Python312\Lib\site-packages\sklearn\utils\validation.py:2749: UserWarning: X does not have valid feature names, but LinearRegression was fitted with feature names
  warnings.warn(
[07/Apr/2026 14:32:25] "POST /predict/ HTTP/1.1" 200 137
C:\Users\acer\AppData\Local\Programs\Python\Python312\Lib\site-packages\sklearn\utils\validation.py:2749: UserWarning: X does not have valid feature names, but LinearRegression was fitted with feature names
  warnings.warn(
[07/Apr/2026 14:32:25] "POST /predict/marketplace/ HTTP/1.1" 201 322
C:\Users\acer\AppData\Local\Programs\Python\Python312\Lib\site-packages\sklearn\utils\validation.py:2749: UserWarning: X does not have valid feature names, but LinearRegression was fitted with feature names
  warnings.warn(
[07/Apr/2026 14:32:25] "POST /predict/marketplace/ HTTP/1.1" 201 318
C:\Users\acer\AppData\Local\Programs\Python\Python312\Lib\site-packages\sklearn\utils\validation.py:2749: UserWarning: X does not have valid feature names, but LinearRegression was fitted with feature names
  warnings.warn(
C:\Users\acer\AppData\Local\Programs\Python\Python312\Lib\site-packages\sklearn\utils\validation.py:2749: UserWarning: X does not have valid feature names, but LinearRegression was fitted with feature names
  warnings.warn(
[07/Apr/2026 14:32:25] "GET /status/marketplaces/ HTTP/1.1" 200 639
C:\Users\acer\AppData\Local\Programs\Python\Python312\Lib\site-packages\sklearn\utils\validation.py:2749: UserWarning: X does not have valid feature names, but LinearRegression was fitted with feature names
  warnings.warn(
[07/Apr/2026 14:32:25] "POST /predict/ HTTP/1.1" 200 137
C:\Users\acer\AppData\Local\Programs\Python\Python312\Lib\site-packages\sklearn\utils\validation.py:2749: UserWarning: X does not have valid feature names, but LinearRegression was fitted with feature names
  warnings.warn(
[07/Apr/2026 14:32:25] "POST /predict/marketplace/ HTTP/1.1" 201 318
C:\Users\acer\AppData\Local\Programs\Python\Python312\Lib\site-packages\sklearn\utils\validation.py:2749: UserWarning: X does not have valid feature names, but LinearRegression was fitted with feature names
  warnings.warn(
[07/Apr/2026 14:32:25] "POST /predict/marketplace/ HTTP/1.1" 201 322
C:\Users\acer\AppData\Local\Programs\Python\Python312\Lib\site-packages\sklearn\utils\validation.py:2749: UserWarning: X does not have valid feature names, but LinearRegression was fitted with feature names
  warnings.warn(
C:\Users\acer\AppData\Local\Programs\Python\Python312\Lib\site-packages\sklearn\utils\validation.py:2749: UserWarning: X does not have valid feature names, but LinearRegression was fitted with feature names
  warnings.warn(
[07/Apr/2026 14:32:25] "GET /status/marketplaces/ HTTP/1.1" 200 639
C:\Users\acer\AppData\Local\Programs\Python\Python312\Lib\site-packages\sklearn\utils\validation.py:2749: UserWarning: X does not have valid feature names, but LinearRegression was fitted with feature names
  warnings.warn(
[07/Apr/2026 14:32:25] "POST /predict/ HTTP/1.1" 200 137
C:\Users\acer\AppData\Local\Programs\Python\Python312\Lib\site-packages\sklearn\utils\validation.py:2749: UserWarning: X does not have valid feature names, but LinearRegression was fitted with feature names
  warnings.warn(
[07/Apr/2026 14:32:25] "POST /predict/marketplace/ HTTP/1.1" 201 318
C:\Users\acer\AppData\Local\Programs\Python\Python312\Lib\site-packages\sklearn\utils\validation.py:2749: UserWarning: X does not have valid feature names, but LinearRegression was fitted with feature names
  warnings.warn(
[07/Apr/2026 14:32:25] "POST /predict/marketplace/ HTTP/1.1" 201 322
C:\Users\acer\AppData\Local\Programs\Python\Python312\Lib\site-packages\sklearn\utils\validation.py:2749: UserWarning: X does not have valid feature names, but LinearRegression was fitted with feature names
  warnings.warn(
C:\Users\acer\AppData\Local\Programs\Python\Python312\Lib\site-packages\sklearn\utils\validation.py:2749: UserWarning: X does not have valid feature names, but LinearRegression was fitted with feature names
  warnings.warn(
[07/Apr/2026 14:32:25] "GET /status/marketplaces/ HTTP/1.1" 200 639
C:\Users\acer\AppData\Local\Programs\Python\Python312\Lib\site-packages\sklearn\utils\validation.py:2749: UserWarning: X does not have valid feature names, but LinearRegression was fitted with feature names
  warnings.warn(
[07/Apr/2026 14:32:25] "POST /predict/ HTTP/1.1" 200 137
C:\Users\acer\AppData\Local\Programs\Python\Python312\Lib\site-packages\sklearn\utils\validation.py:2749: UserWarning: X does not have valid feature names, but LinearRegression was fitted with feature names
  warnings.warn(
[07/Apr/2026 14:32:26] "POST /predict/marketplace/ HTTP/1.1" 201 322
C:\Users\acer\AppData\Local\Programs\Python\Python312\Lib\site-packages\sklearn\utils\validation.py:2749: UserWarning: X does not have valid feature names, but LinearRegression was fitted with feature names
  warnings.warn(
[07/Apr/2026 14:32:26] "POST /predict/marketplace/ HTTP/1.1" 201 318
C:\Users\acer\AppData\Local\Programs\Python\Python312\Lib\site-packages\sklearn\utils\validation.py:2749: UserWarning: X does not have valid feature names, but LinearRegression was fitted with feature names
  warnings.warn(
C:\Users\acer\AppData\Local\Programs\Python\Python312\Lib\site-packages\sklearn\utils\validation.py:2749: UserWarning: X does not have valid feature names, but LinearRegression was fitted with feature names
  warnings.warn(
[07/Apr/2026 14:32:26] "GET /status/marketplaces/ HTTP/1.1" 200 639
C:\Users\acer\AppData\Local\Programs\Python\Python312\Lib\site-packages\sklearn\utils\validation.py:2749: UserWarning: X does not have valid feature names, but LinearRegression was fitted with feature names
  warnings.warn(
[07/Apr/2026 14:32:26] "POST /predict/ HTTP/1.1" 200 137
C:\Users\acer\AppData\Local\Programs\Python\Python312\Lib\site-packages\sklearn\utils\validation.py:2749: UserWarning: X does not have valid feature names, but LinearRegression was fitted with feature names
  warnings.warn(
[07/Apr/2026 14:32:26] "POST /predict/marketplace/ HTTP/1.1" 201 318
C:\Users\acer\AppData\Local\Programs\Python\Python312\Lib\site-packages\sklearn\utils\validation.py:2749: UserWarning: X does not have valid feature names, but LinearRegression was fitted with feature names
  warnings.warn(
[07/Apr/2026 14:32:26] "POST /predict/marketplace/ HTTP/1.1" 201 322
C:\Users\acer\AppData\Local\Programs\Python\Python312\Lib\site-packages\sklearn\utils\validation.py:2749: UserWarning: X does not have valid feature names, but LinearRegression was fitted with feature names
  warnings.warn(
C:\Users\acer\AppData\Local\Programs\Python\Python312\Lib\site-packages\sklearn\utils\validation.py:2749: UserWarning: X does not have valid feature names, but LinearRegression was fitted with feature names
  warnings.warn(
[07/Apr/2026 14:32:26] "GET /status/marketplaces/ HTTP/1.1" 200 639
C:\Users\acer\AppData\Local\Programs\Python\Python312\Lib\site-packages\sklearn\utils\validation.py:2749: UserWarning: X does not have valid feature names, but LinearRegression was fitted with feature names
  warnings.warn(
[07/Apr/2026 14:32:26] "POST /predict/ HTTP/1.1" 200 137
C:\Users\acer\AppData\Local\Programs\Python\Python312\Lib\site-packages\sklearn\utils\validation.py:2749: UserWarning: X does not have valid feature names, but LinearRegression was fitted with feature names
  warnings.warn(
[07/Apr/2026 14:32:26] "POST /predict/marketplace/ HTTP/1.1" 201 318
C:\Users\acer\AppData\Local\Programs\Python\Python312\Lib\site-packages\sklearn\utils\validation.py:2749: UserWarning: X does not have valid feature names, but LinearRegression was fitted with feature names
  warnings.warn(
[07/Apr/2026 14:32:26] "POST /predict/marketplace/ HTTP/1.1" 201 322
C:\Users\acer\AppData\Local\Programs\Python\Python312\Lib\site-packages\sklearn\utils\validation.py:2749: UserWarning: X does not have valid feature names, but LinearRegression was fitted with feature names
  warnings.warn(
C:\Users\acer\AppData\Local\Programs\Python\Python312\Lib\site-packages\sklearn\utils\validation.py:2749: UserWarning: X does not have valid feature names, but LinearRegression was fitted with feature names
  warnings.warn(
[07/Apr/2026 14:32:26] "GET /status/marketplaces/ HTTP/1.1" 200 639
C:\Users\acer\AppData\Local\Programs\Python\Python312\Lib\site-packages\sklearn\utils\validation.py:2749: UserWarning: X does not have valid feature names, but LinearRegression was fitted with feature names
  warnings.warn(
[07/Apr/2026 14:32:26] "POST /predict/ HTTP/1.1" 200 137
C:\Users\acer\AppData\Local\Programs\Python\Python312\Lib\site-packages\sklearn\utils\validation.py:2749: UserWarning: X does not have valid feature names, but LinearRegression was fitted with feature names
  warnings.warn(
C:\Users\acer\AppData\Local\Programs\Python\Python312\Lib\site-packages\sklearn\utils\validation.py:2749: UserWarning: X does not have valid feature names, but LinearRegression was fitted with feature names
  warnings.warn(
[07/Apr/2026 14:32:26] "POST /predict/marketplace/ HTTP/1.1" 201 322
[07/Apr/2026 14:32:26] "POST /predict/marketplace/ HTTP/1.1" 201 318
C:\Users\acer\AppData\Local\Programs\Python\Python312\Lib\site-packages\sklearn\utils\validation.py:2749: UserWarning: X does not have valid feature names, but LinearRegression was fitted with feature names
  warnings.warn(
C:\Users\acer\AppData\Local\Programs\Python\Python312\Lib\site-packages\sklearn\utils\validation.py:2749: UserWarning: X does not have valid feature names, but LinearRegression was fitted with feature names
  warnings.warn(
[07/Apr/2026 14:32:26] "GET /status/marketplaces/ HTTP/1.1" 200 639
C:\Users\acer\AppData\Local\Programs\Python\Python312\Lib\site-packages\sklearn\utils\validation.py:2749: UserWarning: X does not have valid feature names, but LinearRegression was fitted with feature names
  warnings.warn(
[07/Apr/2026 14:32:26] "POST /predict/ HTTP/1.1" 200 137
C:\Users\acer\AppData\Local\Programs\Python\Python312\Lib\site-packages\sklearn\utils\validation.py:2749: UserWarning: X does not have valid feature names, but LinearRegression was fitted with feature names
  warnings.warn(
[07/Apr/2026 14:32:26] "POST /predict/marketplace/ HTTP/1.1" 201 322
C:\Users\acer\AppData\Local\Programs\Python\Python312\Lib\site-packages\sklearn\utils\validation.py:2749: UserWarning: X does not have valid feature names, but LinearRegression was fitted with feature names
  warnings.warn(
[07/Apr/2026 14:32:26] "POST /predict/marketplace/ HTTP/1.1" 201 318
C:\Users\acer\AppData\Local\Programs\Python\Python312\Lib\site-packages\sklearn\utils\validation.py:2749: UserWarning: X does not have valid feature names, but LinearRegression was fitted with feature names
  warnings.warn(
C:\Users\acer\AppData\Local\Programs\Python\Python312\Lib\site-packages\sklearn\utils\validation.py:2749: UserWarning: X does not have valid feature names, but LinearRegression was fitted with feature names
  warnings.warn(
[07/Apr/2026 14:32:26] "GET /status/marketplaces/ HTTP/1.1" 200 639
C:\Users\acer\AppData\Local\Programs\Python\Python312\Lib\site-packages\sklearn\utils\validation.py:2749: UserWarning: X does not have valid feature names, but LinearRegression was fitted with feature names
  warnings.warn(
[07/Apr/2026 14:32:26] "POST /predict/ HTTP/1.1" 200 137
C:\Users\acer\AppData\Local\Programs\Python\Python312\Lib\site-packages\sklearn\utils\validation.py:2749: UserWarning: X does not have valid feature names, but LinearRegression was fitted with feature names
  warnings.warn(
[07/Apr/2026 14:32:26] "POST /predict/marketplace/ HTTP/1.1" 201 318
C:\Users\acer\AppData\Local\Programs\Python\Python312\Lib\site-packages\sklearn\utils\validation.py:2749: UserWarning: X does not have valid feature names, but LinearRegression was fitted with feature names
  warnings.warn(
[07/Apr/2026 14:32:26] "POST /predict/marketplace/ HTTP/1.1" 201 322
C:\Users\acer\AppData\Local\Programs\Python\Python312\Lib\site-packages\sklearn\utils\validation.py:2749: UserWarning: X does not have valid feature names, but LinearRegression was fitted with feature names
  warnings.warn(
C:\Users\acer\AppData\Local\Programs\Python\Python312\Lib\site-packages\sklearn\utils\validation.py:2749: UserWarning: X does not have valid feature names, but LinearRegression was fitted with feature names
  warnings.warn(
[07/Apr/2026 14:32:26] "GET /status/marketplaces/ HTTP/1.1" 200 639
C:\Users\acer\AppData\Local\Programs\Python\Python312\Lib\site-packages\sklearn\utils\validation.py:2749: UserWarning: X does not have valid feature names, but LinearRegression was fitted with feature names
  warnings.warn(
[07/Apr/2026 14:32:26] "POST /predict/ HTTP/1.1" 200 137
C:\Users\acer\AppData\Local\Programs\Python\Python312\Lib\site-packages\sklearn\utils\validation.py:2749: UserWarning: X does not have valid feature names, but LinearRegression was fitted with feature names
  warnings.warn(
[07/Apr/2026 14:32:26] "POST /predict/marketplace/ HTTP/1.1" 201 318
C:\Users\acer\AppData\Local\Programs\Python\Python312\Lib\site-packages\sklearn\utils\validation.py:2749: UserWarning: X does not have valid feature names, but LinearRegression was fitted with feature names
  warnings.warn(
[07/Apr/2026 14:32:26] "POST /predict/marketplace/ HTTP/1.1" 201 322
C:\Users\acer\AppData\Local\Programs\Python\Python312\Lib\site-packages\sklearn\utils\validation.py:2749: UserWarning: X does not have valid feature names, but LinearRegression was fitted with feature names
  warnings.warn(
C:\Users\acer\AppData\Local\Programs\Python\Python312\Lib\site-packages\sklearn\utils\validation.py:2749: UserWarning: X does not have valid feature names, but LinearRegression was fitted with feature names
  warnings.warn(
[07/Apr/2026 14:32:26] "GET /status/marketplaces/ HTTP/1.1" 200 639
C:\Users\acer\AppData\Local\Programs\Python\Python312\Lib\site-packages\sklearn\utils\validation.py:2749: UserWarning: X does not have valid feature names, but LinearRegression was fitted with feature names
  warnings.warn(
[07/Apr/2026 14:32:26] "POST /predict/ HTTP/1.1" 200 137
C:\Users\acer\AppData\Local\Programs\Python\Python312\Lib\site-packages\sklearn\utils\validation.py:2749: UserWarning: X does not have valid feature names, but LinearRegression was fitted with feature names
  warnings.warn(
[07/Apr/2026 14:32:26] "POST /predict/marketplace/ HTTP/1.1" 201 318
C:\Users\acer\AppData\Local\Programs\Python\Python312\Lib\site-packages\sklearn\utils\validation.py:2749: UserWarning: X does not have valid feature names, but LinearRegression was fitted with feature names
  warnings.warn(
[07/Apr/2026 14:32:26] "POST /predict/marketplace/ HTTP/1.1" 201 322
C:\Users\acer\AppData\Local\Programs\Python\Python312\Lib\site-packages\sklearn\utils\validation.py:2749: UserWarning: X does not have valid feature names, but LinearRegression was fitted with feature names
  warnings.warn(
C:\Users\acer\AppData\Local\Programs\Python\Python312\Lib\site-packages\sklearn\utils\validation.py:2749: UserWarning: X does not have valid feature names, but LinearRegression was fitted with feature names
  warnings.warn(
[07/Apr/2026 14:32:26] "GET /status/marketplaces/ HTTP/1.1" 200 639
C:\Users\acer\AppData\Local\Programs\Python\Python312\Lib\site-packages\sklearn\utils\validation.py:2749: UserWarning: X does not have valid feature names, but LinearRegression was fitted with feature names
  warnings.warn(
[07/Apr/2026 14:32:26] "POST /predict/ HTTP/1.1" 200 137
C:\Users\acer\AppData\Local\Programs\Python\Python312\Lib\site-packages\sklearn\utils\validation.py:2749: UserWarning: X does not have valid feature names, but LinearRegression was fitted with feature names
  warnings.warn(
[07/Apr/2026 14:32:26] "POST /predict/marketplace/ HTTP/1.1" 201 322
C:\Users\acer\AppData\Local\Programs\Python\Python312\Lib\site-packages\sklearn\utils\validation.py:2749: UserWarning: X does not have valid feature names, but LinearRegression was fitted with feature names
  warnings.warn(
[07/Apr/2026 14:32:26] "POST /predict/marketplace/ HTTP/1.1" 201 318
C:\Users\acer\AppData\Local\Programs\Python\Python312\Lib\site-packages\sklearn\utils\validation.py:2749: UserWarning: X does not have valid feature names, but LinearRegression was fitted with feature names
  warnings.warn(
C:\Users\acer\AppData\Local\Programs\Python\Python312\Lib\site-packages\sklearn\utils\validation.py:2749: UserWarning: X does not have valid feature names, but LinearRegression was fitted with feature names
  warnings.warn(
[07/Apr/2026 14:32:26] "GET /status/marketplaces/ HTTP/1.1" 200 639
C:\Users\acer\AppData\Local\Programs\Python\Python312\Lib\site-packages\sklearn\utils\validation.py:2749: UserWarning: X does not have valid feature names, but LinearRegression was fitted with feature names
  warnings.warn(
[07/Apr/2026 14:32:26] "POST /predict/ HTTP/1.1" 200 137
C:\Users\acer\AppData\Local\Programs\Python\Python312\Lib\site-packages\sklearn\utils\validation.py:2749: UserWarning: X does not have valid feature names, but LinearRegression was fitted with feature names
  warnings.warn(
C:\Users\acer\AppData\Local\Programs\Python\Python312\Lib\site-packages\sklearn\utils\validation.py:2749: UserWarning: X does not have valid feature names, but LinearRegression was fitted with feature names
  warnings.warn(
[07/Apr/2026 14:32:26] "POST /predict/marketplace/ HTTP/1.1" 201 318
[07/Apr/2026 14:32:26] "POST /predict/marketplace/ HTTP/1.1" 201 322
C:\Users\acer\AppData\Local\Programs\Python\Python312\Lib\site-packages\sklearn\utils\validation.py:2749: UserWarning: X does not have valid feature names, but LinearRegression was fitted with feature names
  warnings.warn(
C:\Users\acer\AppData\Local\Programs\Python\Python312\Lib\site-packages\sklearn\utils\validation.py:2749: UserWarning: X does not have valid feature names, but LinearRegression was fitted with feature names
  warnings.warn(
[07/Apr/2026 14:32:27] "GET /status/marketplaces/ HTTP/1.1" 200 639
C:\Users\acer\AppData\Local\Programs\Python\Python312\Lib\site-packages\sklearn\utils\validation.py:2749: UserWarning: X does not have valid feature names, but LinearRegression was fitted with feature names
  warnings.warn(
[07/Apr/2026 14:32:27] "POST /predict/ HTTP/1.1" 200 137
C:\Users\acer\AppData\Local\Programs\Python\Python312\Lib\site-packages\sklearn\utils\validation.py:2749: UserWarning: X does not have valid feature names, but LinearRegression was fitted with feature names
  warnings.warn(
C:\Users\acer\AppData\Local\Programs\Python\Python312\Lib\site-packages\sklearn\utils\validation.py:2749: UserWarning: X does not have valid feature names, but LinearRegression was fitted with feature names
  warnings.warn(
[07/Apr/2026 14:32:27] "POST /predict/marketplace/ HTTP/1.1" 201 322
[07/Apr/2026 14:32:27] "POST /predict/marketplace/ HTTP/1.1" 201 318
C:\Users\acer\AppData\Local\Programs\Python\Python312\Lib\site-packages\sklearn\utils\validation.py:2749: UserWarning: X does not have valid feature names, but LinearRegression was fitted with feature names
  warnings.warn(
C:\Users\acer\AppData\Local\Programs\Python\Python312\Lib\site-packages\sklearn\utils\validation.py:2749: UserWarning: X does not have valid feature names, but LinearRegression was fitted with feature names
  warnings.warn(
[07/Apr/2026 14:32:27] "GET /status/marketplaces/ HTTP/1.1" 200 639
C:\Users\acer\AppData\Local\Programs\Python\Python312\Lib\site-packages\sklearn\utils\validation.py:2749: UserWarning: X does not have valid feature names, but LinearRegression was fitted with feature names
  warnings.warn(
[07/Apr/2026 14:32:27] "POST /predict/ HTTP/1.1" 200 137
C:\Users\acer\AppData\Local\Programs\Python\Python312\Lib\site-packages\sklearn\utils\validation.py:2749: UserWarning: X does not have valid feature names, but LinearRegression was fitted with feature names
  warnings.warn(
C:\Users\acer\AppData\Local\Programs\Python\Python312\Lib\site-packages\sklearn\utils\validation.py:2749: UserWarning: X does not have valid feature names, but LinearRegression was fitted with feature names
  warnings.warn(
[07/Apr/2026 14:32:27] "GET /status/marketplaces/ HTTP/1.1" 200 639
C:\Users\acer\AppData\Local\Programs\Python\Python312\Lib\site-packages\sklearn\utils\validation.py:2749: UserWarning: X does not have valid feature names, but LinearRegression was fitted with feature names
  warnings.warn(
[07/Apr/2026 14:32:27] "POST /predict/marketplace/ HTTP/1.1" 201 322
C:\Users\acer\AppData\Local\Programs\Python\Python312\Lib\site-packages\sklearn\utils\validation.py:2749: UserWarning: X does not have valid feature names, but LinearRegression was fitted with feature names
  warnings.warn(
[07/Apr/2026 14:32:27] "POST /predict/marketplace/ HTTP/1.1" 201 318
C:\Users\acer\AppData\Local\Programs\Python\Python312\Lib\site-packages\sklearn\utils\validation.py:2749: UserWarning: X does not have valid feature names, but LinearRegression was fitted with feature names
  warnings.warn(
[07/Apr/2026 14:32:27] "POST /predict/ HTTP/1.1" 200 137
C:\Users\acer\AppData\Local\Programs\Python\Python312\Lib\site-packages\sklearn\utils\validation.py:2749: UserWarning: X does not have valid feature names, but LinearRegression was fitted with feature names
  warnings.warn(
C:\Users\acer\AppData\Local\Programs\Python\Python312\Lib\site-packages\sklearn\utils\validation.py:2749: UserWarning: X does not have valid feature names, but LinearRegression was fitted with feature names
  warnings.warn(
[07/Apr/2026 14:32:27] "GET /status/marketplaces/ HTTP/1.1" 200 639
C:\Users\acer\AppData\Local\Programs\Python\Python312\Lib\site-packages\sklearn\utils\validation.py:2749: UserWarning: X does not have valid feature names, but LinearRegression was fitted with feature names
  warnings.warn(
[07/Apr/2026 14:32:27] "POST /predict/marketplace/ HTTP/1.1" 201 322
C:\Users\acer\AppData\Local\Programs\Python\Python312\Lib\site-packages\sklearn\utils\validation.py:2749: UserWarning: X does not have valid feature names, but LinearRegression was fitted with feature names
  warnings.warn(
[07/Apr/2026 14:32:27] "POST /predict/marketplace/ HTTP/1.1" 201 318
C:\Users\acer\AppData\Local\Programs\Python\Python312\Lib\site-packages\sklearn\utils\validation.py:2749: UserWarning: X does not have valid feature names, but LinearRegression was fitted with feature names
  warnings.warn(
[07/Apr/2026 14:32:27] "POST /predict/ HTTP/1.1" 200 137
C:\Users\acer\AppData\Local\Programs\Python\Python312\Lib\site-packages\sklearn\utils\validation.py:2749: UserWarning: X does not have valid feature names, but LinearRegression was fitted with feature names
  warnings.warn(
C:\Users\acer\AppData\Local\Programs\Python\Python312\Lib\site-packages\sklearn\utils\validation.py:2749: UserWarning: X does not have valid feature names, but LinearRegression was fitted with feature names
  warnings.warn(
[07/Apr/2026 14:32:27] "GET /status/marketplaces/ HTTP/1.1" 200 639
C:\Users\acer\AppData\Local\Programs\Python\Python312\Lib\site-packages\sklearn\utils\validation.py:2749: UserWarning: X does not have valid feature names, but LinearRegression was fitted with feature names
  warnings.warn(
[07/Apr/2026 14:32:27] "POST /predict/marketplace/ HTTP/1.1" 201 322
C:\Users\acer\AppData\Local\Programs\Python\Python312\Lib\site-packages\sklearn\utils\validation.py:2749: UserWarning: X does not have valid feature names, but LinearRegression was fitted with feature names
  warnings.warn(
[07/Apr/2026 14:32:27] "POST /predict/marketplace/ HTTP/1.1" 201 318
C:\Users\acer\AppData\Local\Programs\Python\Python312\Lib\site-packages\sklearn\utils\validation.py:2749: UserWarning: X does not have valid feature names, but LinearRegression was fitted with feature names
  warnings.warn(
[07/Apr/2026 14:32:27] "POST /predict/ HTTP/1.1" 200 137
C:\Users\acer\AppData\Local\Programs\Python\Python312\Lib\site-packages\sklearn\utils\validation.py:2749: UserWarning: X does not have valid feature names, but LinearRegression was fitted with feature names
  warnings.warn(
C:\Users\acer\AppData\Local\Programs\Python\Python312\Lib\site-packages\sklearn\utils\validation.py:2749: UserWarning: X does not have valid feature names, but LinearRegression was fitted with feature names
  warnings.warn(
[07/Apr/2026 14:32:27] "GET /status/marketplaces/ HTTP/1.1" 200 639
C:\Users\acer\AppData\Local\Programs\Python\Python312\Lib\site-packages\sklearn\utils\validation.py:2749: UserWarning: X does not have valid feature names, but LinearRegression was fitted with feature names
  warnings.warn(
C:\Users\acer\AppData\Local\Programs\Python\Python312\Lib\site-packages\sklearn\utils\validation.py:2749: UserWarning: X does not have valid feature names, but LinearRegression was fitted with feature names
  warnings.warn(
[07/Apr/2026 14:32:27] "POST /predict/marketplace/ HTTP/1.1" 201 322
[07/Apr/2026 14:32:27] "POST /predict/marketplace/ HTTP/1.1" 201 318
C:\Users\acer\AppData\Local\Programs\Python\Python312\Lib\site-packages\sklearn\utils\validation.py:2749: UserWarning: X does not have valid feature names, but LinearRegression was fitted with feature names
  warnings.warn(
[07/Apr/2026 14:32:27] "POST /predict/ HTTP/1.1" 200 137
C:\Users\acer\AppData\Local\Programs\Python\Python312\Lib\site-packages\sklearn\utils\validation.py:2749: UserWarning: X does not have valid feature names, but LinearRegression was fitted with feature names
  warnings.warn(
C:\Users\acer\AppData\Local\Programs\Python\Python312\Lib\site-packages\sklearn\utils\validation.py:2749: UserWarning: X does not have valid feature names, but LinearRegression was fitted with feature names
  warnings.warn(
[07/Apr/2026 14:32:27] "GET /status/marketplaces/ HTTP/1.1" 200 639
C:\Users\acer\AppData\Local\Programs\Python\Python312\Lib\site-packages\sklearn\utils\validation.py:2749: UserWarning: X does not have valid feature names, but LinearRegression was fitted with feature names
  warnings.warn(
[07/Apr/2026 14:32:27] "POST /predict/marketplace/ HTTP/1.1" 201 322
C:\Users\acer\AppData\Local\Programs\Python\Python312\Lib\site-packages\sklearn\utils\validation.py:2749: UserWarning: X does not have valid feature names, but LinearRegression was fitted with feature names
  warnings.warn(
[07/Apr/2026 14:32:27] "POST /predict/marketplace/ HTTP/1.1" 201 318
C:\Users\acer\AppData\Local\Programs\Python\Python312\Lib\site-packages\sklearn\utils\validation.py:2749: UserWarning: X does not have valid feature names, but LinearRegression was fitted with feature names
  warnings.warn(
[07/Apr/2026 14:32:27] "POST /predict/ HTTP/1.1" 200 137
C:\Users\acer\AppData\Local\Programs\Python\Python312\Lib\site-packages\sklearn\utils\validation.py:2749: UserWarning: X does not have valid feature names, but LinearRegression was fitted with feature names
  warnings.warn(
C:\Users\acer\AppData\Local\Programs\Python\Python312\Lib\site-packages\sklearn\utils\validation.py:2749: UserWarning: X does not have valid feature names, but LinearRegression was fitted with feature names
  warnings.warn(
[07/Apr/2026 14:32:27] "GET /status/marketplaces/ HTTP/1.1" 200 639
C:\Users\acer\AppData\Local\Programs\Python\Python312\Lib\site-packages\sklearn\utils\validation.py:2749: UserWarning: X does not have valid feature names, but LinearRegression was fitted with feature names
  warnings.warn(
[07/Apr/2026 14:32:27] "POST /predict/marketplace/ HTTP/1.1" 201 322
C:\Users\acer\AppData\Local\Programs\Python\Python312\Lib\site-packages\sklearn\utils\validation.py:2749: UserWarning: X does not have valid feature names, but LinearRegression was fitted with feature names
  warnings.warn(
[07/Apr/2026 14:32:27] "POST /predict/marketplace/ HTTP/1.1" 201 318
C:\Users\acer\AppData\Local\Programs\Python\Python312\Lib\site-packages\sklearn\utils\validation.py:2749: UserWarning: X does not have valid feature names, but LinearRegression was fitted with feature names
  warnings.warn(
[07/Apr/2026 14:32:27] "POST /predict/ HTTP/1.1" 200 137
C:\Users\acer\AppData\Local\Programs\Python\Python312\Lib\site-packages\sklearn\utils\validation.py:2749: UserWarning: X does not have valid feature names, but LinearRegression was fitted with feature names
  warnings.warn(
C:\Users\acer\AppData\Local\Programs\Python\Python312\Lib\site-packages\sklearn\utils\validation.py:2749: UserWarning: X does not have valid feature names, but LinearRegression was fitted with feature names
  warnings.warn(
[07/Apr/2026 14:32:27] "GET /status/marketplaces/ HTTP/1.1" 200 639
C:\Users\acer\AppData\Local\Programs\Python\Python312\Lib\site-packages\sklearn\utils\validation.py:2749: UserWarning: X does not have valid feature names, but LinearRegression was fitted with feature names
  warnings.warn(
[07/Apr/2026 14:32:27] "POST /predict/marketplace/ HTTP/1.1" 201 322
C:\Users\acer\AppData\Local\Programs\Python\Python312\Lib\site-packages\sklearn\utils\validation.py:2749: UserWarning: X does not have valid feature names, but LinearRegression was fitted with feature names
  warnings.warn(
[07/Apr/2026 14:32:27] "POST /predict/marketplace/ HTTP/1.1" 201 318
C:\Users\acer\AppData\Local\Programs\Python\Python312\Lib\site-packages\sklearn\utils\validation.py:2749: UserWarning: X does not have valid feature names, but LinearRegression was fitted with feature names
  warnings.warn(
[07/Apr/2026 14:32:27] "POST /predict/ HTTP/1.1" 200 137
C:\Users\acer\AppData\Local\Programs\Python\Python312\Lib\site-packages\sklearn\utils\validation.py:2749: UserWarning: X does not have valid feature names, but LinearRegression was fitted with feature names
  warnings.warn(
C:\Users\acer\AppData\Local\Programs\Python\Python312\Lib\site-packages\sklearn\utils\validation.py:2749: UserWarning: X does not have valid feature names, but LinearRegression was fitted with feature names
  warnings.warn(
[07/Apr/2026 14:32:27] "POST /predict/marketplace/ HTTP/1.1" 201 318
C:\Users\acer\AppData\Local\Programs\Python\Python312\Lib\site-packages\sklearn\utils\validation.py:2749: UserWarning: X does not have valid feature names, but LinearRegression was fitted with feature names
  warnings.warn(
[07/Apr/2026 14:32:27] "GET /status/marketplaces/ HTTP/1.1" 200 639
[07/Apr/2026 14:32:27] "POST /predict/marketplace/ HTTP/1.1" 201 322
C:\Users\acer\AppData\Local\Programs\Python\Python312\Lib\site-packages\sklearn\utils\validation.py:2749: UserWarning: X does not have valid feature names, but LinearRegression was fitted with feature names
  warnings.warn(
[07/Apr/2026 14:32:27] "POST /predict/ HTTP/1.1" 200 137
C:\Users\acer\AppData\Local\Programs\Python\Python312\Lib\site-packages\sklearn\utils\validation.py:2749: UserWarning: X does not have valid feature names, but LinearRegression was fitted with feature names
  warnings.warn(
C:\Users\acer\AppData\Local\Programs\Python\Python312\Lib\site-packages\sklearn\utils\validation.py:2749: UserWarning: X does not have valid feature names, but LinearRegression was fitted with feature names
  warnings.warn(
[07/Apr/2026 14:32:27] "GET /status/marketplaces/ HTTP/1.1" 200 639
C:\Users\acer\AppData\Local\Programs\Python\Python312\Lib\site-packages\sklearn\utils\validation.py:2749: UserWarning: X does not have valid feature names, but LinearRegression was fitted with feature names
  warnings.warn(
C:\Users\acer\AppData\Local\Programs\Python\Python312\Lib\site-packages\sklearn\utils\validation.py:2749: UserWarning: X does not have valid feature names, but LinearRegression was fitted with feature names
  warnings.warn(
[07/Apr/2026 14:32:27] "POST /predict/marketplace/ HTTP/1.1" 201 318
[07/Apr/2026 14:32:27] "POST /predict/marketplace/ HTTP/1.1" 201 322
C:\Users\acer\AppData\Local\Programs\Python\Python312\Lib\site-packages\sklearn\utils\validation.py:2749: UserWarning: X does not have valid feature names, but LinearRegression was fitted with feature names
  warnings.warn(
[07/Apr/2026 14:32:27] "POST /predict/ HTTP/1.1" 200 137
C:\Users\acer\AppData\Local\Programs\Python\Python312\Lib\site-packages\sklearn\utils\validation.py:2749: UserWarning: X does not have valid feature names, but LinearRegression was fitted with feature names
  warnings.warn(
C:\Users\acer\AppData\Local\Programs\Python\Python312\Lib\site-packages\sklearn\utils\validation.py:2749: UserWarning: X does not have valid feature names, but LinearRegression was fitted with feature names
  warnings.warn(
[07/Apr/2026 14:32:27] "GET /status/marketplaces/ HTTP/1.1" 200 639
C:\Users\acer\AppData\Local\Programs\Python\Python312\Lib\site-packages\sklearn\utils\validation.py:2749: UserWarning: X does not have valid feature names, but LinearRegression was fitted with feature names
  warnings.warn(
[07/Apr/2026 14:32:27] "POST /predict/marketplace/ HTTP/1.1" 201 322
C:\Users\acer\AppData\Local\Programs\Python\Python312\Lib\site-packages\sklearn\utils\validation.py:2749: UserWarning: X does not have valid feature names, but LinearRegression was fitted with feature names
  warnings.warn(
[07/Apr/2026 14:32:27] "POST /predict/marketplace/ HTTP/1.1" 201 318
C:\Users\acer\AppData\Local\Programs\Python\Python312\Lib\site-packages\sklearn\utils\validation.py:2749: UserWarning: X does not have valid feature names, but LinearRegression was fitted with feature names
  warnings.warn(
[07/Apr/2026 14:32:27] "POST /predict/ HTTP/1.1" 200 137
C:\Users\acer\AppData\Local\Programs\Python\Python312\Lib\site-packages\sklearn\utils\validation.py:2749: UserWarning: X does not have valid feature names, but LinearRegression was fitted with feature names
  warnings.warn(
C:\Users\acer\AppData\Local\Programs\Python\Python312\Lib\site-packages\sklearn\utils\validation.py:2749: UserWarning: X does not have valid feature names, but LinearRegression was fitted with feature names
  warnings.warn(
[07/Apr/2026 14:32:27] "GET /status/marketplaces/ HTTP/1.1" 200 639
C:\Users\acer\AppData\Local\Programs\Python\Python312\Lib\site-packages\sklearn\utils\validation.py:2749: UserWarning: X does not have valid feature names, but LinearRegression was fitted with feature names
  warnings.warn(
C:\Users\acer\AppData\Local\Programs\Python\Python312\Lib\site-packages\sklearn\utils\validation.py:2749: UserWarning: X does not have valid feature names, but LinearRegression was fitted with feature names
  warnings.warn(
[07/Apr/2026 14:32:27] "POST /predict/marketplace/ HTTP/1.1" 201 322
[07/Apr/2026 14:32:27] "POST /predict/marketplace/ HTTP/1.1" 201 318
C:\Users\acer\AppData\Local\Programs\Python\Python312\Lib\site-packages\sklearn\utils\validation.py:2749: UserWarning: X does not have valid feature names, but LinearRegression was fitted with feature names
  warnings.warn(
[07/Apr/2026 14:32:27] "POST /predict/ HTTP/1.1" 200 137
C:\Users\acer\AppData\Local\Programs\Python\Python312\Lib\site-packages\sklearn\utils\validation.py:2749: UserWarning: X does not have valid feature names, but LinearRegression was fitted with feature names
  warnings.warn(
C:\Users\acer\AppData\Local\Programs\Python\Python312\Lib\site-packages\sklearn\utils\validation.py:2749: UserWarning: X does not have valid feature names, but LinearRegression was fitted with feature names
  warnings.warn(
[07/Apr/2026 14:32:27] "GET /status/marketplaces/ HTTP/1.1" 200 639
C:\Users\acer\AppData\Local\Programs\Python\Python312\Lib\site-packages\sklearn\utils\validation.py:2749: UserWarning: X does not have valid feature names, but LinearRegression was fitted with feature names
  warnings.warn(
[07/Apr/2026 14:32:28] "POST /predict/marketplace/ HTTP/1.1" 201 318
C:\Users\acer\AppData\Local\Programs\Python\Python312\Lib\site-packages\sklearn\utils\validation.py:2749: UserWarning: X does not have valid feature names, but LinearRegression was fitted with feature names
  warnings.warn(
[07/Apr/2026 14:32:28] "POST /predict/ HTTP/1.1" 200 137
[07/Apr/2026 14:32:28] "POST /predict/marketplace/ HTTP/1.1" 201 322
C:\Users\acer\AppData\Local\Programs\Python\Python312\Lib\site-packages\sklearn\utils\validation.py:2749: UserWarning: X does not have valid feature names, but LinearRegression was fitted with feature names
  warnings.warn(
[07/Apr/2026 14:32:28] "POST /predict/marketplace/ HTTP/1.1" 201 318
C:\Users\acer\AppData\Local\Programs\Python\Python312\Lib\site-packages\sklearn\utils\validation.py:2749: UserWarning: X does not have valid feature names, but LinearRegression was fitted with feature names
  warnings.warn(
C:\Users\acer\AppData\Local\Programs\Python\Python312\Lib\site-packages\sklearn\utils\validation.py:2749: UserWarning: X does not have valid feature names, but LinearRegression was fitted with feature names
  warnings.warn(
[07/Apr/2026 14:32:28] "POST /predict/marketplace/ HTTP/1.1" 201 322
[07/Apr/2026 14:32:28] "GET /status/marketplaces/ HTTP/1.1" 200 639
C:\Users\acer\AppData\Local\Programs\Python\Python312\Lib\site-packages\sklearn\utils\validation.py:2749: UserWarning: X does not have valid feature names, but LinearRegression was fitted with feature names
  warnings.warn(
[07/Apr/2026 14:32:28] "POST /predict/ HTTP/1.1" 200 137
C:\Users\acer\AppData\Local\Programs\Python\Python312\Lib\site-packages\sklearn\utils\validation.py:2749: UserWarning: X does not have valid feature names, but LinearRegression was fitted with feature names
  warnings.warn(
C:\Users\acer\AppData\Local\Programs\Python\Python312\Lib\site-packages\sklearn\utils\validation.py:2749: UserWarning: X does not have valid feature names, but LinearRegression was fitted with feature names
  warnings.warn(
[07/Apr/2026 14:32:28] "GET /status/marketplaces/ HTTP/1.1" 200 639
C:\Users\acer\AppData\Local\Programs\Python\Python312\Lib\site-packages\sklearn\utils\validation.py:2749: UserWarning: X does not have valid feature names, but LinearRegression was fitted with feature names
  warnings.warn(
[07/Apr/2026 14:32:28] "POST /predict/marketplace/ HTTP/1.1" 201 318
C:\Users\acer\AppData\Local\Programs\Python\Python312\Lib\site-packages\sklearn\utils\validation.py:2749: UserWarning: X does not have valid feature names, but LinearRegression was fitted with feature names
  warnings.warn(
C:\Users\acer\AppData\Local\Programs\Python\Python312\Lib\site-packages\sklearn\utils\validation.py:2749: UserWarning: X does not have valid feature names, but LinearRegression was fitted with feature names
  warnings.warn(
[07/Apr/2026 14:32:28] "POST /predict/marketplace/ HTTP/1.1" 201 322
[07/Apr/2026 14:32:28] "POST /predict/ HTTP/1.1" 200 137
C:\Users\acer\AppData\Local\Programs\Python\Python312\Lib\site-packages\sklearn\utils\validation.py:2749: UserWarning: X does not have valid feature names, but LinearRegression was fitted with feature names
  warnings.warn(
C:\Users\acer\AppData\Local\Programs\Python\Python312\Lib\site-packages\sklearn\utils\validation.py:2749: UserWarning: X does not have valid feature names, but LinearRegression was fitted with feature names
  warnings.warn(
[07/Apr/2026 14:32:28] "GET /status/marketplaces/ HTTP/1.1" 200 639
C:\Users\acer\AppData\Local\Programs\Python\Python312\Lib\site-packages\sklearn\utils\validation.py:2749: UserWarning: X does not have valid feature names, but LinearRegression was fitted with feature names
  warnings.warn(
[07/Apr/2026 14:32:28] "POST /predict/marketplace/ HTTP/1.1" 201 322
[07/Apr/2026 14:32:28] "POST /predict/marketplace/ HTTP/1.1" 201 318
C:\Users\acer\AppData\Local\Programs\Python\Python312\Lib\site-packages\sklearn\utils\validation.py:2749: UserWarning: X does not have valid feature names, but LinearRegression was fitted with feature names
  warnings.warn(
[07/Apr/2026 14:32:28] "POST /predict/ HTTP/1.1" 200 137
C:\Users\acer\AppData\Local\Programs\Python\Python312\Lib\site-packages\sklearn\utils\validation.py:2749: UserWarning: X does not have valid feature names, but LinearRegression was fitted with feature names
  warnings.warn(
C:\Users\acer\AppData\Local\Programs\Python\Python312\Lib\site-packages\sklearn\utils\validation.py:2749: UserWarning: X does not have valid feature names, but LinearRegression was fitted with feature names
  warnings.warn(
[07/Apr/2026 14:32:28] "GET /status/marketplaces/ HTTP/1.1" 200 639
C:\Users\acer\AppData\Local\Programs\Python\Python312\Lib\site-packages\sklearn\utils\validation.py:2749: UserWarning: X does not have valid feature names, but LinearRegression was fitted with feature names
  warnings.warn(
[07/Apr/2026 14:32:28] "POST /predict/marketplace/ HTTP/1.1" 201 318
C:\Users\acer\AppData\Local\Programs\Python\Python312\Lib\site-packages\sklearn\utils\validation.py:2749: UserWarning: X does not have valid feature names, but LinearRegression was fitted with feature names
  warnings.warn(
[07/Apr/2026 14:32:28] "POST /predict/marketplace/ HTTP/1.1" 201 322
C:\Users\acer\AppData\Local\Programs\Python\Python312\Lib\site-packages\sklearn\utils\validation.py:2749: UserWarning: X does not have valid feature names, but LinearRegression was fitted with feature names
  warnings.warn(
[07/Apr/2026 14:32:28] "POST /predict/ HTTP/1.1" 200 137
C:\Users\acer\AppData\Local\Programs\Python\Python312\Lib\site-packages\sklearn\utils\validation.py:2749: UserWarning: X does not have valid feature names, but LinearRegression was fitted with feature names
  warnings.warn(
C:\Users\acer\AppData\Local\Programs\Python\Python312\Lib\site-packages\sklearn\utils\validation.py:2749: UserWarning: X does not have valid feature names, but LinearRegression was fitted with feature names
  warnings.warn(
[07/Apr/2026 14:32:28] "GET /status/marketplaces/ HTTP/1.1" 200 639
C:\Users\acer\AppData\Local\Programs\Python\Python312\Lib\site-packages\sklearn\utils\validation.py:2749: UserWarning: X does not have valid feature names, but LinearRegression was fitted with feature names
  warnings.warn(
[07/Apr/2026 14:32:28] "POST /predict/marketplace/ HTTP/1.1" 201 322
C:\Users\acer\AppData\Local\Programs\Python\Python312\Lib\site-packages\sklearn\utils\validation.py:2749: UserWarning: X does not have valid feature names, but LinearRegression was fitted with feature names
  warnings.warn(
[07/Apr/2026 14:32:28] "POST /predict/marketplace/ HTTP/1.1" 201 318
C:\Users\acer\AppData\Local\Programs\Python\Python312\Lib\site-packages\sklearn\utils\validation.py:2749: UserWarning: X does not have valid feature names, but LinearRegression was fitted with feature names
  warnings.warn(
[07/Apr/2026 14:32:28] "POST /predict/ HTTP/1.1" 200 137
C:\Users\acer\AppData\Local\Programs\Python\Python312\Lib\site-packages\sklearn\utils\validation.py:2749: UserWarning: X does not have valid feature names, but LinearRegression was fitted with feature names
  warnings.warn(
C:\Users\acer\AppData\Local\Programs\Python\Python312\Lib\site-packages\sklearn\utils\validation.py:2749: UserWarning: X does not have valid feature names, but LinearRegression was fitted with feature names
  warnings.warn(
[07/Apr/2026 14:32:28] "GET /status/marketplaces/ HTTP/1.1" 200 639
C:\Users\acer\AppData\Local\Programs\Python\Python312\Lib\site-packages\sklearn\utils\validation.py:2749: UserWarning: X does not have valid feature names, but LinearRegression was fitted with feature names
  warnings.warn(
[07/Apr/2026 14:32:28] "POST /predict/marketplace/ HTTP/1.1" 201 322
C:\Users\acer\AppData\Local\Programs\Python\Python312\Lib\site-packages\sklearn\utils\validation.py:2749: UserWarning: X does not have valid feature names, but LinearRegression was fitted with feature names
  warnings.warn(
[07/Apr/2026 14:32:28] "POST /predict/marketplace/ HTTP/1.1" 201 318
C:\Users\acer\AppData\Local\Programs\Python\Python312\Lib\site-packages\sklearn\utils\validation.py:2749: UserWarning: X does not have valid feature names, but LinearRegression was fitted with feature names
  warnings.warn(
[07/Apr/2026 14:32:28] "POST /predict/ HTTP/1.1" 200 137
C:\Users\acer\AppData\Local\Programs\Python\Python312\Lib\site-packages\sklearn\utils\validation.py:2749: UserWarning: X does not have valid feature names, but LinearRegression was fitted with feature names
  warnings.warn(
C:\Users\acer\AppData\Local\Programs\Python\Python312\Lib\site-packages\sklearn\utils\validation.py:2749: UserWarning: X does not have valid feature names, but LinearRegression was fitted with feature names
  warnings.warn(
[07/Apr/2026 14:32:28] "GET /status/marketplaces/ HTTP/1.1" 200 639
C:\Users\acer\AppData\Local\Programs\Python\Python312\Lib\site-packages\sklearn\utils\validation.py:2749: UserWarning: X does not have valid feature names, but LinearRegression was fitted with feature names
  warnings.warn(
C:\Users\acer\AppData\Local\Programs\Python\Python312\Lib\site-packages\sklearn\utils\validation.py:2749: UserWarning: X does not have valid feature names, but LinearRegression was fitted with feature names
  warnings.warn(
[07/Apr/2026 14:32:28] "POST /predict/marketplace/ HTTP/1.1" 201 322
[07/Apr/2026 14:32:28] "POST /predict/marketplace/ HTTP/1.1" 201 318
C:\Users\acer\AppData\Local\Programs\Python\Python312\Lib\site-packages\sklearn\utils\validation.py:2749: UserWarning: X does not have valid feature names, but LinearRegression was fitted with feature names
  warnings.warn(
[07/Apr/2026 14:32:28] "POST /predict/ HTTP/1.1" 200 137
C:\Users\acer\AppData\Local\Programs\Python\Python312\Lib\site-packages\sklearn\utils\validation.py:2749: UserWarning: X does not have valid feature names, but LinearRegression was fitted with feature names
  warnings.warn(
C:\Users\acer\AppData\Local\Programs\Python\Python312\Lib\site-packages\sklearn\utils\validation.py:2749: UserWarning: X does not have valid feature names, but LinearRegression was fitted with feature names
  warnings.warn(
[07/Apr/2026 14:32:28] "GET /status/marketplaces/ HTTP/1.1" 200 639
C:\Users\acer\AppData\Local\Programs\Python\Python312\Lib\site-packages\sklearn\utils\validation.py:2749: UserWarning: X does not have valid feature names, but LinearRegression was fitted with feature names
  warnings.warn(
[07/Apr/2026 14:32:28] "POST /predict/marketplace/ HTTP/1.1" 201 322
C:\Users\acer\AppData\Local\Programs\Python\Python312\Lib\site-packages\sklearn\utils\validation.py:2749: UserWarning: X does not have valid feature names, but LinearRegression was fitted with feature names
  warnings.warn(
[07/Apr/2026 14:32:28] "POST /predict/marketplace/ HTTP/1.1" 201 318
C:\Users\acer\AppData\Local\Programs\Python\Python312\Lib\site-packages\sklearn\utils\validation.py:2749: UserWarning: X does not have valid feature names, but LinearRegression was fitted with feature names
  warnings.warn(
[07/Apr/2026 14:32:28] "POST /predict/ HTTP/1.1" 200 137
[07/Apr/2026 14:32:28] "POST /predict/ HTTP/1.1" 200 137
C:\Users\acer\AppData\Local\Programs\Python\Python312\Lib\site-packages\sklearn\utils\validation.py:2749: UserWarning: X does not have valid feature names, but LinearRegression was fitted with feature names
  warnings.warn(
C:\Users\acer\AppData\Local\Programs\Python\Python312\Lib\site-packages\sklearn\utils\validation.py:2749: UserWarning: X does not have valid feature names, but LinearRegression was fitted with feature names
  warnings.warn(
[07/Apr/2026 14:32:28] "GET /status/marketplaces/ HTTP/1.1" 200 639
C:\Users\acer\AppData\Local\Programs\Python\Python312\Lib\site-packages\sklearn\utils\validation.py:2749: UserWarning: X does not have valid feature names, but LinearRegression was fitted with feature names
  warnings.warn(
[07/Apr/2026 14:32:28] "POST /predict/marketplace/ HTTP/1.1" 201 322
C:\Users\acer\AppData\Local\Programs\Python\Python312\Lib\site-packages\sklearn\utils\validation.py:2749: UserWarning: X does not have valid feature names, but LinearRegression was fitted with feature names
  warnings.warn(
[07/Apr/2026 14:32:28] "POST /predict/marketplace/ HTTP/1.1" 201 318
C:\Users\acer\AppData\Local\Programs\Python\Python312\Lib\site-packages\sklearn\utils\validation.py:2749: UserWarning: X does not have valid feature names, but LinearRegression was fitted with feature names
  warnings.warn(
[07/Apr/2026 14:32:28] "POST /predict/marketplace/ HTTP/1.1" 201 318
C:\Users\acer\AppData\Local\Programs\Python\Python312\Lib\site-packages\sklearn\utils\validation.py:2749: UserWarning: X does not have valid feature names, but LinearRegression was fitted with feature names
  warnings.warn(
[07/Apr/2026 14:32:28] "POST /predict/marketplace/ HTTP/1.1" 201 322
[07/Apr/2026 14:32:28] "POST /predict/ HTTP/1.1" 200 137
C:\Users\acer\AppData\Local\Programs\Python\Python312\Lib\site-packages\sklearn\utils\validation.py:2749: UserWarning: X does not have valid feature names, but LinearRegression was fitted with feature names
  warnings.warn(
C:\Users\acer\AppData\Local\Programs\Python\Python312\Lib\site-packages\sklearn\utils\validation.py:2749: UserWarning: X does not have valid feature names, but LinearRegression was fitted with feature names
  warnings.warn(
[07/Apr/2026 14:32:28] "GET /status/marketplaces/ HTTP/1.1" 200 639
C:\Users\acer\AppData\Local\Programs\Python\Python312\Lib\site-packages\sklearn\utils\validation.py:2749: UserWarning: X does not have valid feature names, but LinearRegression was fitted with feature names
  warnings.warn(
[07/Apr/2026 14:32:28] "POST /predict/marketplace/ HTTP/1.1" 201 322
C:\Users\acer\AppData\Local\Programs\Python\Python312\Lib\site-packages\sklearn\utils\validation.py:2749: UserWarning: X does not have valid feature names, but LinearRegression was fitted with feature names
  warnings.warn(
[07/Apr/2026 14:32:28] "POST /predict/marketplace/ HTTP/1.1" 201 318
C:\Users\acer\AppData\Local\Programs\Python\Python312\Lib\site-packages\sklearn\utils\validation.py:2749: UserWarning: X does not have valid feature names, but LinearRegression was fitted with feature names
  warnings.warn(
[07/Apr/2026 14:32:28] "POST /predict/ HTTP/1.1" 200 137
C:\Users\acer\AppData\Local\Programs\Python\Python312\Lib\site-packages\sklearn\utils\validation.py:2749: UserWarning: X does not have valid feature names, but LinearRegression was fitted with feature names
  warnings.warn(
C:\Users\acer\AppData\Local\Programs\Python\Python312\Lib\site-packages\sklearn\utils\validation.py:2749: UserWarning: X does not have valid feature names, but LinearRegression was fitted with feature names
  warnings.warn(
[07/Apr/2026 14:32:28] "GET /status/marketplaces/ HTTP/1.1" 200 639
C:\Users\acer\AppData\Local\Programs\Python\Python312\Lib\site-packages\sklearn\utils\validation.py:2749: UserWarning: X does not have valid feature names, but LinearRegression was fitted with feature names
  warnings.warn(
[07/Apr/2026 14:32:28] "POST /predict/marketplace/ HTTP/1.1" 201 318
C:\Users\acer\AppData\Local\Programs\Python\Python312\Lib\site-packages\sklearn\utils\validation.py:2749: UserWarning: X does not have valid feature names, but LinearRegression was fitted with feature names
  warnings.warn(
[07/Apr/2026 14:32:28] "POST /predict/marketplace/ HTTP/1.1" 201 322
[07/Apr/2026 14:32:28] "GET /status/marketplaces/ HTTP/1.1" 200 639
C:\Users\acer\AppData\Local\Programs\Python\Python312\Lib\site-packages\sklearn\utils\validation.py:2749: UserWarning: X does not have valid feature names, but LinearRegression was fitted with feature names
  warnings.warn(
[07/Apr/2026 14:32:28] "POST /predict/ HTTP/1.1" 200 137
C:\Users\acer\AppData\Local\Programs\Python\Python312\Lib\site-packages\sklearn\utils\validation.py:2749: UserWarning: X does not have valid feature names, but LinearRegression was fitted with feature names
  warnings.warn(
C:\Users\acer\AppData\Local\Programs\Python\Python312\Lib\site-packages\sklearn\utils\validation.py:2749: UserWarning: X does not have valid feature names, but LinearRegression was fitted with feature names
  warnings.warn(
C:\Users\acer\AppData\Local\Programs\Python\Python312\Lib\site-packages\sklearn\utils\validation.py:2749: UserWarning: X does not have valid feature names, but LinearRegression was fitted with feature names
  warnings.warn(
[07/Apr/2026 14:32:28] "POST /predict/ HTTP/1.1" 200 137
[07/Apr/2026 14:32:28] "GET /status/marketplaces/ HTTP/1.1" 200 639
C:\Users\acer\AppData\Local\Programs\Python\Python312\Lib\site-packages\sklearn\utils\validation.py:2749: UserWarning: X does not have valid feature names, but LinearRegression was fitted with feature names
  warnings.warn(
C:\Users\acer\AppData\Local\Programs\Python\Python312\Lib\site-packages\sklearn\utils\validation.py:2749: UserWarning: X does not have valid feature names, but LinearRegression was fitted with feature names
  warnings.warn(
[07/Apr/2026 14:32:28] "POST /predict/marketplace/ HTTP/1.1" 201 318
[07/Apr/2026 14:32:28] "POST /predict/marketplace/ HTTP/1.1" 201 322
C:\Users\acer\AppData\Local\Programs\Python\Python312\Lib\site-packages\sklearn\utils\validation.py:2749: UserWarning: X does not have valid feature names, but LinearRegression was fitted with feature names
  warnings.warn(
[07/Apr/2026 14:32:28] "POST /predict/ HTTP/1.1" 200 137
C:\Users\acer\AppData\Local\Programs\Python\Python312\Lib\site-packages\sklearn\utils\validation.py:2749: UserWarning: X does not have valid feature names, but LinearRegression was fitted with feature names
  warnings.warn(
[07/Apr/2026 14:32:28] "POST /predict/marketplace/ HTTP/1.1" 201 322
C:\Users\acer\AppData\Local\Programs\Python\Python312\Lib\site-packages\sklearn\utils\validation.py:2749: UserWarning: X does not have valid feature names, but LinearRegression was fitted with feature names
  warnings.warn(
[07/Apr/2026 14:32:28] "POST /predict/marketplace/ HTTP/1.1" 201 318
[07/Apr/2026 14:32:28] "GET /status/marketplaces/ HTTP/1.1" 200 639
C:\Users\acer\AppData\Local\Programs\Python\Python312\Lib\site-packages\sklearn\utils\validation.py:2749: UserWarning: X does not have valid feature names, but LinearRegression was fitted with feature names
  warnings.warn(
[07/Apr/2026 14:32:28] "POST /predict/marketplace/ HTTP/1.1" 201 322
C:\Users\acer\AppData\Local\Programs\Python\Python312\Lib\site-packages\sklearn\utils\validation.py:2749: UserWarning: X does not have valid feature names, but LinearRegression was fitted with feature names
  warnings.warn(
[07/Apr/2026 14:32:28] "POST /predict/marketplace/ HTTP/1.1" 201 318
C:\Users\acer\AppData\Local\Programs\Python\Python312\Lib\site-packages\sklearn\utils\validation.py:2749: UserWarning: X does not have valid feature names, but LinearRegression was fitted with feature names
  warnings.warn(
C:\Users\acer\AppData\Local\Programs\Python\Python312\Lib\site-packages\sklearn\utils\validation.py:2749: UserWarning: X does not have valid feature names, but LinearRegression was fitted with feature names
  warnings.warn(
C:\Users\acer\AppData\Local\Programs\Python\Python312\Lib\site-packages\sklearn\utils\validation.py:2749: UserWarning: X does not have valid feature names, but LinearRegression was fitted with feature names
  warnings.warn(
[07/Apr/2026 14:32:28] "GET /status/marketplaces/ HTTP/1.1" 200 639
[07/Apr/2026 14:32:28] "POST /predict/ HTTP/1.1" 200 137
C:\Users\acer\AppData\Local\Programs\Python\Python312\Lib\site-packages\sklearn\utils\validation.py:2749: UserWarning: X does not have valid feature names, but LinearRegression was fitted with feature names
  warnings.warn(
C:\Users\acer\AppData\Local\Programs\Python\Python312\Lib\site-packages\sklearn\utils\validation.py:2749: UserWarning: X does not have valid feature names, but LinearRegression was fitted with feature names
  warnings.warn(
[07/Apr/2026 14:32:28] "GET /status/marketplaces/ HTTP/1.1" 200 639
C:\Users\acer\AppData\Local\Programs\Python\Python312\Lib\site-packages\sklearn\utils\validation.py:2749: UserWarning: X does not have valid feature names, but LinearRegression was fitted with feature names
  warnings.warn(
C:\Users\acer\AppData\Local\Programs\Python\Python312\Lib\site-packages\sklearn\utils\validation.py:2749: UserWarning: X does not have valid feature names, but LinearRegression was fitted with feature names
  warnings.warn(
C:\Users\acer\AppData\Local\Programs\Python\Python312\Lib\site-packages\sklearn\utils\validation.py:2749: UserWarning: X does not have valid feature names, but LinearRegression was fitted with feature names
  warnings.warn(
[07/Apr/2026 14:32:28] "POST /predict/marketplace/ HTTP/1.1" 201 318
[07/Apr/2026 14:32:28] "POST /predict/ HTTP/1.1" 200 137
[07/Apr/2026 14:32:28] "POST /predict/marketplace/ HTTP/1.1" 201 322
C:\Users\acer\AppData\Local\Programs\Python\Python312\Lib\site-packages\sklearn\utils\validation.py:2749: UserWarning: X does not have valid feature names, but LinearRegression was fitted with feature names
  warnings.warn(
[07/Apr/2026 14:32:29] "POST /predict/ HTTP/1.1" 200 137
C:\Users\acer\AppData\Local\Programs\Python\Python312\Lib\site-packages\sklearn\utils\validation.py:2749: UserWarning: X does not have valid feature names, but LinearRegression was fitted with feature names
  warnings.warn(
[07/Apr/2026 14:32:29] "POST /predict/marketplace/ HTTP/1.1" 201 322
C:\Users\acer\AppData\Local\Programs\Python\Python312\Lib\site-packages\sklearn\utils\validation.py:2749: UserWarning: X does not have valid feature names, but LinearRegression was fitted with feature names
  warnings.warn(
C:\Users\acer\AppData\Local\Programs\Python\Python312\Lib\site-packages\sklearn\utils\validation.py:2749: UserWarning: X does not have valid feature names, but LinearRegression was fitted with feature names
  warnings.warn(
[07/Apr/2026 14:32:29] "POST /predict/marketplace/ HTTP/1.1" 201 318
[07/Apr/2026 14:32:29] "GET /status/marketplaces/ HTTP/1.1" 200 639
C:\Users\acer\AppData\Local\Programs\Python\Python312\Lib\site-packages\sklearn\utils\validation.py:2749: UserWarning: X does not have valid feature names, but LinearRegression was fitted with feature names
  warnings.warn(
[07/Apr/2026 14:32:29] "POST /predict/marketplace/ HTTP/1.1" 201 318
C:\Users\acer\AppData\Local\Programs\Python\Python312\Lib\site-packages\sklearn\utils\validation.py:2749: UserWarning: X does not have valid feature names, but LinearRegression was fitted with feature names
  warnings.warn(
[07/Apr/2026 14:32:29] "POST /predict/marketplace/ HTTP/1.1" 201 322
C:\Users\acer\AppData\Local\Programs\Python\Python312\Lib\site-packages\sklearn\utils\validation.py:2749: UserWarning: X does not have valid feature names, but LinearRegression was fitted with feature names
  warnings.warn(
C:\Users\acer\AppData\Local\Programs\Python\Python312\Lib\site-packages\sklearn\utils\validation.py:2749: UserWarning: X does not have valid feature names, but LinearRegression was fitted with feature names
  warnings.warn(
C:\Users\acer\AppData\Local\Programs\Python\Python312\Lib\site-packages\sklearn\utils\validation.py:2749: UserWarning: X does not have valid feature names, but LinearRegression was fitted with feature names
  warnings.warn(
[07/Apr/2026 14:32:29] "POST /predict/ HTTP/1.1" 200 137
[07/Apr/2026 14:32:29] "GET /status/marketplaces/ HTTP/1.1" 200 639
C:\Users\acer\AppData\Local\Programs\Python\Python312\Lib\site-packages\sklearn\utils\validation.py:2749: UserWarning: X does not have valid feature names, but LinearRegression was fitted with feature names
  warnings.warn(
C:\Users\acer\AppData\Local\Programs\Python\Python312\Lib\site-packages\sklearn\utils\validation.py:2749: UserWarning: X does not have valid feature names, but LinearRegression was fitted with feature names
  warnings.warn(
[07/Apr/2026 14:32:29] "POST /predict/ HTTP/1.1" 200 137
C:\Users\acer\AppData\Local\Programs\Python\Python312\Lib\site-packages\sklearn\utils\validation.py:2749: UserWarning: X does not have valid feature names, but LinearRegression was fitted with feature names
  warnings.warn(
C:\Users\acer\AppData\Local\Programs\Python\Python312\Lib\site-packages\sklearn\utils\validation.py:2749: UserWarning: X does not have valid feature names, but LinearRegression was fitted with feature names
  warnings.warn(
[07/Apr/2026 14:32:29] "POST /predict/marketplace/ HTTP/1.1" 201 318
[07/Apr/2026 14:32:29] "GET /status/marketplaces/ HTTP/1.1" 200 639
[07/Apr/2026 14:32:29] "POST /predict/marketplace/ HTTP/1.1" 201 322
C:\Users\acer\AppData\Local\Programs\Python\Python312\Lib\site-packages\sklearn\utils\validation.py:2749: UserWarning: X does not have valid feature names, but LinearRegression was fitted with feature names
  warnings.warn(
[07/Apr/2026 14:32:29] "POST /predict/ HTTP/1.1" 200 137
[07/Apr/2026 14:32:29] "POST /predict/marketplace/ HTTP/1.1" 201 322
C:\Users\acer\AppData\Local\Programs\Python\Python312\Lib\site-packages\sklearn\utils\validation.py:2749: UserWarning: X does not have valid feature names, but LinearRegression was fitted with feature names
  warnings.warn(
C:\Users\acer\AppData\Local\Programs\Python\Python312\Lib\site-packages\sklearn\utils\validation.py:2749: UserWarning: X does not have valid feature names, but LinearRegression was fitted with feature names
  warnings.warn(
[07/Apr/2026 14:32:29] "POST /predict/marketplace/ HTTP/1.1" 201 318
[07/Apr/2026 14:32:29] "GET /status/marketplaces/ HTTP/1.1" 200 639
C:\Users\acer\AppData\Local\Programs\Python\Python312\Lib\site-packages\sklearn\utils\validation.py:2749: UserWarning: X does not have valid feature names, but LinearRegression was fitted with feature names
  warnings.warn(
[07/Apr/2026 14:32:29] "POST /predict/marketplace/ HTTP/1.1" 201 318
[07/Apr/2026 14:32:29] "POST /predict/ HTTP/1.1" 200 137
C:\Users\acer\AppData\Local\Programs\Python\Python312\Lib\site-packages\sklearn\utils\validation.py:2749: UserWarning: X does not have valid feature names, but LinearRegression was fitted with feature names
  warnings.warn(
C:\Users\acer\AppData\Local\Programs\Python\Python312\Lib\site-packages\sklearn\utils\validation.py:2749: UserWarning: X does not have valid feature names, but LinearRegression was fitted with feature names
  warnings.warn(
[07/Apr/2026 14:32:29] "POST /predict/marketplace/ HTTP/1.1" 201 322
C:\Users\acer\AppData\Local\Programs\Python\Python312\Lib\site-packages\sklearn\utils\validation.py:2749: UserWarning: X does not have valid feature names, but LinearRegression was fitted with feature names
  warnings.warn(
[07/Apr/2026 14:32:29] "GET /status/marketplaces/ HTTP/1.1" 200 639
C:\Users\acer\AppData\Local\Programs\Python\Python312\Lib\site-packages\sklearn\utils\validation.py:2749: UserWarning: X does not have valid feature names, but LinearRegression was fitted with feature names
  warnings.warn(
C:\Users\acer\AppData\Local\Programs\Python\Python312\Lib\site-packages\sklearn\utils\validation.py:2749: UserWarning: X does not have valid feature names, but LinearRegression was fitted with feature names
  warnings.warn(
[07/Apr/2026 14:32:29] "POST /predict/marketplace/ HTTP/1.1" 201 322
[07/Apr/2026 14:32:29] "POST /predict/marketplace/ HTTP/1.1" 201 318
C:\Users\acer\AppData\Local\Programs\Python\Python312\Lib\site-packages\sklearn\utils\validation.py:2749: UserWarning: X does not have valid feature names, but LinearRegression was fitted with feature names
  warnings.warn(
C:\Users\acer\AppData\Local\Programs\Python\Python312\Lib\site-packages\sklearn\utils\validation.py:2749: UserWarning: X does not have valid feature names, but LinearRegression was fitted with feature names
  warnings.warn(
C:\Users\acer\AppData\Local\Programs\Python\Python312\Lib\site-packages\sklearn\utils\validation.py:2749: UserWarning: X does not have valid feature names, but LinearRegression was fitted with feature names
  warnings.warn(
[07/Apr/2026 14:32:29] "GET /status/marketplaces/ HTTP/1.1" 200 639
[07/Apr/2026 14:32:29] "POST /predict/ HTTP/1.1" 200 137
C:\Users\acer\AppData\Local\Programs\Python\Python312\Lib\site-packages\sklearn\utils\validation.py:2749: UserWarning: X does not have valid feature names, but LinearRegression was fitted with feature names
  warnings.warn(
C:\Users\acer\AppData\Local\Programs\Python\Python312\Lib\site-packages\sklearn\utils\validation.py:2749: UserWarning: X does not have valid feature names, but LinearRegression was fitted with feature names
  warnings.warn(
[07/Apr/2026 14:32:29] "POST /predict/marketplace/ HTTP/1.1" 201 318
C:\Users\acer\AppData\Local\Programs\Python\Python312\Lib\site-packages\sklearn\utils\validation.py:2749: UserWarning: X does not have valid feature names, but LinearRegression was fitted with feature names
  warnings.warn(
[07/Apr/2026 14:32:29] "GET /status/marketplaces/ HTTP/1.1" 200 639
C:\Users\acer\AppData\Local\Programs\Python\Python312\Lib\site-packages\sklearn\utils\validation.py:2749: UserWarning: X does not have valid feature names, but LinearRegression was fitted with feature names
  warnings.warn(
[07/Apr/2026 14:32:29] "POST /predict/marketplace/ HTTP/1.1" 201 322
[07/Apr/2026 14:32:29] "POST /predict/ HTTP/1.1" 200 137
C:\Users\acer\AppData\Local\Programs\Python\Python312\Lib\site-packages\sklearn\utils\validation.py:2749: UserWarning: X does not have valid feature names, but LinearRegression was fitted with feature names
  warnings.warn(
C:\Users\acer\AppData\Local\Programs\Python\Python312\Lib\site-packages\sklearn\utils\validation.py:2749: UserWarning: X does not have valid feature names, but LinearRegression was fitted with feature names
  warnings.warn(
[07/Apr/2026 14:32:29] "POST /predict/marketplace/ HTTP/1.1" 201 318
C:\Users\acer\AppData\Local\Programs\Python\Python312\Lib\site-packages\sklearn\utils\validation.py:2749: UserWarning: X does not have valid feature names, but LinearRegression was fitted with feature names
  warnings.warn(
[07/Apr/2026 14:32:29] "GET /status/marketplaces/ HTTP/1.1" 200 639
[07/Apr/2026 14:32:29] "POST /predict/marketplace/ HTTP/1.1" 201 322
[07/Apr/2026 14:32:29] "POST /predict/ HTTP/1.1" 200 137
C:\Users\acer\AppData\Local\Programs\Python\Python312\Lib\site-packages\sklearn\utils\validation.py:2749: UserWarning: X does not have valid feature names, but LinearRegression was fitted with feature names
  warnings.warn(
C:\Users\acer\AppData\Local\Programs\Python\Python312\Lib\site-packages\sklearn\utils\validation.py:2749: UserWarning: X does not have valid feature names, but LinearRegression was fitted with feature names
  warnings.warn(
C:\Users\acer\AppData\Local\Programs\Python\Python312\Lib\site-packages\sklearn\utils\validation.py:2749: UserWarning: X does not have valid feature names, but LinearRegression was fitted with feature names
  warnings.warn(
C:\Users\acer\AppData\Local\Programs\Python\Python312\Lib\site-packages\sklearn\utils\validation.py:2749: UserWarning: X does not have valid feature names, but LinearRegression was fitted with feature names
  warnings.warn(
[07/Apr/2026 14:32:29] "GET /status/marketplaces/ HTTP/1.1" 200 639
[07/Apr/2026 14:32:29] "POST /predict/marketplace/ HTTP/1.1" 201 322
[07/Apr/2026 14:32:29] "POST /predict/ HTTP/1.1" 200 137
[07/Apr/2026 14:32:29] "POST /predict/marketplace/ HTTP/1.1" 201 318
C:\Users\acer\AppData\Local\Programs\Python\Python312\Lib\site-packages\sklearn\utils\validation.py:2749: UserWarning: X does not have valid feature names, but LinearRegression was fitted with feature names
  warnings.warn(
C:\Users\acer\AppData\Local\Programs\Python\Python312\Lib\site-packages\sklearn\utils\validation.py:2749: UserWarning: X does not have valid feature names, but LinearRegression was fitted with feature names
  warnings.warn(
C:\Users\acer\AppData\Local\Programs\Python\Python312\Lib\site-packages\sklearn\utils\validation.py:2749: UserWarning: X does not have valid feature names, but LinearRegression was fitted with feature names
  warnings.warn(
[07/Apr/2026 14:32:29] "GET /status/marketplaces/ HTTP/1.1" 200 639
C:\Users\acer\AppData\Local\Programs\Python\Python312\Lib\site-packages\sklearn\utils\validation.py:2749: UserWarning: X does not have valid feature names, but LinearRegression was fitted with feature names
  warnings.warn(
[07/Apr/2026 14:32:29] "POST /predict/marketplace/ HTTP/1.1" 201 318
[07/Apr/2026 14:32:29] "POST /predict/marketplace/ HTTP/1.1" 201 322
[07/Apr/2026 14:32:29] "POST /predict/ HTTP/1.1" 200 137
C:\Users\acer\AppData\Local\Programs\Python\Python312\Lib\site-packages\sklearn\utils\validation.py:2749: UserWarning: X does not have valid feature names, but LinearRegression was fitted with feature names
  warnings.warn(
[07/Apr/2026 14:32:29] "POST /predict/marketplace/ HTTP/1.1" 201 322
C:\Users\acer\AppData\Local\Programs\Python\Python312\Lib\site-packages\sklearn\utils\validation.py:2749: UserWarning: X does not have valid feature names, but LinearRegression was fitted with feature names
  warnings.warn(
C:\Users\acer\AppData\Local\Programs\Python\Python312\Lib\site-packages\sklearn\utils\validation.py:2749: UserWarning: X does not have valid feature names, but LinearRegression was fitted with feature names
  warnings.warn(
[07/Apr/2026 14:32:29] "POST /predict/marketplace/ HTTP/1.1" 201 318
C:\Users\acer\AppData\Local\Programs\Python\Python312\Lib\site-packages\sklearn\utils\validation.py:2749: UserWarning: X does not have valid feature names, but LinearRegression was fitted with feature names
  warnings.warn(
[07/Apr/2026 14:32:29] "GET /status/marketplaces/ HTTP/1.1" 200 639
[07/Apr/2026 14:32:29] "POST /predict/ HTTP/1.1" 200 137
C:\Users\acer\AppData\Local\Programs\Python\Python312\Lib\site-packages\sklearn\utils\validation.py:2749: UserWarning: X does not have valid feature names, but LinearRegression was fitted with feature names
  warnings.warn(
C:\Users\acer\AppData\Local\Programs\Python\Python312\Lib\site-packages\sklearn\utils\validation.py:2749: UserWarning: X does not have valid feature names, but LinearRegression was fitted with feature names
  warnings.warn(
C:\Users\acer\AppData\Local\Programs\Python\Python312\Lib\site-packages\sklearn\utils\validation.py:2749: UserWarning: X does not have valid feature names, but LinearRegression was fitted with feature names
  warnings.warn(
[07/Apr/2026 14:32:29] "GET /status/marketplaces/ HTTP/1.1" 200 639
C:\Users\acer\AppData\Local\Programs\Python\Python312\Lib\site-packages\sklearn\utils\validation.py:2749: UserWarning: X does not have valid feature names, but LinearRegression was fitted with feature names
  warnings.warn(
[07/Apr/2026 14:32:29] "POST /predict/marketplace/ HTTP/1.1" 201 322
[07/Apr/2026 14:32:29] "POST /predict/marketplace/ HTTP/1.1" 201 318
[07/Apr/2026 14:32:29] "POST /predict/ HTTP/1.1" 200 137
C:\Users\acer\AppData\Local\Programs\Python\Python312\Lib\site-packages\sklearn\utils\validation.py:2749: UserWarning: X does not have valid feature names, but LinearRegression was fitted with feature names
  warnings.warn(
C:\Users\acer\AppData\Local\Programs\Python\Python312\Lib\site-packages\sklearn\utils\validation.py:2749: UserWarning: X does not have valid feature names, but LinearRegression was fitted with feature names
  warnings.warn(
[07/Apr/2026 14:32:29] "POST /predict/marketplace/ HTTP/1.1" 201 318
C:\Users\acer\AppData\Local\Programs\Python\Python312\Lib\site-packages\sklearn\utils\validation.py:2749: UserWarning: X does not have valid feature names, but LinearRegression was fitted with feature names
  warnings.warn(
[07/Apr/2026 14:32:29] "GET /status/marketplaces/ HTTP/1.1" 200 639
[07/Apr/2026 14:32:29] "POST /predict/marketplace/ HTTP/1.1" 201 322
[07/Apr/2026 14:32:29] "POST /predict/ HTTP/1.1" 200 137
C:\Users\acer\AppData\Local\Programs\Python\Python312\Lib\site-packages\sklearn\utils\validation.py:2749: UserWarning: X does not have valid feature names, but LinearRegression was fitted with feature names
  warnings.warn(
[07/Apr/2026 14:32:29] "POST /predict/marketplace/ HTTP/1.1" 201 322
C:\Users\acer\AppData\Local\Programs\Python\Python312\Lib\site-packages\sklearn\utils\validation.py:2749: UserWarning: X does not have valid feature names, but LinearRegression was fitted with feature names
  warnings.warn(
C:\Users\acer\AppData\Local\Programs\Python\Python312\Lib\site-packages\sklearn\utils\validation.py:2749: UserWarning: X does not have valid feature names, but LinearRegression was fitted with feature names
  warnings.warn(
C:\Users\acer\AppData\Local\Programs\Python\Python312\Lib\site-packages\sklearn\utils\validation.py:2749: UserWarning: X does not have valid feature names, but LinearRegression was fitted with feature names
  warnings.warn(
[07/Apr/2026 14:32:29] "GET /status/marketplaces/ HTTP/1.1" 200 639
[07/Apr/2026 14:32:29] "POST /predict/marketplace/ HTTP/1.1" 201 318
[07/Apr/2026 14:32:29] "POST /predict/ HTTP/1.1" 200 137
C:\Users\acer\AppData\Local\Programs\Python\Python312\Lib\site-packages\sklearn\utils\validation.py:2749: UserWarning: X does not have valid feature names, but LinearRegression was fitted with feature names
  warnings.warn(
C:\Users\acer\AppData\Local\Programs\Python\Python312\Lib\site-packages\sklearn\utils\validation.py:2749: UserWarning: X does not have valid feature names, but LinearRegression was fitted with feature names
  warnings.warn(
C:\Users\acer\AppData\Local\Programs\Python\Python312\Lib\site-packages\sklearn\utils\validation.py:2749: UserWarning: X does not have valid feature names, but LinearRegression was fitted with feature names
  warnings.warn(
[07/Apr/2026 14:32:29] "GET /status/marketplaces/ HTTP/1.1" 200 639
[07/Apr/2026 14:32:29] "POST /predict/ HTTP/1.1" 200 137
C:\Users\acer\AppData\Local\Programs\Python\Python312\Lib\site-packages\sklearn\utils\validation.py:2749: UserWarning: X does not have valid feature names, but LinearRegression was fitted with feature names
  warnings.warn(
[07/Apr/2026 14:32:29] "POST /predict/marketplace/ HTTP/1.1" 201 318
C:\Users\acer\AppData\Local\Programs\Python\Python312\Lib\site-packages\sklearn\utils\validation.py:2749: UserWarning: X does not have valid feature names, but LinearRegression was fitted with feature names
  warnings.warn(
[07/Apr/2026 14:32:29] "POST /predict/marketplace/ HTTP/1.1" 201 322
C:\Users\acer\AppData\Local\Programs\Python\Python312\Lib\site-packages\sklearn\utils\validation.py:2749: UserWarning: X does not have valid feature names, but LinearRegression was fitted with feature names
  warnings.warn(
[07/Apr/2026 14:32:29] "POST /predict/ HTTP/1.1" 200 137
C:\Users\acer\AppData\Local\Programs\Python\Python312\Lib\site-packages\sklearn\utils\validation.py:2749: UserWarning: X does not have valid feature names, but LinearRegression was fitted with feature names
  warnings.warn(
[07/Apr/2026 14:32:29] "POST /predict/marketplace/ HTTP/1.1" 201 318
C:\Users\acer\AppData\Local\Programs\Python\Python312\Lib\site-packages\sklearn\utils\validation.py:2749: UserWarning: X does not have valid feature names, but LinearRegression was fitted with feature names
  warnings.warn(
[07/Apr/2026 14:32:29] "POST /predict/marketplace/ HTTP/1.1" 201 322
C:\Users\acer\AppData\Local\Programs\Python\Python312\Lib\site-packages\sklearn\utils\validation.py:2749: UserWarning: X does not have valid feature names, but LinearRegression was fitted with feature names
  warnings.warn(
C:\Users\acer\AppData\Local\Programs\Python\Python312\Lib\site-packages\sklearn\utils\validation.py:2749: UserWarning: X does not have valid feature names, but LinearRegression was fitted with feature names
  warnings.warn(
[07/Apr/2026 14:32:29] "GET /status/marketplaces/ HTTP/1.1" 200 639
C:\Users\acer\AppData\Local\Programs\Python\Python312\Lib\site-packages\sklearn\utils\validation.py:2749: UserWarning: X does not have valid feature names, but LinearRegression was fitted with feature names
  warnings.warn(
[07/Apr/2026 14:32:29] "POST /predict/marketplace/ HTTP/1.1" 201 322
[07/Apr/2026 14:32:29] "POST /predict/marketplace/ HTTP/1.1" 201 318
C:\Users\acer\AppData\Local\Programs\Python\Python312\Lib\site-packages\sklearn\utils\validation.py:2749: UserWarning: X does not have valid feature names, but LinearRegression was fitted with feature names
  warnings.warn(
C:\Users\acer\AppData\Local\Programs\Python\Python312\Lib\site-packages\sklearn\utils\validation.py:2749: UserWarning: X does not have valid feature names, but LinearRegression was fitted with feature names
  warnings.warn(
C:\Users\acer\AppData\Local\Programs\Python\Python312\Lib\site-packages\sklearn\utils\validation.py:2749: UserWarning: X does not have valid feature names, but LinearRegression was fitted with feature names
  warnings.warn(
[07/Apr/2026 14:32:29] "GET /status/marketplaces/ HTTP/1.1" 200 639
[07/Apr/2026 14:32:29] "POST /predict/ HTTP/1.1" 200 137
C:\Users\acer\AppData\Local\Programs\Python\Python312\Lib\site-packages\sklearn\utils\validation.py:2749: UserWarning: X does not have valid feature names, but LinearRegression was fitted with feature names
  warnings.warn(
C:\Users\acer\AppData\Local\Programs\Python\Python312\Lib\site-packages\sklearn\utils\validation.py:2749: UserWarning: X does not have valid feature names, but LinearRegression was fitted with feature names
  warnings.warn(
[07/Apr/2026 14:32:29] "GET /status/marketplaces/ HTTP/1.1" 200 639
C:\Users\acer\AppData\Local\Programs\Python\Python312\Lib\site-packages\sklearn\utils\validation.py:2749: UserWarning: X does not have valid feature names, but LinearRegression was fitted with feature names
  warnings.warn(
[07/Apr/2026 14:32:29] "POST /predict/ HTTP/1.1" 200 137
C:\Users\acer\AppData\Local\Programs\Python\Python312\Lib\site-packages\sklearn\utils\validation.py:2749: UserWarning: X does not have valid feature names, but LinearRegression was fitted with feature names
  warnings.warn(
[07/Apr/2026 14:32:29] "POST /predict/marketplace/ HTTP/1.1" 201 322
C:\Users\acer\AppData\Local\Programs\Python\Python312\Lib\site-packages\sklearn\utils\validation.py:2749: UserWarning: X does not have valid feature names, but LinearRegression was fitted with feature names
  warnings.warn(
[07/Apr/2026 14:32:29] "POST /predict/marketplace/ HTTP/1.1" 201 318
C:\Users\acer\AppData\Local\Programs\Python\Python312\Lib\site-packages\sklearn\utils\validation.py:2749: UserWarning: X does not have valid feature names, but LinearRegression was fitted with feature names
  warnings.warn(
[07/Apr/2026 14:32:29] "POST /predict/ HTTP/1.1" 200 137
C:\Users\acer\AppData\Local\Programs\Python\Python312\Lib\site-packages\sklearn\utils\validation.py:2749: UserWarning: X does not have valid feature names, but LinearRegression was fitted with feature names
  warnings.warn(
[07/Apr/2026 14:32:29] "POST /predict/marketplace/ HTTP/1.1" 201 318
C:\Users\acer\AppData\Local\Programs\Python\Python312\Lib\site-packages\sklearn\utils\validation.py:2749: UserWarning: X does not have valid feature names, but LinearRegression was fitted with feature names
  warnings.warn(
[07/Apr/2026 14:32:29] "POST /predict/marketplace/ HTTP/1.1" 201 322
C:\Users\acer\AppData\Local\Programs\Python\Python312\Lib\site-packages\sklearn\utils\validation.py:2749: UserWarning: X does not have valid feature names, but LinearRegression was fitted with feature names
  warnings.warn(
C:\Users\acer\AppData\Local\Programs\Python\Python312\Lib\site-packages\sklearn\utils\validation.py:2749: UserWarning: X does not have valid feature names, but LinearRegression was fitted with feature names
  warnings.warn(
C:\Users\acer\AppData\Local\Programs\Python\Python312\Lib\site-packages\sklearn\utils\validation.py:2749: UserWarning: X does not have valid feature names, but LinearRegression was fitted with feature names
  warnings.warn(
[07/Apr/2026 14:32:30] "POST /predict/marketplace/ HTTP/1.1" 201 318
C:\Users\acer\AppData\Local\Programs\Python\Python312\Lib\site-packages\sklearn\utils\validation.py:2749: UserWarning: X does not have valid feature names, but LinearRegression was fitted with feature names
  warnings.warn(
[07/Apr/2026 14:32:30] "GET /status/marketplaces/ HTTP/1.1" 200 639
[07/Apr/2026 14:32:30] "POST /predict/marketplace/ HTTP/1.1" 201 322
C:\Users\acer\AppData\Local\Programs\Python\Python312\Lib\site-packages\sklearn\utils\validation.py:2749: UserWarning: X does not have valid feature names, but LinearRegression was fitted with feature names
  warnings.warn(
C:\Users\acer\AppData\Local\Programs\Python\Python312\Lib\site-packages\sklearn\utils\validation.py:2749: UserWarning: X does not have valid feature names, but LinearRegression was fitted with feature names
  warnings.warn(
[07/Apr/2026 14:32:30] "GET /status/marketplaces/ HTTP/1.1" 200 639
C:\Users\acer\AppData\Local\Programs\Python\Python312\Lib\site-packages\sklearn\utils\validation.py:2749: UserWarning: X does not have valid feature names, but LinearRegression was fitted with feature names
  warnings.warn(
[07/Apr/2026 14:32:30] "POST /predict/ HTTP/1.1" 200 137
C:\Users\acer\AppData\Local\Programs\Python\Python312\Lib\site-packages\sklearn\utils\validation.py:2749: UserWarning: X does not have valid feature names, but LinearRegression was fitted with feature names
  warnings.warn(
C:\Users\acer\AppData\Local\Programs\Python\Python312\Lib\site-packages\sklearn\utils\validation.py:2749: UserWarning: X does not have valid feature names, but LinearRegression was fitted with feature names
  warnings.warn(
[07/Apr/2026 14:32:30] "GET /status/marketplaces/ HTTP/1.1" 200 639
C:\Users\acer\AppData\Local\Programs\Python\Python312\Lib\site-packages\sklearn\utils\validation.py:2749: UserWarning: X does not have valid feature names, but LinearRegression was fitted with feature names
  warnings.warn(
[07/Apr/2026 14:32:30] "POST /predict/marketplace/ HTTP/1.1" 201 322
C:\Users\acer\AppData\Local\Programs\Python\Python312\Lib\site-packages\sklearn\utils\validation.py:2749: UserWarning: X does not have valid feature names, but LinearRegression was fitted with feature names
  warnings.warn(
[07/Apr/2026 14:32:30] "POST /predict/ HTTP/1.1" 200 137
[07/Apr/2026 14:32:30] "POST /predict/marketplace/ HTTP/1.1" 201 318
C:\Users\acer\AppData\Local\Programs\Python\Python312\Lib\site-packages\sklearn\utils\validation.py:2749: UserWarning: X does not have valid feature names, but LinearRegression was fitted with feature names
  warnings.warn(
[07/Apr/2026 14:32:30] "POST /predict/ HTTP/1.1" 200 137
C:\Users\acer\AppData\Local\Programs\Python\Python312\Lib\site-packages\sklearn\utils\validation.py:2749: UserWarning: X does not have valid feature names, but LinearRegression was fitted with feature names
  warnings.warn(
[07/Apr/2026 14:32:30] "GET /status/marketplaces/ HTTP/1.1" 200 639
C:\Users\acer\AppData\Local\Programs\Python\Python312\Lib\site-packages\sklearn\utils\validation.py:2749: UserWarning: X does not have valid feature names, but LinearRegression was fitted with feature names
  warnings.warn(
C:\Users\acer\AppData\Local\Programs\Python\Python312\Lib\site-packages\sklearn\utils\validation.py:2749: UserWarning: X does not have valid feature names, but LinearRegression was fitted with feature names
  warnings.warn(
[07/Apr/2026 14:32:30] "POST /predict/marketplace/ HTTP/1.1" 201 318
[07/Apr/2026 14:32:30] "POST /predict/ HTTP/1.1" 200 137
C:\Users\acer\AppData\Local\Programs\Python\Python312\Lib\site-packages\sklearn\utils\validation.py:2749: UserWarning: X does not have valid feature names, but LinearRegression was fitted with feature names
  warnings.warn(
[07/Apr/2026 14:32:30] "POST /predict/marketplace/ HTTP/1.1" 201 322
C:\Users\acer\AppData\Local\Programs\Python\Python312\Lib\site-packages\sklearn\utils\validation.py:2749: UserWarning: X does not have valid feature names, but LinearRegression was fitted with feature names
  warnings.warn(
[07/Apr/2026 14:32:30] "POST /predict/marketplace/ HTTP/1.1" 201 322
[07/Apr/2026 14:32:30] "POST /predict/marketplace/ HTTP/1.1" 201 318
C:\Users\acer\AppData\Local\Programs\Python\Python312\Lib\site-packages\sklearn\utils\validation.py:2749: UserWarning: X does not have valid feature names, but LinearRegression was fitted with feature names
  warnings.warn(
[07/Apr/2026 14:32:30] "GET /status/marketplaces/ HTTP/1.1" 200 639
C:\Users\acer\AppData\Local\Programs\Python\Python312\Lib\site-packages\sklearn\utils\validation.py:2749: UserWarning: X does not have valid feature names, but LinearRegression was fitted with feature names
  warnings.warn(
C:\Users\acer\AppData\Local\Programs\Python\Python312\Lib\site-packages\sklearn\utils\validation.py:2749: UserWarning: X does not have valid feature names, but LinearRegression was fitted with feature names
  warnings.warn(
[07/Apr/2026 14:32:30] "POST /predict/marketplace/ HTTP/1.1" 201 318
[07/Apr/2026 14:32:30] "POST /predict/ HTTP/1.1" 200 137
C:\Users\acer\AppData\Local\Programs\Python\Python312\Lib\site-packages\sklearn\utils\validation.py:2749: UserWarning: X does not have valid feature names, but LinearRegression was fitted with feature names
  warnings.warn(
[07/Apr/2026 14:32:30] "POST /predict/marketplace/ HTTP/1.1" 201 322
C:\Users\acer\AppData\Local\Programs\Python\Python312\Lib\site-packages\sklearn\utils\validation.py:2749: UserWarning: X does not have valid feature names, but LinearRegression was fitted with feature names
  warnings.warn(
[07/Apr/2026 14:32:30] "GET /status/marketplaces/ HTTP/1.1" 200 639
C:\Users\acer\AppData\Local\Programs\Python\Python312\Lib\site-packages\sklearn\utils\validation.py:2749: UserWarning: X does not have valid feature names, but LinearRegression was fitted with feature names
  warnings.warn(
[07/Apr/2026 14:32:30] "POST /predict/marketplace/ HTTP/1.1" 201 318
C:\Users\acer\AppData\Local\Programs\Python\Python312\Lib\site-packages\sklearn\utils\validation.py:2749: UserWarning: X does not have valid feature names, but LinearRegression was fitted with feature names
  warnings.warn(
[07/Apr/2026 14:32:30] "POST /predict/marketplace/ HTTP/1.1" 201 322
C:\Users\acer\AppData\Local\Programs\Python\Python312\Lib\site-packages\sklearn\utils\validation.py:2749: UserWarning: X does not have valid feature names, but LinearRegression was fitted with feature names
  warnings.warn(
[07/Apr/2026 14:32:30] "POST /predict/ HTTP/1.1" 200 137
C:\Users\acer\AppData\Local\Programs\Python\Python312\Lib\site-packages\sklearn\utils\validation.py:2749: UserWarning: X does not have valid feature names, but LinearRegression was fitted with feature names
  warnings.warn(
[07/Apr/2026 14:32:30] "GET /status/marketplaces/ HTTP/1.1" 200 639
C:\Users\acer\AppData\Local\Programs\Python\Python312\Lib\site-packages\sklearn\utils\validation.py:2749: UserWarning: X does not have valid feature names, but LinearRegression was fitted with feature names
  warnings.warn(
C:\Users\acer\AppData\Local\Programs\Python\Python312\Lib\site-packages\sklearn\utils\validation.py:2749: UserWarning: X does not have valid feature names, but LinearRegression was fitted with feature names
  warnings.warn(
[07/Apr/2026 14:32:30] "POST /predict/marketplace/ HTTP/1.1" 201 318
[07/Apr/2026 14:32:30] "GET /status/marketplaces/ HTTP/1.1" 200 639
C:\Users\acer\AppData\Local\Programs\Python\Python312\Lib\site-packages\sklearn\utils\validation.py:2749: UserWarning: X does not have valid feature names, but LinearRegression was fitted with feature names
  warnings.warn(
[07/Apr/2026 14:32:30] "POST /predict/marketplace/ HTTP/1.1" 201 322
[07/Apr/2026 14:32:30] "POST /predict/ HTTP/1.1" 200 137
C:\Users\acer\AppData\Local\Programs\Python\Python312\Lib\site-packages\sklearn\utils\validation.py:2749: UserWarning: X does not have valid feature names, but LinearRegression was fitted with feature names
  warnings.warn(
C:\Users\acer\AppData\Local\Programs\Python\Python312\Lib\site-packages\sklearn\utils\validation.py:2749: UserWarning: X does not have valid feature names, but LinearRegression was fitted with feature names
  warnings.warn(
C:\Users\acer\AppData\Local\Programs\Python\Python312\Lib\site-packages\sklearn\utils\validation.py:2749: UserWarning: X does not have valid feature names, but LinearRegression was fitted with feature names
  warnings.warn(
C:\Users\acer\AppData\Local\Programs\Python\Python312\Lib\site-packages\sklearn\utils\validation.py:2749: UserWarning: X does not have valid feature names, but LinearRegression was fitted with feature names
  warnings.warn(
[07/Apr/2026 14:32:30] "POST /predict/marketplace/ HTTP/1.1" 201 318
[07/Apr/2026 14:32:30] "GET /status/marketplaces/ HTTP/1.1" 200 639
[07/Apr/2026 14:32:30] "POST /predict/marketplace/ HTTP/1.1" 201 322
[07/Apr/2026 14:32:30] "POST /predict/ HTTP/1.1" 200 137
C:\Users\acer\AppData\Local\Programs\Python\Python312\Lib\site-packages\sklearn\utils\validation.py:2749: UserWarning: X does not have valid feature names, but LinearRegression was fitted with feature names
  warnings.warn(
C:\Users\acer\AppData\Local\Programs\Python\Python312\Lib\site-packages\sklearn\utils\validation.py:2749: UserWarning: X does not have valid feature names, but LinearRegression was fitted with feature names
  warnings.warn(
[07/Apr/2026 14:32:30] "GET /status/marketplaces/ HTTP/1.1" 200 639
C:\Users\acer\AppData\Local\Programs\Python\Python312\Lib\site-packages\sklearn\utils\validation.py:2749: UserWarning: X does not have valid feature names, but LinearRegression was fitted with feature names
  warnings.warn(
[07/Apr/2026 14:32:30] "POST /predict/ HTTP/1.1" 200 137
C:\Users\acer\AppData\Local\Programs\Python\Python312\Lib\site-packages\sklearn\utils\validation.py:2749: UserWarning: X does not have valid feature names, but LinearRegression was fitted with feature names
  warnings.warn(
[07/Apr/2026 14:32:30] "POST /predict/marketplace/ HTTP/1.1" 201 318
C:\Users\acer\AppData\Local\Programs\Python\Python312\Lib\site-packages\sklearn\utils\validation.py:2749: UserWarning: X does not have valid feature names, but LinearRegression was fitted with feature names
  warnings.warn(
[07/Apr/2026 14:32:30] "POST /predict/marketplace/ HTTP/1.1" 201 322
C:\Users\acer\AppData\Local\Programs\Python\Python312\Lib\site-packages\sklearn\utils\validation.py:2749: UserWarning: X does not have valid feature names, but LinearRegression was fitted with feature names
  warnings.warn(
[07/Apr/2026 14:32:30] "POST /predict/ HTTP/1.1" 200 137
[07/Apr/2026 14:32:30] "GET /status/marketplaces/ HTTP/1.1" 200 639
C:\Users\acer\AppData\Local\Programs\Python\Python312\Lib\site-packages\sklearn\utils\validation.py:2749: UserWarning: X does not have valid feature names, but LinearRegression was fitted with feature names
  warnings.warn(
C:\Users\acer\AppData\Local\Programs\Python\Python312\Lib\site-packages\sklearn\utils\validation.py:2749: UserWarning: X does not have valid feature names, but LinearRegression was fitted with feature names
  warnings.warn(
[07/Apr/2026 14:32:30] "POST /predict/marketplace/ HTTP/1.1" 201 322
[07/Apr/2026 14:32:30] "POST /predict/marketplace/ HTTP/1.1" 201 318
C:\Users\acer\AppData\Local\Programs\Python\Python312\Lib\site-packages\sklearn\utils\validation.py:2749: UserWarning: X does not have valid feature names, but LinearRegression was fitted with feature names
  warnings.warn(
C:\Users\acer\AppData\Local\Programs\Python\Python312\Lib\site-packages\sklearn\utils\validation.py:2749: UserWarning: X does not have valid feature names, but LinearRegression was fitted with feature names
  warnings.warn(
C:\Users\acer\AppData\Local\Programs\Python\Python312\Lib\site-packages\sklearn\utils\validation.py:2749: UserWarning: X does not have valid feature names, but LinearRegression was fitted with feature names
  warnings.warn(
C:\Users\acer\AppData\Local\Programs\Python\Python312\Lib\site-packages\sklearn\utils\validation.py:2749: UserWarning: X does not have valid feature names, but LinearRegression was fitted with feature names
  warnings.warn(
[07/Apr/2026 14:32:30] "GET /status/marketplaces/ HTTP/1.1" 200 639
[07/Apr/2026 14:32:30] "POST /predict/ HTTP/1.1" 200 137
[07/Apr/2026 14:32:30] "POST /predict/marketplace/ HTTP/1.1" 201 318
[07/Apr/2026 14:32:30] "POST /predict/marketplace/ HTTP/1.1" 201 322
C:\Users\acer\AppData\Local\Programs\Python\Python312\Lib\site-packages\sklearn\utils\validation.py:2749: UserWarning: X does not have valid feature names, but LinearRegression was fitted with feature names
  warnings.warn(
C:\Users\acer\AppData\Local\Programs\Python\Python312\Lib\site-packages\sklearn\utils\validation.py:2749: UserWarning: X does not have valid feature names, but LinearRegression was fitted with feature names
  warnings.warn(
[07/Apr/2026 14:32:30] "GET /status/marketplaces/ HTTP/1.1" 200 639
C:\Users\acer\AppData\Local\Programs\Python\Python312\Lib\site-packages\sklearn\utils\validation.py:2749: UserWarning: X does not have valid feature names, but LinearRegression was fitted with feature names
  warnings.warn(
C:\Users\acer\AppData\Local\Programs\Python\Python312\Lib\site-packages\sklearn\utils\validation.py:2749: UserWarning: X does not have valid feature names, but LinearRegression was fitted with feature names
  warnings.warn(
[07/Apr/2026 14:32:30] "POST /predict/marketplace/ HTTP/1.1" 201 318
C:\Users\acer\AppData\Local\Programs\Python\Python312\Lib\site-packages\sklearn\utils\validation.py:2749: UserWarning: X does not have valid feature names, but LinearRegression was fitted with feature names
  warnings.warn(
[07/Apr/2026 14:32:30] "POST /predict/marketplace/ HTTP/1.1" 201 322
[07/Apr/2026 14:32:30] "POST /predict/ HTTP/1.1" 200 137
C:\Users\acer\AppData\Local\Programs\Python\Python312\Lib\site-packages\sklearn\utils\validation.py:2749: UserWarning: X does not have valid feature names, but LinearRegression was fitted with feature names
  warnings.warn(
C:\Users\acer\AppData\Local\Programs\Python\Python312\Lib\site-packages\sklearn\utils\validation.py:2749: UserWarning: X does not have valid feature names, but LinearRegression was fitted with feature names
  warnings.warn(
C:\Users\acer\AppData\Local\Programs\Python\Python312\Lib\site-packages\sklearn\utils\validation.py:2749: UserWarning: X does not have valid feature names, but LinearRegression was fitted with feature names
  warnings.warn(
[07/Apr/2026 14:32:30] "GET /status/marketplaces/ HTTP/1.1" 200 639
[07/Apr/2026 14:32:30] "POST /predict/ HTTP/1.1" 200 137
C:\Users\acer\AppData\Local\Programs\Python\Python312\Lib\site-packages\sklearn\utils\validation.py:2749: UserWarning: X does not have valid feature names, but LinearRegression was fitted with feature names
  warnings.warn(
C:\Users\acer\AppData\Local\Programs\Python\Python312\Lib\site-packages\sklearn\utils\validation.py:2749: UserWarning: X does not have valid feature names, but LinearRegression was fitted with feature names
  warnings.warn(
[07/Apr/2026 14:32:30] "POST /predict/marketplace/ HTTP/1.1" 201 318
[07/Apr/2026 14:32:30] "POST /predict/marketplace/ HTTP/1.1" 201 322
C:\Users\acer\AppData\Local\Programs\Python\Python312\Lib\site-packages\sklearn\utils\validation.py:2749: UserWarning: X does not have valid feature names, but LinearRegression was fitted with feature names
  warnings.warn(
[07/Apr/2026 14:32:30] "GET /status/marketplaces/ HTTP/1.1" 200 639
C:\Users\acer\AppData\Local\Programs\Python\Python312\Lib\site-packages\sklearn\utils\validation.py:2749: UserWarning: X does not have valid feature names, but LinearRegression was fitted with feature names
  warnings.warn(
[07/Apr/2026 14:32:30] "POST /predict/ HTTP/1.1" 200 137
C:\Users\acer\AppData\Local\Programs\Python\Python312\Lib\site-packages\sklearn\utils\validation.py:2749: UserWarning: X does not have valid feature names, but LinearRegression was fitted with feature names
  warnings.warn(
[07/Apr/2026 14:32:30] "POST /predict/marketplace/ HTTP/1.1" 201 322
C:\Users\acer\AppData\Local\Programs\Python\Python312\Lib\site-packages\sklearn\utils\validation.py:2749: UserWarning: X does not have valid feature names, but LinearRegression was fitted with feature names
  warnings.warn(
[07/Apr/2026 14:32:30] "GET /status/marketplaces/ HTTP/1.1" 200 639
C:\Users\acer\AppData\Local\Programs\Python\Python312\Lib\site-packages\sklearn\utils\validation.py:2749: UserWarning: X does not have valid feature names, but LinearRegression was fitted with feature names
  warnings.warn(
[07/Apr/2026 14:32:30] "POST /predict/marketplace/ HTTP/1.1" 201 318
C:\Users\acer\AppData\Local\Programs\Python\Python312\Lib\site-packages\sklearn\utils\validation.py:2749: UserWarning: X does not have valid feature names, but LinearRegression was fitted with feature names
  warnings.warn(
[07/Apr/2026 14:32:30] "POST /predict/ HTTP/1.1" 200 137
C:\Users\acer\AppData\Local\Programs\Python\Python312\Lib\site-packages\sklearn\utils\validation.py:2749: UserWarning: X does not have valid feature names, but LinearRegression was fitted with feature names
  warnings.warn(
[07/Apr/2026 14:32:30] "POST /predict/marketplace/ HTTP/1.1" 201 318
C:\Users\acer\AppData\Local\Programs\Python\Python312\Lib\site-packages\sklearn\utils\validation.py:2749: UserWarning: X does not have valid feature names, but LinearRegression was fitted with feature names
  warnings.warn(
[07/Apr/2026 14:32:30] "POST /predict/marketplace/ HTTP/1.1" 201 322
[07/Apr/2026 14:32:30] "GET /status/marketplaces/ HTTP/1.1" 200 639
C:\Users\acer\AppData\Local\Programs\Python\Python312\Lib\site-packages\sklearn\utils\validation.py:2749: UserWarning: X does not have valid feature names, but LinearRegression was fitted with feature names
  warnings.warn(
[07/Apr/2026 14:32:30] "POST /predict/ HTTP/1.1" 200 137
C:\Users\acer\AppData\Local\Programs\Python\Python312\Lib\site-packages\sklearn\utils\validation.py:2749: UserWarning: X does not have valid feature names, but LinearRegression was fitted with feature names
  warnings.warn(
C:\Users\acer\AppData\Local\Programs\Python\Python312\Lib\site-packages\sklearn\utils\validation.py:2749: UserWarning: X does not have valid feature names, but LinearRegression was fitted with feature names
  warnings.warn(
[07/Apr/2026 14:32:30] "POST /predict/marketplace/ HTTP/1.1" 201 318
[07/Apr/2026 14:32:30] "POST /predict/marketplace/ HTTP/1.1" 201 322
C:\Users\acer\AppData\Local\Programs\Python\Python312\Lib\site-packages\sklearn\utils\validation.py:2749: UserWarning: X does not have valid feature names, but LinearRegression was fitted with feature names
  warnings.warn(
C:\Users\acer\AppData\Local\Programs\Python\Python312\Lib\site-packages\sklearn\utils\validation.py:2749: UserWarning: X does not have valid feature names, but LinearRegression was fitted with feature names
  warnings.warn(
C:\Users\acer\AppData\Local\Programs\Python\Python312\Lib\site-packages\sklearn\utils\validation.py:2749: UserWarning: X does not have valid feature names, but LinearRegression was fitted with feature names
  warnings.warn(
[07/Apr/2026 14:32:30] "GET /status/marketplaces/ HTTP/1.1" 200 639
[07/Apr/2026 14:32:30] "POST /predict/marketplace/ HTTP/1.1" 201 322
[07/Apr/2026 14:32:30] "POST /predict/marketplace/ HTTP/1.1" 201 318
[07/Apr/2026 14:32:30] "POST /predict/ HTTP/1.1" 200 137
C:\Users\acer\AppData\Local\Programs\Python\Python312\Lib\site-packages\sklearn\utils\validation.py:2749: UserWarning: X does not have valid feature names, but LinearRegression was fitted with feature names
  warnings.warn(
C:\Users\acer\AppData\Local\Programs\Python\Python312\Lib\site-packages\sklearn\utils\validation.py:2749: UserWarning: X does not have valid feature names, but LinearRegression was fitted with feature names
  warnings.warn(
C:\Users\acer\AppData\Local\Programs\Python\Python312\Lib\site-packages\sklearn\utils\validation.py:2749: UserWarning: X does not have valid feature names, but LinearRegression was fitted with feature names
  warnings.warn(
[07/Apr/2026 14:32:30] "GET /status/marketplaces/ HTTP/1.1" 200 639
C:\Users\acer\AppData\Local\Programs\Python\Python312\Lib\site-packages\sklearn\utils\validation.py:2749: UserWarning: X does not have valid feature names, but LinearRegression was fitted with feature names
  warnings.warn(
[07/Apr/2026 14:32:30] "POST /predict/marketplace/ HTTP/1.1" 201 318
[07/Apr/2026 14:32:30] "POST /predict/marketplace/ HTTP/1.1" 201 322
C:\Users\acer\AppData\Local\Programs\Python\Python312\Lib\site-packages\sklearn\utils\validation.py:2749: UserWarning: X does not have valid feature names, but LinearRegression was fitted with feature names
  warnings.warn(
[07/Apr/2026 14:32:30] "POST /predict/ HTTP/1.1" 200 137
C:\Users\acer\AppData\Local\Programs\Python\Python312\Lib\site-packages\sklearn\utils\validation.py:2749: UserWarning: X does not have valid feature names, but LinearRegression was fitted with feature names
  warnings.warn(
C:\Users\acer\AppData\Local\Programs\Python\Python312\Lib\site-packages\sklearn\utils\validation.py:2749: UserWarning: X does not have valid feature names, but LinearRegression was fitted with feature names
  warnings.warn(
C:\Users\acer\AppData\Local\Programs\Python\Python312\Lib\site-packages\sklearn\utils\validation.py:2749: UserWarning: X does not have valid feature names, but LinearRegression was fitted with feature names
  warnings.warn(
[07/Apr/2026 14:32:30] "POST /predict/ HTTP/1.1" 200 137
[07/Apr/2026 14:32:30] "GET /status/marketplaces/ HTTP/1.1" 200 639
C:\Users\acer\AppData\Local\Programs\Python\Python312\Lib\site-packages\sklearn\utils\validation.py:2749: UserWarning: X does not have valid feature names, but LinearRegression was fitted with feature names
  warnings.warn(
[07/Apr/2026 14:32:30] "POST /predict/marketplace/ HTTP/1.1" 201 318
C:\Users\acer\AppData\Local\Programs\Python\Python312\Lib\site-packages\sklearn\utils\validation.py:2749: UserWarning: X does not have valid feature names, but LinearRegression was fitted with feature names
  warnings.warn(
[07/Apr/2026 14:32:30] "POST /predict/marketplace/ HTTP/1.1" 201 322
C:\Users\acer\AppData\Local\Programs\Python\Python312\Lib\site-packages\sklearn\utils\validation.py:2749: UserWarning: X does not have valid feature names, but LinearRegression was fitted with feature names
  warnings.warn(
C:\Users\acer\AppData\Local\Programs\Python\Python312\Lib\site-packages\sklearn\utils\validation.py:2749: UserWarning: X does not have valid feature names, but LinearRegression was fitted with feature names
  warnings.warn(
[07/Apr/2026 14:32:30] "GET /status/marketplaces/ HTTP/1.1" 200 639
[07/Apr/2026 14:32:30] "POST /predict/ HTTP/1.1" 200 137
C:\Users\acer\AppData\Local\Programs\Python\Python312\Lib\site-packages\sklearn\utils\validation.py:2749: UserWarning: X does not have valid feature names, but LinearRegression was fitted with feature names
  warnings.warn(
[07/Apr/2026 14:32:30] "POST /predict/marketplace/ HTTP/1.1" 201 318
C:\Users\acer\AppData\Local\Programs\Python\Python312\Lib\site-packages\sklearn\utils\validation.py:2749: UserWarning: X does not have valid feature names, but LinearRegression was fitted with feature names
  warnings.warn(
[07/Apr/2026 14:32:30] "POST /predict/marketplace/ HTTP/1.1" 201 322
C:\Users\acer\AppData\Local\Programs\Python\Python312\Lib\site-packages\sklearn\utils\validation.py:2749: UserWarning: X does not have valid feature names, but LinearRegression was fitted with feature names
  warnings.warn(
[07/Apr/2026 14:32:31] "POST /predict/ HTTP/1.1" 200 137
C:\Users\acer\AppData\Local\Programs\Python\Python312\Lib\site-packages\sklearn\utils\validation.py:2749: UserWarning: X does not have valid feature names, but LinearRegression was fitted with feature names
  warnings.warn(
[07/Apr/2026 14:32:31] "GET /status/marketplaces/ HTTP/1.1" 200 639
C:\Users\acer\AppData\Local\Programs\Python\Python312\Lib\site-packages\sklearn\utils\validation.py:2749: UserWarning: X does not have valid feature names, but LinearRegression was fitted with feature names
  warnings.warn(
[07/Apr/2026 14:32:31] "POST /predict/marketplace/ HTTP/1.1" 201 322
[07/Apr/2026 14:32:31] "POST /predict/marketplace/ HTTP/1.1" 201 318
C:\Users\acer\AppData\Local\Programs\Python\Python312\Lib\site-packages\sklearn\utils\validation.py:2749: UserWarning: X does not have valid feature names, but LinearRegression was fitted with feature names
  warnings.warn(
C:\Users\acer\AppData\Local\Programs\Python\Python312\Lib\site-packages\sklearn\utils\validation.py:2749: UserWarning: X does not have valid feature names, but LinearRegression was fitted with feature names
  warnings.warn(
C:\Users\acer\AppData\Local\Programs\Python\Python312\Lib\site-packages\sklearn\utils\validation.py:2749: UserWarning: X does not have valid feature names, but LinearRegression was fitted with feature names
  warnings.warn(
C:\Users\acer\AppData\Local\Programs\Python\Python312\Lib\site-packages\sklearn\utils\validation.py:2749: UserWarning: X does not have valid feature names, but LinearRegression was fitted with feature names
  warnings.warn(
[07/Apr/2026 14:32:31] "GET /status/marketplaces/ HTTP/1.1" 200 639
[07/Apr/2026 14:32:31] "POST /predict/marketplace/ HTTP/1.1" 201 322
[07/Apr/2026 14:32:31] "POST /predict/ HTTP/1.1" 200 137
[07/Apr/2026 14:32:31] "POST /predict/marketplace/ HTTP/1.1" 201 318
C:\Users\acer\AppData\Local\Programs\Python\Python312\Lib\site-packages\sklearn\utils\validation.py:2749: UserWarning: X does not have valid feature names, but LinearRegression was fitted with feature names
  warnings.warn(
C:\Users\acer\AppData\Local\Programs\Python\Python312\Lib\site-packages\sklearn\utils\validation.py:2749: UserWarning: X does not have valid feature names, but LinearRegression was fitted with feature names
  warnings.warn(
[07/Apr/2026 14:32:31] "GET /status/marketplaces/ HTTP/1.1" 200 639
C:\Users\acer\AppData\Local\Programs\Python\Python312\Lib\site-packages\sklearn\utils\validation.py:2749: UserWarning: X does not have valid feature names, but LinearRegression was fitted with feature names
  warnings.warn(
[07/Apr/2026 14:32:31] "POST /predict/marketplace/ HTTP/1.1" 201 318
C:\Users\acer\AppData\Local\Programs\Python\Python312\Lib\site-packages\sklearn\utils\validation.py:2749: UserWarning: X does not have valid feature names, but LinearRegression was fitted with feature names
  warnings.warn(
[07/Apr/2026 14:32:31] "POST /predict/marketplace/ HTTP/1.1" 201 322
[07/Apr/2026 14:32:31] "POST /predict/ HTTP/1.1" 200 137
C:\Users\acer\AppData\Local\Programs\Python\Python312\Lib\site-packages\sklearn\utils\validation.py:2749: UserWarning: X does not have valid feature names, but LinearRegression was fitted with feature names
  warnings.warn(
C:\Users\acer\AppData\Local\Programs\Python\Python312\Lib\site-packages\sklearn\utils\validation.py:2749: UserWarning: X does not have valid feature names, but LinearRegression was fitted with feature names
  warnings.warn(
[07/Apr/2026 14:32:31] "GET /status/marketplaces/ HTTP/1.1" 200 639
C:\Users\acer\AppData\Local\Programs\Python\Python312\Lib\site-packages\sklearn\utils\validation.py:2749: UserWarning: X does not have valid feature names, but LinearRegression was fitted with feature names
  warnings.warn(
[07/Apr/2026 14:32:31] "POST /predict/ HTTP/1.1" 200 137
C:\Users\acer\AppData\Local\Programs\Python\Python312\Lib\site-packages\sklearn\utils\validation.py:2749: UserWarning: X does not have valid feature names, but LinearRegression was fitted with feature names
  warnings.warn(
C:\Users\acer\AppData\Local\Programs\Python\Python312\Lib\site-packages\sklearn\utils\validation.py:2749: UserWarning: X does not have valid feature names, but LinearRegression was fitted with feature names
  warnings.warn(
[07/Apr/2026 14:32:31] "POST /predict/marketplace/ HTTP/1.1" 201 322
C:\Users\acer\AppData\Local\Programs\Python\Python312\Lib\site-packages\sklearn\utils\validation.py:2749: UserWarning: X does not have valid feature names, but LinearRegression was fitted with feature names
  warnings.warn(
[07/Apr/2026 14:32:31] "POST /predict/ HTTP/1.1" 200 137
[07/Apr/2026 14:32:31] "POST /predict/marketplace/ HTTP/1.1" 201 318
C:\Users\acer\AppData\Local\Programs\Python\Python312\Lib\site-packages\sklearn\utils\validation.py:2749: UserWarning: X does not have valid feature names, but LinearRegression was fitted with feature names
  warnings.warn(
[07/Apr/2026 14:32:31] "GET /status/marketplaces/ HTTP/1.1" 200 639
C:\Users\acer\AppData\Local\Programs\Python\Python312\Lib\site-packages\sklearn\utils\validation.py:2749: UserWarning: X does not have valid feature names, but LinearRegression was fitted with feature names
  warnings.warn(
[07/Apr/2026 14:32:31] "POST /predict/marketplace/ HTTP/1.1" 201 318
C:\Users\acer\AppData\Local\Programs\Python\Python312\Lib\site-packages\sklearn\utils\validation.py:2749: UserWarning: X does not have valid feature names, but LinearRegression was fitted with feature names
  warnings.warn(
[07/Apr/2026 14:32:31] "POST /predict/marketplace/ HTTP/1.1" 201 322
[07/Apr/2026 14:32:31] "POST /predict/ HTTP/1.1" 200 137
C:\Users\acer\AppData\Local\Programs\Python\Python312\Lib\site-packages\sklearn\utils\validation.py:2749: UserWarning: X does not have valid feature names, but LinearRegression was fitted with feature names
  warnings.warn(
[07/Apr/2026 14:32:31] "POST /predict/marketplace/ HTTP/1.1" 201 322
[07/Apr/2026 14:32:31] "POST /predict/marketplace/ HTTP/1.1" 201 318
C:\Users\acer\AppData\Local\Programs\Python\Python312\Lib\site-packages\sklearn\utils\validation.py:2749: UserWarning: X does not have valid feature names, but LinearRegression was fitted with feature names
  warnings.warn(
C:\Users\acer\AppData\Local\Programs\Python\Python312\Lib\site-packages\sklearn\utils\validation.py:2749: UserWarning: X does not have valid feature names, but LinearRegression was fitted with feature names
  warnings.warn(
[07/Apr/2026 14:32:31] "GET /status/marketplaces/ HTTP/1.1" 200 639
C:\Users\acer\AppData\Local\Programs\Python\Python312\Lib\site-packages\sklearn\utils\validation.py:2749: UserWarning: X does not have valid feature names, but LinearRegression was fitted with feature names
  warnings.warn(
C:\Users\acer\AppData\Local\Programs\Python\Python312\Lib\site-packages\sklearn\utils\validation.py:2749: UserWarning: X does not have valid feature names, but LinearRegression was fitted with feature names
  warnings.warn(
[07/Apr/2026 14:32:31] "POST /predict/marketplace/ HTTP/1.1" 201 322
[07/Apr/2026 14:32:31] "POST /predict/marketplace/ HTTP/1.1" 201 318
C:\Users\acer\AppData\Local\Programs\Python\Python312\Lib\site-packages\sklearn\utils\validation.py:2749: UserWarning: X does not have valid feature names, but LinearRegression was fitted with feature names
  warnings.warn(
C:\Users\acer\AppData\Local\Programs\Python\Python312\Lib\site-packages\sklearn\utils\validation.py:2749: UserWarning: X does not have valid feature names, but LinearRegression was fitted with feature names
  warnings.warn(
C:\Users\acer\AppData\Local\Programs\Python\Python312\Lib\site-packages\sklearn\utils\validation.py:2749: UserWarning: X does not have valid feature names, but LinearRegression was fitted with feature names
  warnings.warn(
[07/Apr/2026 14:32:31] "GET /status/marketplaces/ HTTP/1.1" 200 639
[07/Apr/2026 14:32:31] "POST /predict/ HTTP/1.1" 200 137
C:\Users\acer\AppData\Local\Programs\Python\Python312\Lib\site-packages\sklearn\utils\validation.py:2749: UserWarning: X does not have valid feature names, but LinearRegression was fitted with feature names
  warnings.warn(
C:\Users\acer\AppData\Local\Programs\Python\Python312\Lib\site-packages\sklearn\utils\validation.py:2749: UserWarning: X does not have valid feature names, but LinearRegression was fitted with feature names
  warnings.warn(
[07/Apr/2026 14:32:31] "GET /status/marketplaces/ HTTP/1.1" 200 639
C:\Users\acer\AppData\Local\Programs\Python\Python312\Lib\site-packages\sklearn\utils\validation.py:2749: UserWarning: X does not have valid feature names, but LinearRegression was fitted with feature names
  warnings.warn(
C:\Users\acer\AppData\Local\Programs\Python\Python312\Lib\site-packages\sklearn\utils\validation.py:2749: UserWarning: X does not have valid feature names, but LinearRegression was fitted with feature names
  warnings.warn(
[07/Apr/2026 14:32:31] "POST /predict/marketplace/ HTTP/1.1" 201 318
[07/Apr/2026 14:32:31] "POST /predict/marketplace/ HTTP/1.1" 201 322
C:\Users\acer\AppData\Local\Programs\Python\Python312\Lib\site-packages\sklearn\utils\validation.py:2749: UserWarning: X does not have valid feature names, but LinearRegression was fitted with feature names
  warnings.warn(
C:\Users\acer\AppData\Local\Programs\Python\Python312\Lib\site-packages\sklearn\utils\validation.py:2749: UserWarning: X does not have valid feature names, but LinearRegression was fitted with feature names
  warnings.warn(
[07/Apr/2026 14:32:31] "GET /status/marketplaces/ HTTP/1.1" 200 639
C:\Users\acer\AppData\Local\Programs\Python\Python312\Lib\site-packages\sklearn\utils\validation.py:2749: UserWarning: X does not have valid feature names, but LinearRegression was fitted with feature names
  warnings.warn(
C:\Users\acer\AppData\Local\Programs\Python\Python312\Lib\site-packages\sklearn\utils\validation.py:2749: UserWarning: X does not have valid feature names, but LinearRegression was fitted with feature names
  warnings.warn(
[07/Apr/2026 14:32:31] "GET /status/marketplaces/ HTTP/1.1" 200 639
C:\Users\acer\AppData\Local\Programs\Python\Python312\Lib\site-packages\sklearn\utils\validation.py:2749: UserWarning: X does not have valid feature names, but LinearRegression was fitted with feature names
  warnings.warn(
C:\Users\acer\AppData\Local\Programs\Python\Python312\Lib\site-packages\sklearn\utils\validation.py:2749: UserWarning: X does not have valid feature names, but LinearRegression was fitted with feature names
  warnings.warn(
[07/Apr/2026 14:32:33] "GET /status/marketplaces/ HTTP/1.1" 200 639
C:\Users\acer\AppData\Local\Programs\Python\Python312\Lib\site-packages\sklearn\utils\validation.py:2749: UserWarning: X does not have valid feature names, but LinearRegression was fitted with feature names
  warnings.warn(
C:\Users\acer\AppData\Local\Programs\Python\Python312\Lib\site-packages\sklearn\utils\validation.py:2749: UserWarning: X does not have valid feature names, but LinearRegression was fitted with feature names
  warnings.warn(
[07/Apr/2026 14:32:36] "GET /status/marketplaces/ HTTP/1.1" 200 639
C:\Users\acer\AppData\Local\Programs\Python\Python312\Lib\site-packages\sklearn\utils\validation.py:2749: UserWarning: X does not have valid feature names, but LinearRegression was fitted with feature names
  warnings.warn(
C:\Users\acer\AppData\Local\Programs\Python\Python312\Lib\site-packages\sklearn\utils\validation.py:2749: UserWarning: X does not have valid feature names, but LinearRegression was fitted with feature names
  warnings.warn(
[07/Apr/2026 14:32:39] "GET /status/marketplaces/ HTTP/1.1" 200 639
C:\Users\acer\AppData\Local\Programs\Python\Python312\Lib\site-packages\sklearn\utils\validation.py:2749: UserWarning: X does not have valid feature names, but LinearRegression was fitted with feature names
  warnings.warn(
C:\Users\acer\AppData\Local\Programs\Python\Python312\Lib\site-packages\sklearn\utils\validation.py:2749: UserWarning: X does not have valid feature names, but LinearRegression was fitted with feature names
  warnings.warn(
[07/Apr/2026 14:32:42] "GET /status/marketplaces/ HTTP/1.1" 200 639
C:\Users\acer\AppData\Local\Programs\Python\Python312\Lib\site-packages\sklearn\utils\validation.py:2749: UserWarning: X does not have valid feature names, but LinearRegression was fitted with feature names
  warnings.warn(
C:\Users\acer\AppData\Local\Programs\Python\Python312\Lib\site-packages\sklearn\utils\validation.py:2749: UserWarning: X does not have valid feature names, but LinearRegression was fitted with feature names
  warnings.warn(
[07/Apr/2026 14:32:45] "GET /status/marketplaces/ HTTP/1.1" 200 639
C:\Users\acer\AppData\Local\Programs\Python\Python312\Lib\site-packages\sklearn\utils\validation.py:2749: UserWarning: X does not have valid feature names, but LinearRegression was fitted with feature names
  warnings.warn(
C:\Users\acer\AppData\Local\Programs\Python\Python312\Lib\site-packages\sklearn\utils\validation.py:2749: UserWarning: X does not have valid feature names, but LinearRegression was fitted with feature names
  warnings.warn(
[07/Apr/2026 14:32:48] "GET /status/marketplaces/ HTTP/1.1" 200 639
C:\Users\acer\AppData\Local\Programs\Python\Python312\Lib\site-packages\sklearn\utils\validation.py:2749: UserWarning: X does not have valid feature names, but LinearRegression was fitted with feature names
  warnings.warn(
C:\Users\acer\AppData\Local\Programs\Python\Python312\Lib\site-packages\sklearn\utils\validation.py:2749: UserWarning: X does not have valid feature names, but LinearRegression was fitted with feature names
  warnings.warn(
[07/Apr/2026 14:32:51] "GET /status/marketplaces/ HTTP/1.1" 200 639
C:\Users\acer\AppData\Local\Programs\Python\Python312\Lib\site-packages\sklearn\utils\validation.py:2749: UserWarning: X does not have valid feature names, but LinearRegression was fitted with feature names
  warnings.warn(
C:\Users\acer\AppData\Local\Programs\Python\Python312\Lib\site-packages\sklearn\utils\validation.py:2749: UserWarning: X does not have valid feature names, but LinearRegression was fitted with feature names
  warnings.warn(
[07/Apr/2026 14:32:54] "GET /status/marketplaces/ HTTP/1.1" 200 639
C:\Users\acer\AppData\Local\Programs\Python\Python312\Lib\site-packages\sklearn\utils\validation.py:2749: UserWarning: X does not have valid feature names, but LinearRegression was fitted with feature names
  warnings.warn(
C:\Users\acer\AppData\Local\Programs\Python\Python312\Lib\site-packages\sklearn\utils\validation.py:2749: UserWarning: X does not have valid feature names, but LinearRegression was fitted with feature names
  warnings.warn(
[07/Apr/2026 14:32:57] "GET /status/marketplaces/ HTTP/1.1" 200 639
C:\Users\acer\AppData\Local\Programs\Python\Python312\Lib\site-packages\sklearn\utils\validation.py:2749: UserWarning: X does not have valid feature names, but LinearRegression was fitted with feature names
  warnings.warn(
C:\Users\acer\AppData\Local\Programs\Python\Python312\Lib\site-packages\sklearn\utils\validation.py:2749: UserWarning: X does not have valid feature names, but LinearRegression was fitted with feature names
  warnings.warn(
[07/Apr/2026 14:33:00] "GET /status/marketplaces/ HTTP/1.1" 200 639
C:\Users\acer\AppData\Local\Programs\Python\Python312\Lib\site-packages\sklearn\utils\validation.py:2749: UserWarning: X does not have valid feature names, but LinearRegression was fitted with feature names
  warnings.warn(
C:\Users\acer\AppData\Local\Programs\Python\Python312\Lib\site-packages\sklearn\utils\validation.py:2749: UserWarning: X does not have valid feature names, but LinearRegression was fitted with feature names
  warnings.warn(
[07/Apr/2026 14:33:03] "GET /status/marketplaces/ HTTP/1.1" 200 639
C:\Users\acer\AppData\Local\Programs\Python\Python312\Lib\site-packages\sklearn\utils\validation.py:2749: UserWarning: X does not have valid feature names, but LinearRegression was fitted with feature names
  warnings.warn(
C:\Users\acer\AppData\Local\Programs\Python\Python312\Lib\site-packages\sklearn\utils\validation.py:2749: UserWarning: X does not have valid feature names, but LinearRegression was fitted with feature names
  warnings.warn(
[07/Apr/2026 14:33:06] "GET /status/marketplaces/ HTTP/1.1" 200 639
C:\Users\acer\AppData\Local\Programs\Python\Python312\Lib\site-packages\sklearn\utils\validation.py:2749: UserWarning: X does not have valid feature names, but LinearRegression was fitted with feature names
  warnings.warn(
C:\Users\acer\AppData\Local\Programs\Python\Python312\Lib\site-packages\sklearn\utils\validation.py:2749: UserWarning: X does not have valid feature names, but LinearRegression was fitted with feature names
  warnings.warn(
[07/Apr/2026 14:33:09] "GET /status/marketplaces/ HTTP/1.1" 200 639
C:\Users\acer\AppData\Local\Programs\Python\Python312\Lib\site-packages\sklearn\utils\validation.py:2749: UserWarning: X does not have valid feature names, but LinearRegression was fitted with feature names
  warnings.warn(
C:\Users\acer\AppData\Local\Programs\Python\Python312\Lib\site-packages\sklearn\utils\validation.py:2749: UserWarning: X does not have valid feature names, but LinearRegression was fitted with feature names
  warnings.warn(
[07/Apr/2026 14:33:12] "GET /status/marketplaces/ HTTP/1.1" 200 639
C:\Users\acer\AppData\Local\Programs\Python\Python312\Lib\site-packages\sklearn\utils\validation.py:2749: UserWarning: X does not have valid feature names, but LinearRegression was fitted with feature names
  warnings.warn(
C:\Users\acer\AppData\Local\Programs\Python\Python312\Lib\site-packages\sklearn\utils\validation.py:2749: UserWarning: X does not have valid feature names, but LinearRegression was fitted with feature names
  warnings.warn(
[07/Apr/2026 14:33:15] "GET /status/marketplaces/ HTTP/1.1" 200 639
C:\Users\acer\AppData\Local\Programs\Python\Python312\Lib\site-packages\sklearn\utils\validation.py:2749: UserWarning: X does not have valid feature names, but LinearRegression was fitted with feature names
  warnings.warn(
C:\Users\acer\AppData\Local\Programs\Python\Python312\Lib\site-packages\sklearn\utils\validation.py:2749: UserWarning: X does not have valid feature names, but LinearRegression was fitted with feature names
  warnings.warn(
[07/Apr/2026 14:33:18] "GET /status/marketplaces/ HTTP/1.1" 200 639
C:\Users\acer\AppData\Local\Programs\Python\Python312\Lib\site-packages\sklearn\utils\validation.py:2749: UserWarning: X does not have valid feature names, but LinearRegression was fitted with feature names
  warnings.warn(
C:\Users\acer\AppData\Local\Programs\Python\Python312\Lib\site-packages\sklearn\utils\validation.py:2749: UserWarning: X does not have valid feature names, but LinearRegression was fitted with feature names
  warnings.warn(
[07/Apr/2026 14:33:21] "GET /status/marketplaces/ HTTP/1.1" 200 639
C:\Users\acer\AppData\Local\Programs\Python\Python312\Lib\site-packages\sklearn\utils\validation.py:2749: UserWarning: X does not have valid feature names, but LinearRegression was fitted with feature names
  warnings.warn(
C:\Users\acer\AppData\Local\Programs\Python\Python312\Lib\site-packages\sklearn\utils\validation.py:2749: UserWarning: X does not have valid feature names, but LinearRegression was fitted with feature names
  warnings.warn(
[07/Apr/2026 14:33:24] "GET /status/marketplaces/ HTTP/1.1" 200 639
C:\Users\acer\AppData\Local\Programs\Python\Python312\Lib\site-packages\sklearn\utils\validation.py:2749: UserWarning: X does not have valid feature names, but LinearRegression was fitted with feature names
  warnings.warn(
C:\Users\acer\AppData\Local\Programs\Python\Python312\Lib\site-packages\sklearn\utils\validation.py:2749: UserWarning: X does not have valid feature names, but LinearRegression was fitted with feature names
  warnings.warn(
[07/Apr/2026 14:33:27] "GET /status/marketplaces/ HTTP/1.1" 200 639
C:\Users\acer\AppData\Local\Programs\Python\Python312\Lib\site-packages\sklearn\utils\validation.py:2749: UserWarning: X does not have valid feature names, but LinearRegression was fitted with feature names
  warnings.warn(
C:\Users\acer\AppData\Local\Programs\Python\Python312\Lib\site-packages\sklearn\utils\validation.py:2749: UserWarning: X does not have valid feature names, but LinearRegression was fitted with feature names
  warnings.warn(
[07/Apr/2026 14:33:30] "GET /status/marketplaces/ HTTP/1.1" 200 639
C:\Users\acer\AppData\Local\Programs\Python\Python312\Lib\site-packages\sklearn\utils\validation.py:2749: UserWarning: X does not have valid feature names, but LinearRegression was fitted with feature names
  warnings.warn(
[07/Apr/2026 14:33:31] "POST /predict/ HTTP/1.1" 200 136
C:\Users\acer\AppData\Local\Programs\Python\Python312\Lib\site-packages\sklearn\utils\validation.py:2749: UserWarning: X does not have valid feature names, but LinearRegression was fitted with feature names
  warnings.warn(
C:\Users\acer\AppData\Local\Programs\Python\Python312\Lib\site-packages\sklearn\utils\validation.py:2749: UserWarning: X does not have valid feature names, but LinearRegression was fitted with feature names
  warnings.warn(
[07/Apr/2026 14:33:31] "POST /predict/marketplace/ HTTP/1.1" 201 321
[07/Apr/2026 14:33:31] "POST /predict/marketplace/ HTTP/1.1" 201 317
C:\Users\acer\AppData\Local\Programs\Python\Python312\Lib\site-packages\sklearn\utils\validation.py:2749: UserWarning: X does not have valid feature names, but LinearRegression was fitted with feature names
  warnings.warn(
C:\Users\acer\AppData\Local\Programs\Python\Python312\Lib\site-packages\sklearn\utils\validation.py:2749: UserWarning: X does not have valid feature names, but LinearRegression was fitted with feature names
  warnings.warn(
[07/Apr/2026 14:33:31] "GET /status/marketplaces/ HTTP/1.1" 200 647
C:\Users\acer\AppData\Local\Programs\Python\Python312\Lib\site-packages\sklearn\utils\validation.py:2749: UserWarning: X does not have valid feature names, but LinearRegression was fitted with feature names
  warnings.warn(
C:\Users\acer\AppData\Local\Programs\Python\Python312\Lib\site-packages\sklearn\utils\validation.py:2749: UserWarning: X does not have valid feature names, but LinearRegression was fitted with feature names
  warnings.warn(
[07/Apr/2026 14:33:33] "GET /status/marketplaces/ HTTP/1.1" 200 647
C:\Users\acer\AppData\Local\Programs\Python\Python312\Lib\site-packages\sklearn\utils\validation.py:2749: UserWarning: X does not have valid feature names, but LinearRegression was fitted with feature names
  warnings.warn(
C:\Users\acer\AppData\Local\Programs\Python\Python312\Lib\site-packages\sklearn\utils\validation.py:2749: UserWarning: X does not have valid feature names, but LinearRegression was fitted with feature names
  warnings.warn(
[07/Apr/2026 14:33:36] "GET /status/marketplaces/ HTTP/1.1" 200 647
C:\Users\acer\AppData\Local\Programs\Python\Python312\Lib\site-packages\sklearn\utils\validation.py:2749: UserWarning: X does not have valid feature names, but LinearRegression was fitted with feature names
  warnings.warn(
C:\Users\acer\AppData\Local\Programs\Python\Python312\Lib\site-packages\sklearn\utils\validation.py:2749: UserWarning: X does not have valid feature names, but LinearRegression was fitted with feature names
  warnings.warn(
[07/Apr/2026 14:33:39] "GET /status/marketplaces/ HTTP/1.1" 200 647
C:\Users\acer\AppData\Local\Programs\Python\Python312\Lib\site-packages\sklearn\utils\validation.py:2749: UserWarning: X does not have valid feature names, but LinearRegression was fitted with feature names
  warnings.warn(
C:\Users\acer\AppData\Local\Programs\Python\Python312\Lib\site-packages\sklearn\utils\validation.py:2749: UserWarning: X does not have valid feature names, but LinearRegression was fitted with feature names
  warnings.warn(
[07/Apr/2026 14:33:42] "GET /status/marketplaces/ HTTP/1.1" 200 647
C:\Users\acer\AppData\Local\Programs\Python\Python312\Lib\site-packages\sklearn\utils\validation.py:2749: UserWarning: X does not have valid feature names, but LinearRegression was fitted with feature names
  warnings.warn(
C:\Users\acer\AppData\Local\Programs\Python\Python312\Lib\site-packages\sklearn\utils\validation.py:2749: UserWarning: X does not have valid feature names, but LinearRegression was fitted with feature names
  warnings.warn(
[07/Apr/2026 14:33:45] "GET /status/marketplaces/ HTTP/1.1" 200 647
C:\Users\acer\AppData\Local\Programs\Python\Python312\Lib\site-packages\sklearn\utils\validation.py:2749: UserWarning: X does not have valid feature names, but LinearRegression was fitted with feature names
  warnings.warn(
C:\Users\acer\AppData\Local\Programs\Python\Python312\Lib\site-packages\sklearn\utils\validation.py:2749: UserWarning: X does not have valid feature names, but LinearRegression was fitted with feature names
  warnings.warn(
[07/Apr/2026 14:33:48] "GET /status/marketplaces/ HTTP/1.1" 200 647
C:\Users\acer\AppData\Local\Programs\Python\Python312\Lib\site-packages\sklearn\utils\validation.py:2749: UserWarning: X does not have valid feature names, but LinearRegression was fitted with feature names
  warnings.warn(
C:\Users\acer\AppData\Local\Programs\Python\Python312\Lib\site-packages\sklearn\utils\validation.py:2749: UserWarning: X does not have valid feature names, but LinearRegression was fitted with feature names
  warnings.warn(
[07/Apr/2026 14:33:51] "GET /status/marketplaces/ HTTP/1.1" 200 647
C:\Users\acer\AppData\Local\Programs\Python\Python312\Lib\site-packages\sklearn\utils\validation.py:2749: UserWarning: X does not have valid feature names, but LinearRegression was fitted with feature names
  warnings.warn(
C:\Users\acer\AppData\Local\Programs\Python\Python312\Lib\site-packages\sklearn\utils\validation.py:2749: UserWarning: X does not have valid feature names, but LinearRegression was fitted with feature names
  warnings.warn(
[07/Apr/2026 14:33:54] "GET /status/marketplaces/ HTTP/1.1" 200 647
C:\Users\acer\AppData\Local\Programs\Python\Python312\Lib\site-packages\sklearn\utils\validation.py:2749: UserWarning: X does not have valid feature names, but LinearRegression was fitted with feature names
  warnings.warn(
C:\Users\acer\AppData\Local\Programs\Python\Python312\Lib\site-packages\sklearn\utils\validation.py:2749: UserWarning: X does not have valid feature names, but LinearRegression was fitted with feature names
  warnings.warn(
[07/Apr/2026 14:33:57] "GET /status/marketplaces/ HTTP/1.1" 200 647
C:\Users\acer\AppData\Local\Programs\Python\Python312\Lib\site-packages\sklearn\utils\validation.py:2749: UserWarning: X does not have valid feature names, but LinearRegression was fitted with feature names
  warnings.warn(
C:\Users\acer\AppData\Local\Programs\Python\Python312\Lib\site-packages\sklearn\utils\validation.py:2749: UserWarning: X does not have valid feature names, but LinearRegression was fitted with feature names
  warnings.warn(
[07/Apr/2026 14:34:00] "GET /status/marketplaces/ HTTP/1.1" 200 647
C:\Users\acer\AppData\Local\Programs\Python\Python312\Lib\site-packages\sklearn\utils\validation.py:2749: UserWarning: X does not have valid feature names, but LinearRegression was fitted with feature names
  warnings.warn(
C:\Users\acer\AppData\Local\Programs\Python\Python312\Lib\site-packages\sklearn\utils\validation.py:2749: UserWarning: X does not have valid feature names, but LinearRegression was fitted with feature names
  warnings.warn(
[07/Apr/2026 14:34:03] "GET /status/marketplaces/ HTTP/1.1" 200 647
C:\Users\acer\AppData\Local\Programs\Python\Python312\Lib\site-packages\sklearn\utils\validation.py:2749: UserWarning: X does not have valid feature names, but LinearRegression was fitted with feature names
  warnings.warn(
C:\Users\acer\AppData\Local\Programs\Python\Python312\Lib\site-packages\sklearn\utils\validation.py:2749: UserWarning: X does not have valid feature names, but LinearRegression was fitted with feature names
  warnings.warn(
[07/Apr/2026 14:34:06] "GET /status/marketplaces/ HTTP/1.1" 200 647
C:\Users\acer\AppData\Local\Programs\Python\Python312\Lib\site-packages\sklearn\utils\validation.py:2749: UserWarning: X does not have valid feature names, but LinearRegression was fitted with feature names
  warnings.warn(
C:\Users\acer\AppData\Local\Programs\Python\Python312\Lib\site-packages\sklearn\utils\validation.py:2749: UserWarning: X does not have valid feature names, but LinearRegression was fitted with feature names
  warnings.warn(
[07/Apr/2026 14:34:09] "GET /status/marketplaces/ HTTP/1.1" 200 647
C:\Users\acer\AppData\Local\Programs\Python\Python312\Lib\site-packages\sklearn\utils\validation.py:2749: UserWarning: X does not have valid feature names, but LinearRegression was fitted with feature names
  warnings.warn(
C:\Users\acer\AppData\Local\Programs\Python\Python312\Lib\site-packages\sklearn\utils\validation.py:2749: UserWarning: X does not have valid feature names, but LinearRegression was fitted with feature names
  warnings.warn(
[07/Apr/2026 14:34:12] "GET /status/marketplaces/ HTTP/1.1" 200 647
C:\Users\acer\AppData\Local\Programs\Python\Python312\Lib\site-packages\sklearn\utils\validation.py:2749: UserWarning: X does not have valid feature names, but LinearRegression was fitted with feature names
  warnings.warn(
C:\Users\acer\AppData\Local\Programs\Python\Python312\Lib\site-packages\sklearn\utils\validation.py:2749: UserWarning: X does not have valid feature names, but LinearRegression was fitted with feature names
  warnings.warn(
[07/Apr/2026 14:34:15] "GET /status/marketplaces/ HTTP/1.1" 200 647
C:\Users\acer\AppData\Local\Programs\Python\Python312\Lib\site-packages\sklearn\utils\validation.py:2749: UserWarning: X does not have valid feature names, but LinearRegression was fitted with feature names
  warnings.warn(
C:\Users\acer\AppData\Local\Programs\Python\Python312\Lib\site-packages\sklearn\utils\validation.py:2749: UserWarning: X does not have valid feature names, but LinearRegression was fitted with feature names
  warnings.warn(
[07/Apr/2026 14:34:18] "GET /status/marketplaces/ HTTP/1.1" 200 647
C:\Users\acer\AppData\Local\Programs\Python\Python312\Lib\site-packages\sklearn\utils\validation.py:2749: UserWarning: X does not have valid feature names, but LinearRegression was fitted with feature names
  warnings.warn(
C:\Users\acer\AppData\Local\Programs\Python\Python312\Lib\site-packages\sklearn\utils\validation.py:2749: UserWarning: X does not have valid feature names, but LinearRegression was fitted with feature names
  warnings.warn(
[07/Apr/2026 14:34:21] "GET /status/marketplaces/ HTTP/1.1" 200 647
C:\Users\acer\AppData\Local\Programs\Python\Python312\Lib\site-packages\sklearn\utils\validation.py:2749: UserWarning: X does not have valid feature names, but LinearRegression was fitted with feature names
  warnings.warn(
C:\Users\acer\AppData\Local\Programs\Python\Python312\Lib\site-packages\sklearn\utils\validation.py:2749: UserWarning: X does not have valid feature names, but LinearRegression was fitted with feature names
  warnings.warn(
[07/Apr/2026 14:34:24] "GET /status/marketplaces/ HTTP/1.1" 200 647
C:\Users\acer\AppData\Local\Programs\Python\Python312\Lib\site-packages\sklearn\utils\validation.py:2749: UserWarning: X does not have valid feature names, but LinearRegression was fitted with feature names
  warnings.warn(
C:\Users\acer\AppData\Local\Programs\Python\Python312\Lib\site-packages\sklearn\utils\validation.py:2749: UserWarning: X does not have valid feature names, but LinearRegression was fitted with feature names
  warnings.warn(
[07/Apr/2026 14:34:27] "GET /status/marketplaces/ HTTP/1.1" 200 647
C:\Users\acer\AppData\Local\Programs\Python\Python312\Lib\site-packages\sklearn\utils\validation.py:2749: UserWarning: X does not have valid feature names, but LinearRegression was fitted with feature names
  warnings.warn(
C:\Users\acer\AppData\Local\Programs\Python\Python312\Lib\site-packages\sklearn\utils\validation.py:2749: UserWarning: X does not have valid feature names, but LinearRegression was fitted with feature names
  warnings.warn(
[07/Apr/2026 14:34:30] "GET /status/marketplaces/ HTTP/1.1" 200 647
C:\Users\acer\AppData\Local\Programs\Python\Python312\Lib\site-packages\sklearn\utils\validation.py:2749: UserWarning: X does not have valid feature names, but LinearRegression was fitted with feature names
  warnings.warn(
C:\Users\acer\AppData\Local\Programs\Python\Python312\Lib\site-packages\sklearn\utils\validation.py:2749: UserWarning: X does not have valid feature names, but LinearRegression was fitted with feature names
  warnings.warn(
[07/Apr/2026 14:34:33] "GET /status/marketplaces/ HTTP/1.1" 200 647
C:\Users\acer\AppData\Local\Programs\Python\Python312\Lib\site-packages\sklearn\utils\validation.py:2749: UserWarning: X does not have valid feature names, but LinearRegression was fitted with feature names
  warnings.warn(
[07/Apr/2026 14:34:33] "POST /predict/ HTTP/1.1" 200 137
C:\Users\acer\AppData\Local\Programs\Python\Python312\Lib\site-packages\sklearn\utils\validation.py:2749: UserWarning: X does not have valid feature names, but LinearRegression was fitted with feature names
  warnings.warn(
C:\Users\acer\AppData\Local\Programs\Python\Python312\Lib\site-packages\sklearn\utils\validation.py:2749: UserWarning: X does not have valid feature names, but LinearRegression was fitted with feature names
  warnings.warn(
[07/Apr/2026 14:34:33] "POST /predict/marketplace/ HTTP/1.1" 201 318
[07/Apr/2026 14:34:33] "POST /predict/marketplace/ HTTP/1.1" 201 322
C:\Users\acer\AppData\Local\Programs\Python\Python312\Lib\site-packages\sklearn\utils\validation.py:2749: UserWarning: X does not have valid feature names, but LinearRegression was fitted with feature names
  warnings.warn(
C:\Users\acer\AppData\Local\Programs\Python\Python312\Lib\site-packages\sklearn\utils\validation.py:2749: UserWarning: X does not have valid feature names, but LinearRegression was fitted with feature names
  warnings.warn(
[07/Apr/2026 14:34:33] "GET /status/marketplaces/ HTTP/1.1" 200 639
C:\Users\acer\AppData\Local\Programs\Python\Python312\Lib\site-packages\sklearn\utils\validation.py:2749: UserWarning: X does not have valid feature names, but LinearRegression was fitted with feature names
  warnings.warn(
C:\Users\acer\AppData\Local\Programs\Python\Python312\Lib\site-packages\sklearn\utils\validation.py:2749: UserWarning: X does not have valid feature names, but LinearRegression was fitted with feature names
  warnings.warn(
[07/Apr/2026 14:34:36] "GET /status/marketplaces/ HTTP/1.1" 200 639
C:\Users\acer\AppData\Local\Programs\Python\Python312\Lib\site-packages\sklearn\utils\validation.py:2749: UserWarning: X does not have valid feature names, but LinearRegression was fitted with feature names
  warnings.warn(
C:\Users\acer\AppData\Local\Programs\Python\Python312\Lib\site-packages\sklearn\utils\validation.py:2749: UserWarning: X does not have valid feature names, but LinearRegression was fitted with feature names
  warnings.warn(
[07/Apr/2026 14:34:39] "GET /status/marketplaces/ HTTP/1.1" 200 639
C:\Users\acer\AppData\Local\Programs\Python\Python312\Lib\site-packages\sklearn\utils\validation.py:2749: UserWarning: X does not have valid feature names, but LinearRegression was fitted with feature names
  warnings.warn(
C:\Users\acer\AppData\Local\Programs\Python\Python312\Lib\site-packages\sklearn\utils\validation.py:2749: UserWarning: X does not have valid feature names, but LinearRegression was fitted with feature names
  warnings.warn(
[07/Apr/2026 14:34:42] "GET /status/marketplaces/ HTTP/1.1" 200 639
C:\Users\acer\AppData\Local\Programs\Python\Python312\Lib\site-packages\sklearn\utils\validation.py:2749: UserWarning: X does not have valid feature names, but LinearRegression was fitted with feature names
  warnings.warn(
C:\Users\acer\AppData\Local\Programs\Python\Python312\Lib\site-packages\sklearn\utils\validation.py:2749: UserWarning: X does not have valid feature names, but LinearRegression was fitted with feature names
  warnings.warn(
[07/Apr/2026 14:34:45] "GET /status/marketplaces/ HTTP/1.1" 200 639
C:\Users\acer\AppData\Local\Programs\Python\Python312\Lib\site-packages\sklearn\utils\validation.py:2749: UserWarning: X does not have valid feature names, but LinearRegression was fitted with feature names
  warnings.warn(
C:\Users\acer\AppData\Local\Programs\Python\Python312\Lib\site-packages\sklearn\utils\validation.py:2749: UserWarning: X does not have valid feature names, but LinearRegression was fitted with feature names
  warnings.warn(
[07/Apr/2026 14:34:48] "GET /status/marketplaces/ HTTP/1.1" 200 639
C:\Users\acer\AppData\Local\Programs\Python\Python312\Lib\site-packages\sklearn\utils\validation.py:2749: UserWarning: X does not have valid feature names, but LinearRegression was fitted with feature names
  warnings.warn(
C:\Users\acer\AppData\Local\Programs\Python\Python312\Lib\site-packages\sklearn\utils\validation.py:2749: UserWarning: X does not have valid feature names, but LinearRegression was fitted with feature names
  warnings.warn(
[07/Apr/2026 14:34:51] "GET /status/marketplaces/ HTTP/1.1" 200 639
C:\Users\acer\AppData\Local\Programs\Python\Python312\Lib\site-packages\sklearn\utils\validation.py:2749: UserWarning: X does not have valid feature names, but LinearRegression was fitted with feature names
  warnings.warn(
C:\Users\acer\AppData\Local\Programs\Python\Python312\Lib\site-packages\sklearn\utils\validation.py:2749: UserWarning: X does not have valid feature names, but LinearRegression was fitted with feature names
  warnings.warn(
[07/Apr/2026 14:34:54] "GET /status/marketplaces/ HTTP/1.1" 200 639
C:\Users\acer\AppData\Local\Programs\Python\Python312\Lib\site-packages\sklearn\utils\validation.py:2749: UserWarning: X does not have valid feature names, but LinearRegression was fitted with feature names
  warnings.warn(
C:\Users\acer\AppData\Local\Programs\Python\Python312\Lib\site-packages\sklearn\utils\validation.py:2749: UserWarning: X does not have valid feature names, but LinearRegression was fitted with feature names
  warnings.warn(
[07/Apr/2026 14:34:57] "GET /status/marketplaces/ HTTP/1.1" 200 639
C:\Users\acer\AppData\Local\Programs\Python\Python312\Lib\site-packages\sklearn\utils\validation.py:2749: UserWarning: X does not have valid feature names, but LinearRegression was fitted with feature names
  warnings.warn(
C:\Users\acer\AppData\Local\Programs\Python\Python312\Lib\site-packages\sklearn\utils\validation.py:2749: UserWarning: X does not have valid feature names, but LinearRegression was fitted with feature names
  warnings.warn(
[07/Apr/2026 14:35:00] "GET /status/marketplaces/ HTTP/1.1" 200 639
C:\Users\acer\AppData\Local\Programs\Python\Python312\Lib\site-packages\sklearn\utils\validation.py:2749: UserWarning: X does not have valid feature names, but LinearRegression was fitted with feature names
  warnings.warn(
C:\Users\acer\AppData\Local\Programs\Python\Python312\Lib\site-packages\sklearn\utils\validation.py:2749: UserWarning: X does not have valid feature names, but LinearRegression was fitted with feature names
  warnings.warn(
[07/Apr/2026 14:35:03] "GET /status/marketplaces/ HTTP/1.1" 200 639
C:\Users\acer\AppData\Local\Programs\Python\Python312\Lib\site-packages\sklearn\utils\validation.py:2749: UserWarning: X does not have valid feature names, but LinearRegression was fitted with feature names
  warnings.warn(
[07/Apr/2026 14:35:05] "POST /predict/ HTTP/1.1" 200 140
C:\Users\acer\AppData\Local\Programs\Python\Python312\Lib\site-packages\sklearn\utils\validation.py:2749: UserWarning: X does not have valid feature names, but LinearRegression was fitted with feature names
  warnings.warn(
C:\Users\acer\AppData\Local\Programs\Python\Python312\Lib\site-packages\sklearn\utils\validation.py:2749: UserWarning: X does not have valid feature names, but LinearRegression was fitted with feature names
  warnings.warn(
[07/Apr/2026 14:35:05] "POST /predict/marketplace/ HTTP/1.1" 201 325
[07/Apr/2026 14:35:05] "POST /predict/marketplace/ HTTP/1.1" 201 321
C:\Users\acer\AppData\Local\Programs\Python\Python312\Lib\site-packages\sklearn\utils\validation.py:2749: UserWarning: X does not have valid feature names, but LinearRegression was fitted with feature names
  warnings.warn(
C:\Users\acer\AppData\Local\Programs\Python\Python312\Lib\site-packages\sklearn\utils\validation.py:2749: UserWarning: X does not have valid feature names, but LinearRegression was fitted with feature names
  warnings.warn(
[07/Apr/2026 14:35:06] "GET /status/marketplaces/ HTTP/1.1" 200 649
C:\Users\acer\AppData\Local\Programs\Python\Python312\Lib\site-packages\sklearn\utils\validation.py:2749: UserWarning: X does not have valid feature names, but LinearRegression was fitted with feature names
  warnings.warn(
C:\Users\acer\AppData\Local\Programs\Python\Python312\Lib\site-packages\sklearn\utils\validation.py:2749: UserWarning: X does not have valid feature names, but LinearRegression was fitted with feature names
  warnings.warn(
[07/Apr/2026 14:35:06] "GET /status/marketplaces/ HTTP/1.1" 200 649
C:\Users\acer\AppData\Local\Programs\Python\Python312\Lib\site-packages\sklearn\utils\validation.py:2749: UserWarning: X does not have valid feature names, but LinearRegression was fitted with feature names
  warnings.warn(
C:\Users\acer\AppData\Local\Programs\Python\Python312\Lib\site-packages\sklearn\utils\validation.py:2749: UserWarning: X does not have valid feature names, but LinearRegression was fitted with feature names
  warnings.warn(
[07/Apr/2026 14:35:09] "GET /status/marketplaces/ HTTP/1.1" 200 649
C:\Users\acer\AppData\Local\Programs\Python\Python312\Lib\site-packages\sklearn\utils\validation.py:2749: UserWarning: X does not have valid feature names, but LinearRegression was fitted with feature names
  warnings.warn(
C:\Users\acer\AppData\Local\Programs\Python\Python312\Lib\site-packages\sklearn\utils\validation.py:2749: UserWarning: X does not have valid feature names, but LinearRegression was fitted with feature names
  warnings.warn(
[07/Apr/2026 14:35:12] "GET /status/marketplaces/ HTTP/1.1" 200 649
C:\Users\acer\AppData\Local\Programs\Python\Python312\Lib\site-packages\sklearn\utils\validation.py:2749: UserWarning: X does not have valid feature names, but LinearRegression was fitted with feature names
  warnings.warn(
C:\Users\acer\AppData\Local\Programs\Python\Python312\Lib\site-packages\sklearn\utils\validation.py:2749: UserWarning: X does not have valid feature names, but LinearRegression was fitted with feature names
  warnings.warn(
[07/Apr/2026 14:35:15] "GET /status/marketplaces/ HTTP/1.1" 200 649
C:\Users\acer\AppData\Local\Programs\Python\Python312\Lib\site-packages\sklearn\utils\validation.py:2749: UserWarning: X does not have valid feature names, but LinearRegression was fitted with feature names
  warnings.warn(
C:\Users\acer\AppData\Local\Programs\Python\Python312\Lib\site-packages\sklearn\utils\validation.py:2749: UserWarning: X does not have valid feature names, but LinearRegression was fitted with feature names
  warnings.warn(
[07/Apr/2026 14:35:18] "GET /status/marketplaces/ HTTP/1.1" 200 649
C:\Users\acer\AppData\Local\Programs\Python\Python312\Lib\site-packages\sklearn\utils\validation.py:2749: UserWarning: X does not have valid feature names, but LinearRegression was fitted with feature names
  warnings.warn(
C:\Users\acer\AppData\Local\Programs\Python\Python312\Lib\site-packages\sklearn\utils\validation.py:2749: UserWarning: X does not have valid feature names, but LinearRegression was fitted with feature names
  warnings.warn(
[07/Apr/2026 14:35:21] "GET /status/marketplaces/ HTTP/1.1" 200 649
C:\Users\acer\AppData\Local\Programs\Python\Python312\Lib\site-packages\sklearn\utils\validation.py:2749: UserWarning: X does not have valid feature names, but LinearRegression was fitted with feature names
  warnings.warn(
C:\Users\acer\AppData\Local\Programs\Python\Python312\Lib\site-packages\sklearn\utils\validation.py:2749: UserWarning: X does not have valid feature names, but LinearRegression was fitted with feature names
  warnings.warn(
[07/Apr/2026 14:35:24] "GET /status/marketplaces/ HTTP/1.1" 200 649
C:\Users\acer\AppData\Local\Programs\Python\Python312\Lib\site-packages\sklearn\utils\validation.py:2749: UserWarning: X does not have valid feature names, but LinearRegression was fitted with feature names
  warnings.warn(
C:\Users\acer\AppData\Local\Programs\Python\Python312\Lib\site-packages\sklearn\utils\validation.py:2749: UserWarning: X does not have valid feature names, but LinearRegression was fitted with feature names
  warnings.warn(
[07/Apr/2026 14:35:27] "GET /status/marketplaces/ HTTP/1.1" 200 649
C:\Users\acer\AppData\Local\Programs\Python\Python312\Lib\site-packages\sklearn\utils\validation.py:2749: UserWarning: X does not have valid feature names, but LinearRegression was fitted with feature names
  warnings.warn(
C:\Users\acer\AppData\Local\Programs\Python\Python312\Lib\site-packages\sklearn\utils\validation.py:2749: UserWarning: X does not have valid feature names, but LinearRegression was fitted with feature names
  warnings.warn(
[07/Apr/2026 14:35:30] "GET /status/marketplaces/ HTTP/1.1" 200 649
C:\Users\acer\AppData\Local\Programs\Python\Python312\Lib\site-packages\sklearn\utils\validation.py:2749: UserWarning: X does not have valid feature names, but LinearRegression was fitted with feature names
  warnings.warn(
C:\Users\acer\AppData\Local\Programs\Python\Python312\Lib\site-packages\sklearn\utils\validation.py:2749: UserWarning: X does not have valid feature names, but LinearRegression was fitted with feature names
  warnings.warn(
[07/Apr/2026 14:35:33] "GET /status/marketplaces/ HTTP/1.1" 200 649
C:\Users\acer\AppData\Local\Programs\Python\Python312\Lib\site-packages\sklearn\utils\validation.py:2749: UserWarning: X does not have valid feature names, but LinearRegression was fitted with feature names
  warnings.warn(
C:\Users\acer\AppData\Local\Programs\Python\Python312\Lib\site-packages\sklearn\utils\validation.py:2749: UserWarning: X does not have valid feature names, but LinearRegression was fitted with feature names
  warnings.warn(
[07/Apr/2026 14:35:36] "GET /status/marketplaces/ HTTP/1.1" 200 649
C:\Users\acer\AppData\Local\Programs\Python\Python312\Lib\site-packages\sklearn\utils\validation.py:2749: UserWarning: X does not have valid feature names, but LinearRegression was fitted with feature names
  warnings.warn(
C:\Users\acer\AppData\Local\Programs\Python\Python312\Lib\site-packages\sklearn\utils\validation.py:2749: UserWarning: X does not have valid feature names, but LinearRegression was fitted with feature names
  warnings.warn(
[07/Apr/2026 14:35:39] "GET /status/marketplaces/ HTTP/1.1" 200 649
C:\Users\acer\AppData\Local\Programs\Python\Python312\Lib\site-packages\sklearn\utils\validation.py:2749: UserWarning: X does not have valid feature names, but LinearRegression was fitted with feature names
  warnings.warn(
C:\Users\acer\AppData\Local\Programs\Python\Python312\Lib\site-packages\sklearn\utils\validation.py:2749: UserWarning: X does not have valid feature names, but LinearRegression was fitted with feature names
  warnings.warn(
[07/Apr/2026 14:35:42] "GET /status/marketplaces/ HTTP/1.1" 200 649
C:\Users\acer\AppData\Local\Programs\Python\Python312\Lib\site-packages\sklearn\utils\validation.py:2749: UserWarning: X does not have valid feature names, but LinearRegression was fitted with feature names
  warnings.warn(
C:\Users\acer\AppData\Local\Programs\Python\Python312\Lib\site-packages\sklearn\utils\validation.py:2749: UserWarning: X does not have valid feature names, but LinearRegression was fitted with feature names
  warnings.warn(
[07/Apr/2026 14:35:45] "GET /status/marketplaces/ HTTP/1.1" 200 649
C:\Users\acer\AppData\Local\Programs\Python\Python312\Lib\site-packages\sklearn\utils\validation.py:2749: UserWarning: X does not have valid feature names, but LinearRegression was fitted with feature names
  warnings.warn(
C:\Users\acer\AppData\Local\Programs\Python\Python312\Lib\site-packages\sklearn\utils\validation.py:2749: UserWarning: X does not have valid feature names, but LinearRegression was fitted with feature names
  warnings.warn(
[07/Apr/2026 14:35:48] "GET /status/marketplaces/ HTTP/1.1" 200 649
C:\Users\acer\AppData\Local\Programs\Python\Python312\Lib\site-packages\sklearn\utils\validation.py:2749: UserWarning: X does not have valid feature names, but LinearRegression was fitted with feature names
  warnings.warn(
C:\Users\acer\AppData\Local\Programs\Python\Python312\Lib\site-packages\sklearn\utils\validation.py:2749: UserWarning: X does not have valid feature names, but LinearRegression was fitted with feature names
  warnings.warn(
[07/Apr/2026 14:35:51] "GET /status/marketplaces/ HTTP/1.1" 200 649
C:\Users\acer\AppData\Local\Programs\Python\Python312\Lib\site-packages\sklearn\utils\validation.py:2749: UserWarning: X does not have valid feature names, but LinearRegression was fitted with feature names
  warnings.warn(
C:\Users\acer\AppData\Local\Programs\Python\Python312\Lib\site-packages\sklearn\utils\validation.py:2749: UserWarning: X does not have valid feature names, but LinearRegression was fitted with feature names
  warnings.warn(
[07/Apr/2026 14:35:54] "GET /status/marketplaces/ HTTP/1.1" 200 649
C:\Users\acer\AppData\Local\Programs\Python\Python312\Lib\site-packages\sklearn\utils\validation.py:2749: UserWarning: X does not have valid feature names, but LinearRegression was fitted with feature names
  warnings.warn(
C:\Users\acer\AppData\Local\Programs\Python\Python312\Lib\site-packages\sklearn\utils\validation.py:2749: UserWarning: X does not have valid feature names, but LinearRegression was fitted with feature names
  warnings.warn(
[07/Apr/2026 14:35:57] "GET /status/marketplaces/ HTTP/1.1" 200 649
C:\Users\acer\AppData\Local\Programs\Python\Python312\Lib\site-packages\sklearn\utils\validation.py:2749: UserWarning: X does not have valid feature names, but LinearRegression was fitted with feature names
  warnings.warn(
C:\Users\acer\AppData\Local\Programs\Python\Python312\Lib\site-packages\sklearn\utils\validation.py:2749: UserWarning: X does not have valid feature names, but LinearRegression was fitted with feature names
  warnings.warn(
[07/Apr/2026 14:36:00] "GET /status/marketplaces/ HTTP/1.1" 200 649
C:\Users\acer\AppData\Local\Programs\Python\Python312\Lib\site-packages\sklearn\utils\validation.py:2749: UserWarning: X does not have valid feature names, but LinearRegression was fitted with feature names
  warnings.warn(
C:\Users\acer\AppData\Local\Programs\Python\Python312\Lib\site-packages\sklearn\utils\validation.py:2749: UserWarning: X does not have valid feature names, but LinearRegression was fitted with feature names
  warnings.warn(
[07/Apr/2026 14:36:03] "GET /status/marketplaces/ HTTP/1.1" 200 649
C:\Users\acer\AppData\Local\Programs\Python\Python312\Lib\site-packages\sklearn\utils\validation.py:2749: UserWarning: X does not have valid feature names, but LinearRegression was fitted with feature names
  warnings.warn(
C:\Users\acer\AppData\Local\Programs\Python\Python312\Lib\site-packages\sklearn\utils\validation.py:2749: UserWarning: X does not have valid feature names, but LinearRegression was fitted with feature names
  warnings.warn(
[07/Apr/2026 14:36:06] "GET /status/marketplaces/ HTTP/1.1" 200 649
C:\Users\acer\AppData\Local\Programs\Python\Python312\Lib\site-packages\sklearn\utils\validation.py:2749: UserWarning: X does not have valid feature names, but LinearRegression was fitted with feature names
  warnings.warn(
C:\Users\acer\AppData\Local\Programs\Python\Python312\Lib\site-packages\sklearn\utils\validation.py:2749: UserWarning: X does not have valid feature names, but LinearRegression was fitted with feature names
  warnings.warn(
[07/Apr/2026 14:36:09] "GET /status/marketplaces/ HTTP/1.1" 200 649
C:\Users\acer\AppData\Local\Programs\Python\Python312\Lib\site-packages\sklearn\utils\validation.py:2749: UserWarning: X does not have valid feature names, but LinearRegression was fitted with feature names
  warnings.warn(
C:\Users\acer\AppData\Local\Programs\Python\Python312\Lib\site-packages\sklearn\utils\validation.py:2749: UserWarning: X does not have valid feature names, but LinearRegression was fitted with feature names
  warnings.warn(
[07/Apr/2026 14:36:12] "GET /status/marketplaces/ HTTP/1.1" 200 649
C:\Users\acer\AppData\Local\Programs\Python\Python312\Lib\site-packages\sklearn\utils\validation.py:2749: UserWarning: X does not have valid feature names, but LinearRegression was fitted with feature names
  warnings.warn(
C:\Users\acer\AppData\Local\Programs\Python\Python312\Lib\site-packages\sklearn\utils\validation.py:2749: UserWarning: X does not have valid feature names, but LinearRegression was fitted with feature names
  warnings.warn(
[07/Apr/2026 14:36:15] "GET /status/marketplaces/ HTTP/1.1" 200 649
C:\Users\acer\AppData\Local\Programs\Python\Python312\Lib\site-packages\sklearn\utils\validation.py:2749: UserWarning: X does not have valid feature names, but LinearRegression was fitted with feature names
  warnings.warn(
C:\Users\acer\AppData\Local\Programs\Python\Python312\Lib\site-packages\sklearn\utils\validation.py:2749: UserWarning: X does not have valid feature names, but LinearRegression was fitted with feature names
  warnings.warn(
[07/Apr/2026 14:36:18] "GET /status/marketplaces/ HTTP/1.1" 200 649
C:\Users\acer\AppData\Local\Programs\Python\Python312\Lib\site-packages\sklearn\utils\validation.py:2749: UserWarning: X does not have valid feature names, but LinearRegression was fitted with feature names
  warnings.warn(
C:\Users\acer\AppData\Local\Programs\Python\Python312\Lib\site-packages\sklearn\utils\validation.py:2749: UserWarning: X does not have valid feature names, but LinearRegression was fitted with feature names
  warnings.warn(
[07/Apr/2026 14:36:21] "GET /status/marketplaces/ HTTP/1.1" 200 649
C:\Users\acer\AppData\Local\Programs\Python\Python312\Lib\site-packages\sklearn\utils\validation.py:2749: UserWarning: X does not have valid feature names, but LinearRegression was fitted with feature names
  warnings.warn(
C:\Users\acer\AppData\Local\Programs\Python\Python312\Lib\site-packages\sklearn\utils\validation.py:2749: UserWarning: X does not have valid feature names, but LinearRegression was fitted with feature names
  warnings.warn(
[07/Apr/2026 14:36:24] "GET /status/marketplaces/ HTTP/1.1" 200 649
C:\Users\acer\AppData\Local\Programs\Python\Python312\Lib\site-packages\sklearn\utils\validation.py:2749: UserWarning: X does not have valid feature names, but LinearRegression was fitted with feature names
  warnings.warn(
C:\Users\acer\AppData\Local\Programs\Python\Python312\Lib\site-packages\sklearn\utils\validation.py:2749: UserWarning: X does not have valid feature names, but LinearRegression was fitted with feature names
  warnings.warn(
[07/Apr/2026 14:36:27] "GET /status/marketplaces/ HTTP/1.1" 200 649
C:\Users\acer\AppData\Local\Programs\Python\Python312\Lib\site-packages\sklearn\utils\validation.py:2749: UserWarning: X does not have valid feature names, but LinearRegression was fitted with feature names
  warnings.warn(
C:\Users\acer\AppData\Local\Programs\Python\Python312\Lib\site-packages\sklearn\utils\validation.py:2749: UserWarning: X does not have valid feature names, but LinearRegression was fitted with feature names
  warnings.warn(
[07/Apr/2026 14:36:30] "GET /status/marketplaces/ HTTP/1.1" 200 649
C:\Users\acer\AppData\Local\Programs\Python\Python312\Lib\site-packages\sklearn\utils\validation.py:2749: UserWarning: X does not have valid feature names, but LinearRegression was fitted with feature names
  warnings.warn(
C:\Users\acer\AppData\Local\Programs\Python\Python312\Lib\site-packages\sklearn\utils\validation.py:2749: UserWarning: X does not have valid feature names, but LinearRegression was fitted with feature names
  warnings.warn(
[07/Apr/2026 14:36:33] "GET /status/marketplaces/ HTTP/1.1" 200 649
C:\Users\acer\AppData\Local\Programs\Python\Python312\Lib\site-packages\sklearn\utils\validation.py:2749: UserWarning: X does not have valid feature names, but LinearRegression was fitted with feature names
  warnings.warn(
C:\Users\acer\AppData\Local\Programs\Python\Python312\Lib\site-packages\sklearn\utils\validation.py:2749: UserWarning: X does not have valid feature names, but LinearRegression was fitted with feature names
  warnings.warn(
[07/Apr/2026 14:36:36] "GET /status/marketplaces/ HTTP/1.1" 200 649
C:\Users\acer\AppData\Local\Programs\Python\Python312\Lib\site-packages\sklearn\utils\validation.py:2749: UserWarning: X does not have valid feature names, but LinearRegression was fitted with feature names
  warnings.warn(
C:\Users\acer\AppData\Local\Programs\Python\Python312\Lib\site-packages\sklearn\utils\validation.py:2749: UserWarning: X does not have valid feature names, but LinearRegression was fitted with feature names
  warnings.warn(
[07/Apr/2026 14:36:39] "GET /status/marketplaces/ HTTP/1.1" 200 649
C:\Users\acer\AppData\Local\Programs\Python\Python312\Lib\site-packages\sklearn\utils\validation.py:2749: UserWarning: X does not have valid feature names, but LinearRegression was fitted with feature names
  warnings.warn(
C:\Users\acer\AppData\Local\Programs\Python\Python312\Lib\site-packages\sklearn\utils\validation.py:2749: UserWarning: X does not have valid feature names, but LinearRegression was fitted with feature names
  warnings.warn(
[07/Apr/2026 14:36:42] "GET /status/marketplaces/ HTTP/1.1" 200 649
C:\Users\acer\AppData\Local\Programs\Python\Python312\Lib\site-packages\sklearn\utils\validation.py:2749: UserWarning: X does not have valid feature names, but LinearRegression was fitted with feature names
  warnings.warn(
C:\Users\acer\AppData\Local\Programs\Python\Python312\Lib\site-packages\sklearn\utils\validation.py:2749: UserWarning: X does not have valid feature names, but LinearRegression was fitted with feature names
  warnings.warn(
[07/Apr/2026 14:36:45] "GET /status/marketplaces/ HTTP/1.1" 200 649
C:\Users\acer\AppData\Local\Programs\Python\Python312\Lib\site-packages\sklearn\utils\validation.py:2749: UserWarning: X does not have valid feature names, but LinearRegression was fitted with feature names
  warnings.warn(
C:\Users\acer\AppData\Local\Programs\Python\Python312\Lib\site-packages\sklearn\utils\validation.py:2749: UserWarning: X does not have valid feature names, but LinearRegression was fitted with feature names
  warnings.warn(
[07/Apr/2026 14:36:48] "GET /status/marketplaces/ HTTP/1.1" 200 649
C:\Users\acer\AppData\Local\Programs\Python\Python312\Lib\site-packages\sklearn\utils\validation.py:2749: UserWarning: X does not have valid feature names, but LinearRegression was fitted with feature names
  warnings.warn(
C:\Users\acer\AppData\Local\Programs\Python\Python312\Lib\site-packages\sklearn\utils\validation.py:2749: UserWarning: X does not have valid feature names, but LinearRegression was fitted with feature names
  warnings.warn(
[07/Apr/2026 14:36:51] "GET /status/marketplaces/ HTTP/1.1" 200 649
C:\Users\acer\AppData\Local\Programs\Python\Python312\Lib\site-packages\sklearn\utils\validation.py:2749: UserWarning: X does not have valid feature names, but LinearRegression was fitted with feature names
  warnings.warn(
C:\Users\acer\AppData\Local\Programs\Python\Python312\Lib\site-packages\sklearn\utils\validation.py:2749: UserWarning: X does not have valid feature names, but LinearRegression was fitted with feature names
  warnings.warn(
[07/Apr/2026 14:36:54] "GET /status/marketplaces/ HTTP/1.1" 200 649
C:\Users\acer\AppData\Local\Programs\Python\Python312\Lib\site-packages\sklearn\utils\validation.py:2749: UserWarning: X does not have valid feature names, but LinearRegression was fitted with feature names
  warnings.warn(
C:\Users\acer\AppData\Local\Programs\Python\Python312\Lib\site-packages\sklearn\utils\validation.py:2749: UserWarning: X does not have valid feature names, but LinearRegression was fitted with feature names
  warnings.warn(
[07/Apr/2026 14:36:57] "GET /status/marketplaces/ HTTP/1.1" 200 649
C:\Users\acer\AppData\Local\Programs\Python\Python312\Lib\site-packages\sklearn\utils\validation.py:2749: UserWarning: X does not have valid feature names, but LinearRegression was fitted with feature names
  warnings.warn(
C:\Users\acer\AppData\Local\Programs\Python\Python312\Lib\site-packages\sklearn\utils\validation.py:2749: UserWarning: X does not have valid feature names, but LinearRegression was fitted with feature names
  warnings.warn(
[07/Apr/2026 14:37:00] "GET /status/marketplaces/ HTTP/1.1" 200 649
C:\Users\acer\AppData\Local\Programs\Python\Python312\Lib\site-packages\sklearn\utils\validation.py:2749: UserWarning: X does not have valid feature names, but LinearRegression was fitted with feature names
  warnings.warn(
C:\Users\acer\AppData\Local\Programs\Python\Python312\Lib\site-packages\sklearn\utils\validation.py:2749: UserWarning: X does not have valid feature names, but LinearRegression was fitted with feature names
  warnings.warn(
[07/Apr/2026 14:37:03] "GET /status/marketplaces/ HTTP/1.1" 200 649
C:\Users\acer\AppData\Local\Programs\Python\Python312\Lib\site-packages\sklearn\utils\validation.py:2749: UserWarning: X does not have valid feature names, but LinearRegression was fitted with feature names
  warnings.warn(
C:\Users\acer\AppData\Local\Programs\Python\Python312\Lib\site-packages\sklearn\utils\validation.py:2749: UserWarning: X does not have valid feature names, but LinearRegression was fitted with feature names
  warnings.warn(
[07/Apr/2026 14:37:06] "GET /status/marketplaces/ HTTP/1.1" 200 649
C:\Users\acer\AppData\Local\Programs\Python\Python312\Lib\site-packages\sklearn\utils\validation.py:2749: UserWarning: X does not have valid feature names, but LinearRegression was fitted with feature names
  warnings.warn(
C:\Users\acer\AppData\Local\Programs\Python\Python312\Lib\site-packages\sklearn\utils\validation.py:2749: UserWarning: X does not have valid feature names, but LinearRegression was fitted with feature names
  warnings.warn(
[07/Apr/2026 14:37:09] "GET /status/marketplaces/ HTTP/1.1" 200 649
C:\Users\acer\AppData\Local\Programs\Python\Python312\Lib\site-packages\sklearn\utils\validation.py:2749: UserWarning: X does not have valid feature names, but LinearRegression was fitted with feature names
  warnings.warn(
C:\Users\acer\AppData\Local\Programs\Python\Python312\Lib\site-packages\sklearn\utils\validation.py:2749: UserWarning: X does not have valid feature names, but LinearRegression was fitted with feature names
  warnings.warn(
[07/Apr/2026 14:37:12] "GET /status/marketplaces/ HTTP/1.1" 200 649
C:\Users\acer\AppData\Local\Programs\Python\Python312\Lib\site-packages\sklearn\utils\validation.py:2749: UserWarning: X does not have valid feature names, but LinearRegression was fitted with feature names
  warnings.warn(
C:\Users\acer\AppData\Local\Programs\Python\Python312\Lib\site-packages\sklearn\utils\validation.py:2749: UserWarning: X does not have valid feature names, but LinearRegression was fitted with feature names
  warnings.warn(
[07/Apr/2026 14:37:15] "GET /status/marketplaces/ HTTP/1.1" 200 649
C:\Users\acer\AppData\Local\Programs\Python\Python312\Lib\site-packages\sklearn\utils\validation.py:2749: UserWarning: X does not have valid feature names, but LinearRegression was fitted with feature names
  warnings.warn(
C:\Users\acer\AppData\Local\Programs\Python\Python312\Lib\site-packages\sklearn\utils\validation.py:2749: UserWarning: X does not have valid feature names, but LinearRegression was fitted with feature names
  warnings.warn(
[07/Apr/2026 14:37:18] "GET /status/marketplaces/ HTTP/1.1" 200 649
C:\Users\acer\AppData\Local\Programs\Python\Python312\Lib\site-packages\sklearn\utils\validation.py:2749: UserWarning: X does not have valid feature names, but LinearRegression was fitted with feature names
  warnings.warn(
C:\Users\acer\AppData\Local\Programs\Python\Python312\Lib\site-packages\sklearn\utils\validation.py:2749: UserWarning: X does not have valid feature names, but LinearRegression was fitted with feature names
  warnings.warn(
[07/Apr/2026 14:37:21] "GET /status/marketplaces/ HTTP/1.1" 200 649
C:\Users\acer\AppData\Local\Programs\Python\Python312\Lib\site-packages\sklearn\utils\validation.py:2749: UserWarning: X does not have valid feature names, but LinearRegression was fitted with feature names
  warnings.warn(
C:\Users\acer\AppData\Local\Programs\Python\Python312\Lib\site-packages\sklearn\utils\validation.py:2749: UserWarning: X does not have valid feature names, but LinearRegression was fitted with feature names
  warnings.warn(
[07/Apr/2026 14:37:24] "GET /status/marketplaces/ HTTP/1.1" 200 649
C:\Users\acer\AppData\Local\Programs\Python\Python312\Lib\site-packages\sklearn\utils\validation.py:2749: UserWarning: X does not have valid feature names, but LinearRegression was fitted with feature names
  warnings.warn(
C:\Users\acer\AppData\Local\Programs\Python\Python312\Lib\site-packages\sklearn\utils\validation.py:2749: UserWarning: X does not have valid feature names, but LinearRegression was fitted with feature names
  warnings.warn(
[07/Apr/2026 14:37:27] "GET /status/marketplaces/ HTTP/1.1" 200 649
C:\Users\acer\AppData\Local\Programs\Python\Python312\Lib\site-packages\sklearn\utils\validation.py:2749: UserWarning: X does not have valid feature names, but LinearRegression was fitted with feature names
  warnings.warn(
C:\Users\acer\AppData\Local\Programs\Python\Python312\Lib\site-packages\sklearn\utils\validation.py:2749: UserWarning: X does not have valid feature names, but LinearRegression was fitted with feature names
  warnings.warn(
[07/Apr/2026 14:37:30] "GET /status/marketplaces/ HTTP/1.1" 200 649
C:\Users\acer\AppData\Local\Programs\Python\Python312\Lib\site-packages\sklearn\utils\validation.py:2749: UserWarning: X does not have valid feature names, but LinearRegression was fitted with feature names
  warnings.warn(
C:\Users\acer\AppData\Local\Programs\Python\Python312\Lib\site-packages\sklearn\utils\validation.py:2749: UserWarning: X does not have valid feature names, but LinearRegression was fitted with feature names
  warnings.warn(
[07/Apr/2026 14:37:33] "GET /status/marketplaces/ HTTP/1.1" 200 649
C:\Users\acer\AppData\Local\Programs\Python\Python312\Lib\site-packages\sklearn\utils\validation.py:2749: UserWarning: X does not have valid feature names, but LinearRegression was fitted with feature names
  warnings.warn(
C:\Users\acer\AppData\Local\Programs\Python\Python312\Lib\site-packages\sklearn\utils\validation.py:2749: UserWarning: X does not have valid feature names, but LinearRegression was fitted with feature names
  warnings.warn(
[07/Apr/2026 14:37:36] "GET /status/marketplaces/ HTTP/1.1" 200 649
C:\Users\acer\AppData\Local\Programs\Python\Python312\Lib\site-packages\sklearn\utils\validation.py:2749: UserWarning: X does not have valid feature names, but LinearRegression was fitted with feature names
  warnings.warn(
C:\Users\acer\AppData\Local\Programs\Python\Python312\Lib\site-packages\sklearn\utils\validation.py:2749: UserWarning: X does not have valid feature names, but LinearRegression was fitted with feature names
  warnings.warn(
[07/Apr/2026 14:37:39] "GET /status/marketplaces/ HTTP/1.1" 200 649
C:\Users\acer\AppData\Local\Programs\Python\Python312\Lib\site-packages\sklearn\utils\validation.py:2749: UserWarning: X does not have valid feature names, but LinearRegression was fitted with feature names
  warnings.warn(
C:\Users\acer\AppData\Local\Programs\Python\Python312\Lib\site-packages\sklearn\utils\validation.py:2749: UserWarning: X does not have valid feature names, but LinearRegression was fitted with feature names
  warnings.warn(
[07/Apr/2026 14:37:42] "GET /status/marketplaces/ HTTP/1.1" 200 649
C:\Users\acer\AppData\Local\Programs\Python\Python312\Lib\site-packages\sklearn\utils\validation.py:2749: UserWarning: X does not have valid feature names, but LinearRegression was fitted with feature names
  warnings.warn(
C:\Users\acer\AppData\Local\Programs\Python\Python312\Lib\site-packages\sklearn\utils\validation.py:2749: UserWarning: X does not have valid feature names, but LinearRegression was fitted with feature names
  warnings.warn(
[07/Apr/2026 14:37:45] "GET /status/marketplaces/ HTTP/1.1" 200 649
C:\Users\acer\AppData\Local\Programs\Python\Python312\Lib\site-packages\sklearn\utils\validation.py:2749: UserWarning: X does not have valid feature names, but LinearRegression was fitted with feature names
  warnings.warn(
C:\Users\acer\AppData\Local\Programs\Python\Python312\Lib\site-packages\sklearn\utils\validation.py:2749: UserWarning: X does not have valid feature names, but LinearRegression was fitted with feature names
  warnings.warn(
[07/Apr/2026 14:37:48] "GET /status/marketplaces/ HTTP/1.1" 200 649
C:\Users\acer\AppData\Local\Programs\Python\Python312\Lib\site-packages\sklearn\utils\validation.py:2749: UserWarning: X does not have valid feature names, but LinearRegression was fitted with feature names
  warnings.warn(
C:\Users\acer\AppData\Local\Programs\Python\Python312\Lib\site-packages\sklearn\utils\validation.py:2749: UserWarning: X does not have valid feature names, but LinearRegression was fitted with feature names
  warnings.warn(
[07/Apr/2026 14:37:51] "GET /status/marketplaces/ HTTP/1.1" 200 649
C:\Users\acer\AppData\Local\Programs\Python\Python312\Lib\site-packages\sklearn\utils\validation.py:2749: UserWarning: X does not have valid feature names, but LinearRegression was fitted with feature names
  warnings.warn(
C:\Users\acer\AppData\Local\Programs\Python\Python312\Lib\site-packages\sklearn\utils\validation.py:2749: UserWarning: X does not have valid feature names, but LinearRegression was fitted with feature names
  warnings.warn(
[07/Apr/2026 14:37:54] "GET /status/marketplaces/ HTTP/1.1" 200 649
C:\Users\acer\AppData\Local\Programs\Python\Python312\Lib\site-packages\sklearn\utils\validation.py:2749: UserWarning: X does not have valid feature names, but LinearRegression was fitted with feature names
  warnings.warn(
C:\Users\acer\AppData\Local\Programs\Python\Python312\Lib\site-packages\sklearn\utils\validation.py:2749: UserWarning: X does not have valid feature names, but LinearRegression was fitted with feature names
  warnings.warn(
[07/Apr/2026 14:37:57] "GET /status/marketplaces/ HTTP/1.1" 200 649
C:\Users\acer\AppData\Local\Programs\Python\Python312\Lib\site-packages\sklearn\utils\validation.py:2749: UserWarning: X does not have valid feature names, but LinearRegression was fitted with feature names
  warnings.warn(
C:\Users\acer\AppData\Local\Programs\Python\Python312\Lib\site-packages\sklearn\utils\validation.py:2749: UserWarning: X does not have valid feature names, but LinearRegression was fitted with feature names
  warnings.warn(
[07/Apr/2026 14:38:00] "GET /status/marketplaces/ HTTP/1.1" 200 649
C:\Users\acer\AppData\Local\Programs\Python\Python312\Lib\site-packages\sklearn\utils\validation.py:2749: UserWarning: X does not have valid feature names, but LinearRegression was fitted with feature names
  warnings.warn(
C:\Users\acer\AppData\Local\Programs\Python\Python312\Lib\site-packages\sklearn\utils\validation.py:2749: UserWarning: X does not have valid feature names, but LinearRegression was fitted with feature names
  warnings.warn(
[07/Apr/2026 14:38:03] "GET /status/marketplaces/ HTTP/1.1" 200 649
C:\Users\acer\AppData\Local\Programs\Python\Python312\Lib\site-packages\sklearn\utils\validation.py:2749: UserWarning: X does not have valid feature names, but LinearRegression was fitted with feature names
  warnings.warn(
C:\Users\acer\AppData\Local\Programs\Python\Python312\Lib\site-packages\sklearn\utils\validation.py:2749: UserWarning: X does not have valid feature names, but LinearRegression was fitted with feature names
  warnings.warn(
[07/Apr/2026 14:38:06] "GET /status/marketplaces/ HTTP/1.1" 200 649
C:\Users\acer\AppData\Local\Programs\Python\Python312\Lib\site-packages\sklearn\utils\validation.py:2749: UserWarning: X does not have valid feature names, but LinearRegression was fitted with feature names
  warnings.warn(
C:\Users\acer\AppData\Local\Programs\Python\Python312\Lib\site-packages\sklearn\utils\validation.py:2749: UserWarning: X does not have valid feature names, but LinearRegression was fitted with feature names
  warnings.warn(
[07/Apr/2026 14:38:09] "GET /status/marketplaces/ HTTP/1.1" 200 649
C:\Users\acer\AppData\Local\Programs\Python\Python312\Lib\site-packages\sklearn\utils\validation.py:2749: UserWarning: X does not have valid feature names, but LinearRegression was fitted with feature names
  warnings.warn(
C:\Users\acer\AppData\Local\Programs\Python\Python312\Lib\site-packages\sklearn\utils\validation.py:2749: UserWarning: X does not have valid feature names, but LinearRegression was fitted with feature names
  warnings.warn(
[07/Apr/2026 14:38:12] "GET /status/marketplaces/ HTTP/1.1" 200 649
C:\Users\acer\AppData\Local\Programs\Python\Python312\Lib\site-packages\sklearn\utils\validation.py:2749: UserWarning: X does not have valid feature names, but LinearRegression was fitted with feature names
  warnings.warn(
C:\Users\acer\AppData\Local\Programs\Python\Python312\Lib\site-packages\sklearn\utils\validation.py:2749: UserWarning: X does not have valid feature names, but LinearRegression was fitted with feature names
  warnings.warn(
[07/Apr/2026 14:38:15] "GET /status/marketplaces/ HTTP/1.1" 200 649
C:\Users\acer\AppData\Local\Programs\Python\Python312\Lib\site-packages\sklearn\utils\validation.py:2749: UserWarning: X does not have valid feature names, but LinearRegression was fitted with feature names
  warnings.warn(
C:\Users\acer\AppData\Local\Programs\Python\Python312\Lib\site-packages\sklearn\utils\validation.py:2749: UserWarning: X does not have valid feature names, but LinearRegression was fitted with feature names
  warnings.warn(
[07/Apr/2026 14:38:18] "GET /status/marketplaces/ HTTP/1.1" 200 649
C:\Users\acer\AppData\Local\Programs\Python\Python312\Lib\site-packages\sklearn\utils\validation.py:2749: UserWarning: X does not have valid feature names, but LinearRegression was fitted with feature names
  warnings.warn(
C:\Users\acer\AppData\Local\Programs\Python\Python312\Lib\site-packages\sklearn\utils\validation.py:2749: UserWarning: X does not have valid feature names, but LinearRegression was fitted with feature names
  warnings.warn(
[07/Apr/2026 14:38:21] "GET /status/marketplaces/ HTTP/1.1" 200 649
C:\Users\acer\AppData\Local\Programs\Python\Python312\Lib\site-packages\sklearn\utils\validation.py:2749: UserWarning: X does not have valid feature names, but LinearRegression was fitted with feature names
  warnings.warn(
C:\Users\acer\AppData\Local\Programs\Python\Python312\Lib\site-packages\sklearn\utils\validation.py:2749: UserWarning: X does not have valid feature names, but LinearRegression was fitted with feature names
  warnings.warn(
[07/Apr/2026 14:38:24] "GET /status/marketplaces/ HTTP/1.1" 200 649
C:\Users\acer\AppData\Local\Programs\Python\Python312\Lib\site-packages\sklearn\utils\validation.py:2749: UserWarning: X does not have valid feature names, but LinearRegression was fitted with feature names
  warnings.warn(
C:\Users\acer\AppData\Local\Programs\Python\Python312\Lib\site-packages\sklearn\utils\validation.py:2749: UserWarning: X does not have valid feature names, but LinearRegression was fitted with feature names
  warnings.warn(
[07/Apr/2026 14:38:27] "GET /status/marketplaces/ HTTP/1.1" 200 649
C:\Users\acer\AppData\Local\Programs\Python\Python312\Lib\site-packages\sklearn\utils\validation.py:2749: UserWarning: X does not have valid feature names, but LinearRegression was fitted with feature names
  warnings.warn(
C:\Users\acer\AppData\Local\Programs\Python\Python312\Lib\site-packages\sklearn\utils\validation.py:2749: UserWarning: X does not have valid feature names, but LinearRegression was fitted with feature names
  warnings.warn(
[07/Apr/2026 14:38:30] "GET /status/marketplaces/ HTTP/1.1" 200 649
C:\Users\acer\AppData\Local\Programs\Python\Python312\Lib\site-packages\sklearn\utils\validation.py:2749: UserWarning: X does not have valid feature names, but LinearRegression was fitted with feature names
  warnings.warn(
C:\Users\acer\AppData\Local\Programs\Python\Python312\Lib\site-packages\sklearn\utils\validation.py:2749: UserWarning: X does not have valid feature names, but LinearRegression was fitted with feature names
  warnings.warn(
[07/Apr/2026 14:38:33] "GET /status/marketplaces/ HTTP/1.1" 200 649
C:\Users\acer\AppData\Local\Programs\Python\Python312\Lib\site-packages\sklearn\utils\validation.py:2749: UserWarning: X does not have valid feature names, but LinearRegression was fitted with feature names
  warnings.warn(
C:\Users\acer\AppData\Local\Programs\Python\Python312\Lib\site-packages\sklearn\utils\validation.py:2749: UserWarning: X does not have valid feature names, but LinearRegression was fitted with feature names
  warnings.warn(
[07/Apr/2026 14:38:36] "GET /status/marketplaces/ HTTP/1.1" 200 649
C:\Users\acer\AppData\Local\Programs\Python\Python312\Lib\site-packages\sklearn\utils\validation.py:2749: UserWarning: X does not have valid feature names, but LinearRegression was fitted with feature names
  warnings.warn(
C:\Users\acer\AppData\Local\Programs\Python\Python312\Lib\site-packages\sklearn\utils\validation.py:2749: UserWarning: X does not have valid feature names, but LinearRegression was fitted with feature names
  warnings.warn(
[07/Apr/2026 14:38:39] "GET /status/marketplaces/ HTTP/1.1" 200 649
C:\Users\acer\AppData\Local\Programs\Python\Python312\Lib\site-packages\sklearn\utils\validation.py:2749: UserWarning: X does not have valid feature names, but LinearRegression was fitted with feature names
  warnings.warn(
C:\Users\acer\AppData\Local\Programs\Python\Python312\Lib\site-packages\sklearn\utils\validation.py:2749: UserWarning: X does not have valid feature names, but LinearRegression was fitted with feature names
  warnings.warn(
[07/Apr/2026 14:38:42] "GET /status/marketplaces/ HTTP/1.1" 200 649
C:\Users\acer\AppData\Local\Programs\Python\Python312\Lib\site-packages\sklearn\utils\validation.py:2749: UserWarning: X does not have valid feature names, but LinearRegression was fitted with feature names
  warnings.warn(
C:\Users\acer\AppData\Local\Programs\Python\Python312\Lib\site-packages\sklearn\utils\validation.py:2749: UserWarning: X does not have valid feature names, but LinearRegression was fitted with feature names
  warnings.warn(
[07/Apr/2026 14:38:45] "GET /status/marketplaces/ HTTP/1.1" 200 649
C:\Users\acer\AppData\Local\Programs\Python\Python312\Lib\site-packages\sklearn\utils\validation.py:2749: UserWarning: X does not have valid feature names, but LinearRegression was fitted with feature names
  warnings.warn(
C:\Users\acer\AppData\Local\Programs\Python\Python312\Lib\site-packages\sklearn\utils\validation.py:2749: UserWarning: X does not have valid feature names, but LinearRegression was fitted with feature names
  warnings.warn(
[07/Apr/2026 14:38:48] "GET /status/marketplaces/ HTTP/1.1" 200 649
C:\Users\acer\AppData\Local\Programs\Python\Python312\Lib\site-packages\sklearn\utils\validation.py:2749: UserWarning: X does not have valid feature names, but LinearRegression was fitted with feature names
  warnings.warn(
C:\Users\acer\AppData\Local\Programs\Python\Python312\Lib\site-packages\sklearn\utils\validation.py:2749: UserWarning: X does not have valid feature names, but LinearRegression was fitted with feature names
  warnings.warn(
[07/Apr/2026 14:38:51] "GET /status/marketplaces/ HTTP/1.1" 200 649
C:\Users\acer\AppData\Local\Programs\Python\Python312\Lib\site-packages\sklearn\utils\validation.py:2749: UserWarning: X does not have valid feature names, but LinearRegression was fitted with feature names
  warnings.warn(
C:\Users\acer\AppData\Local\Programs\Python\Python312\Lib\site-packages\sklearn\utils\validation.py:2749: UserWarning: X does not have valid feature names, but LinearRegression was fitted with feature names
  warnings.warn(
[07/Apr/2026 14:38:54] "GET /status/marketplaces/ HTTP/1.1" 200 649
C:\Users\acer\AppData\Local\Programs\Python\Python312\Lib\site-packages\sklearn\utils\validation.py:2749: UserWarning: X does not have valid feature names, but LinearRegression was fitted with feature names
  warnings.warn(
C:\Users\acer\AppData\Local\Programs\Python\Python312\Lib\site-packages\sklearn\utils\validation.py:2749: UserWarning: X does not have valid feature names, but LinearRegression was fitted with feature names
  warnings.warn(
[07/Apr/2026 14:38:57] "GET /status/marketplaces/ HTTP/1.1" 200 649
C:\Users\acer\AppData\Local\Programs\Python\Python312\Lib\site-packages\sklearn\utils\validation.py:2749: UserWarning: X does not have valid feature names, but LinearRegression was fitted with feature names
  warnings.warn(
C:\Users\acer\AppData\Local\Programs\Python\Python312\Lib\site-packages\sklearn\utils\validation.py:2749: UserWarning: X does not have valid feature names, but LinearRegression was fitted with feature names
  warnings.warn(
[07/Apr/2026 14:39:00] "GET /status/marketplaces/ HTTP/1.1" 200 649
C:\Users\acer\AppData\Local\Programs\Python\Python312\Lib\site-packages\sklearn\utils\validation.py:2749: UserWarning: X does not have valid feature names, but LinearRegression was fitted with feature names
  warnings.warn(
C:\Users\acer\AppData\Local\Programs\Python\Python312\Lib\site-packages\sklearn\utils\validation.py:2749: UserWarning: X does not have valid feature names, but LinearRegression was fitted with feature names
  warnings.warn(
[07/Apr/2026 14:39:03] "GET /status/marketplaces/ HTTP/1.1" 200 649
C:\Users\acer\AppData\Local\Programs\Python\Python312\Lib\site-packages\sklearn\utils\validation.py:2749: UserWarning: X does not have valid feature names, but LinearRegression was fitted with feature names
  warnings.warn(
C:\Users\acer\AppData\Local\Programs\Python\Python312\Lib\site-packages\sklearn\utils\validation.py:2749: UserWarning: X does not have valid feature names, but LinearRegression was fitted with feature names
  warnings.warn(
[07/Apr/2026 14:39:06] "GET /status/marketplaces/ HTTP/1.1" 200 649
C:\Users\acer\AppData\Local\Programs\Python\Python312\Lib\site-packages\sklearn\utils\validation.py:2749: UserWarning: X does not have valid feature names, but LinearRegression was fitted with feature names
  warnings.warn(
C:\Users\acer\AppData\Local\Programs\Python\Python312\Lib\site-packages\sklearn\utils\validation.py:2749: UserWarning: X does not have valid feature names, but LinearRegression was fitted with feature names
  warnings.warn(
[07/Apr/2026 14:39:09] "GET /status/marketplaces/ HTTP/1.1" 200 649
C:\Users\acer\AppData\Local\Programs\Python\Python312\Lib\site-packages\sklearn\utils\validation.py:2749: UserWarning: X does not have valid feature names, but LinearRegression was fitted with feature names
  warnings.warn(
C:\Users\acer\AppData\Local\Programs\Python\Python312\Lib\site-packages\sklearn\utils\validation.py:2749: UserWarning: X does not have valid feature names, but LinearRegression was fitted with feature names
  warnings.warn(
[07/Apr/2026 14:39:12] "GET /status/marketplaces/ HTTP/1.1" 200 649
C:\Users\acer\AppData\Local\Programs\Python\Python312\Lib\site-packages\sklearn\utils\validation.py:2749: UserWarning: X does not have valid feature names, but LinearRegression was fitted with feature names
  warnings.warn(
C:\Users\acer\AppData\Local\Programs\Python\Python312\Lib\site-packages\sklearn\utils\validation.py:2749: UserWarning: X does not have valid feature names, but LinearRegression was fitted with feature names
  warnings.warn(
[07/Apr/2026 14:39:15] "GET /status/marketplaces/ HTTP/1.1" 200 649
C:\Users\acer\AppData\Local\Programs\Python\Python312\Lib\site-packages\sklearn\utils\validation.py:2749: UserWarning: X does not have valid feature names, but LinearRegression was fitted with feature names
  warnings.warn(
C:\Users\acer\AppData\Local\Programs\Python\Python312\Lib\site-packages\sklearn\utils\validation.py:2749: UserWarning: X does not have valid feature names, but LinearRegression was fitted with feature names
  warnings.warn(
[07/Apr/2026 14:39:18] "GET /status/marketplaces/ HTTP/1.1" 200 649
C:\Users\acer\AppData\Local\Programs\Python\Python312\Lib\site-packages\sklearn\utils\validation.py:2749: UserWarning: X does not have valid feature names, but LinearRegression was fitted with feature names
  warnings.warn(
C:\Users\acer\AppData\Local\Programs\Python\Python312\Lib\site-packages\sklearn\utils\validation.py:2749: UserWarning: X does not have valid feature names, but LinearRegression was fitted with feature names
  warnings.warn(
[07/Apr/2026 14:39:21] "GET /status/marketplaces/ HTTP/1.1" 200 649
C:\Users\acer\AppData\Local\Programs\Python\Python312\Lib\site-packages\sklearn\utils\validation.py:2749: UserWarning: X does not have valid feature names, but LinearRegression was fitted with feature names
  warnings.warn(
C:\Users\acer\AppData\Local\Programs\Python\Python312\Lib\site-packages\sklearn\utils\validation.py:2749: UserWarning: X does not have valid feature names, but LinearRegression was fitted with feature names
  warnings.warn(
[07/Apr/2026 14:39:24] "GET /status/marketplaces/ HTTP/1.1" 200 649
C:\Users\acer\AppData\Local\Programs\Python\Python312\Lib\site-packages\sklearn\utils\validation.py:2749: UserWarning: X does not have valid feature names, but LinearRegression was fitted with feature names
  warnings.warn(
C:\Users\acer\AppData\Local\Programs\Python\Python312\Lib\site-packages\sklearn\utils\validation.py:2749: UserWarning: X does not have valid feature names, but LinearRegression was fitted with feature names
  warnings.warn(
[07/Apr/2026 14:39:27] "GET /status/marketplaces/ HTTP/1.1" 200 649
C:\Users\acer\AppData\Local\Programs\Python\Python312\Lib\site-packages\sklearn\utils\validation.py:2749: UserWarning: X does not have valid feature names, but LinearRegression was fitted with feature names
  warnings.warn(
C:\Users\acer\AppData\Local\Programs\Python\Python312\Lib\site-packages\sklearn\utils\validation.py:2749: UserWarning: X does not have valid feature names, but LinearRegression was fitted with feature names
  warnings.warn(
[07/Apr/2026 14:39:30] "GET /status/marketplaces/ HTTP/1.1" 200 649
C:\Users\acer\AppData\Local\Programs\Python\Python312\Lib\site-packages\sklearn\utils\validation.py:2749: UserWarning: X does not have valid feature names, but LinearRegression was fitted with feature names
  warnings.warn(
C:\Users\acer\AppData\Local\Programs\Python\Python312\Lib\site-packages\sklearn\utils\validation.py:2749: UserWarning: X does not have valid feature names, but LinearRegression was fitted with feature names
  warnings.warn(
[07/Apr/2026 14:39:33] "GET /status/marketplaces/ HTTP/1.1" 200 649
C:\Users\acer\AppData\Local\Programs\Python\Python312\Lib\site-packages\sklearn\utils\validation.py:2749: UserWarning: X does not have valid feature names, but LinearRegression was fitted with feature names
  warnings.warn(
C:\Users\acer\AppData\Local\Programs\Python\Python312\Lib\site-packages\sklearn\utils\validation.py:2749: UserWarning: X does not have valid feature names, but LinearRegression was fitted with feature names
  warnings.warn(
[07/Apr/2026 14:39:36] "GET /status/marketplaces/ HTTP/1.1" 200 649
C:\Users\acer\AppData\Local\Programs\Python\Python312\Lib\site-packages\sklearn\utils\validation.py:2749: UserWarning: X does not have valid feature names, but LinearRegression was fitted with feature names
  warnings.warn(
C:\Users\acer\AppData\Local\Programs\Python\Python312\Lib\site-packages\sklearn\utils\validation.py:2749: UserWarning: X does not have valid feature names, but LinearRegression was fitted with feature names
  warnings.warn(
[07/Apr/2026 14:39:39] "GET /status/marketplaces/ HTTP/1.1" 200 649
C:\Users\acer\AppData\Local\Programs\Python\Python312\Lib\site-packages\sklearn\utils\validation.py:2749: UserWarning: X does not have valid feature names, but LinearRegression was fitted with feature names
  warnings.warn(
C:\Users\acer\AppData\Local\Programs\Python\Python312\Lib\site-packages\sklearn\utils\validation.py:2749: UserWarning: X does not have valid feature names, but LinearRegression was fitted with feature names
  warnings.warn(
[07/Apr/2026 14:39:42] "GET /status/marketplaces/ HTTP/1.1" 200 649
C:\Users\acer\AppData\Local\Programs\Python\Python312\Lib\site-packages\sklearn\utils\validation.py:2749: UserWarning: X does not have valid feature names, but LinearRegression was fitted with feature names
  warnings.warn(
C:\Users\acer\AppData\Local\Programs\Python\Python312\Lib\site-packages\sklearn\utils\validation.py:2749: UserWarning: X does not have valid feature names, but LinearRegression was fitted with feature names
  warnings.warn(
[07/Apr/2026 14:39:45] "GET /status/marketplaces/ HTTP/1.1" 200 649
C:\Users\acer\AppData\Local\Programs\Python\Python312\Lib\site-packages\sklearn\utils\validation.py:2749: UserWarning: X does not have valid feature names, but LinearRegression was fitted with feature names
  warnings.warn(
C:\Users\acer\AppData\Local\Programs\Python\Python312\Lib\site-packages\sklearn\utils\validation.py:2749: UserWarning: X does not have valid feature names, but LinearRegression was fitted with feature names
  warnings.warn(
[07/Apr/2026 14:39:48] "GET /status/marketplaces/ HTTP/1.1" 200 649
C:\Users\acer\AppData\Local\Programs\Python\Python312\Lib\site-packages\sklearn\utils\validation.py:2749: UserWarning: X does not have valid feature names, but LinearRegression was fitted with feature names
  warnings.warn(
C:\Users\acer\AppData\Local\Programs\Python\Python312\Lib\site-packages\sklearn\utils\validation.py:2749: UserWarning: X does not have valid feature names, but LinearRegression was fitted with feature names
  warnings.warn(
[07/Apr/2026 14:39:51] "GET /status/marketplaces/ HTTP/1.1" 200 649
C:\Users\acer\AppData\Local\Programs\Python\Python312\Lib\site-packages\sklearn\utils\validation.py:2749: UserWarning: X does not have valid feature names, but LinearRegression was fitted with feature names
  warnings.warn(
C:\Users\acer\AppData\Local\Programs\Python\Python312\Lib\site-packages\sklearn\utils\validation.py:2749: UserWarning: X does not have valid feature names, but LinearRegression was fitted with feature names
  warnings.warn(
[07/Apr/2026 14:40:20] "GET /status/marketplaces/ HTTP/1.1" 200 649
C:\Users\acer\AppData\Local\Programs\Python\Python312\Lib\site-packages\sklearn\utils\validation.py:2749: UserWarning: X does not have valid feature names, but LinearRegression was fitted with feature names
  warnings.warn(
C:\Users\acer\AppData\Local\Programs\Python\Python312\Lib\site-packages\sklearn\utils\validation.py:2749: UserWarning: X does not have valid feature names, but LinearRegression was fitted with feature names
  warnings.warn(
[07/Apr/2026 14:41:20] "GET /status/marketplaces/ HTTP/1.1" 200 649
C:\Users\acer\AppData\Local\Programs\Python\Python312\Lib\site-packages\sklearn\utils\validation.py:2749: UserWarning: X does not have valid feature names, but LinearRegression was fitted with feature names
  warnings.warn(
C:\Users\acer\AppData\Local\Programs\Python\Python312\Lib\site-packages\sklearn\utils\validation.py:2749: UserWarning: X does not have valid feature names, but LinearRegression was fitted with feature names
  warnings.warn(
[07/Apr/2026 14:42:20] "GET /status/marketplaces/ HTTP/1.1" 200 649
C:\Users\acer\AppData\Local\Programs\Python\Python312\Lib\site-packages\sklearn\utils\validation.py:2749: UserWarning: X does not have valid feature names, but LinearRegression was fitted with feature names
  warnings.warn(
C:\Users\acer\AppData\Local\Programs\Python\Python312\Lib\site-packages\sklearn\utils\validation.py:2749: UserWarning: X does not have valid feature names, but LinearRegression was fitted with feature names
  warnings.warn(
[07/Apr/2026 14:43:20] "GET /status/marketplaces/ HTTP/1.1" 200 649
C:\Users\acer\AppData\Local\Programs\Python\Python312\Lib\site-packages\sklearn\utils\validation.py:2749: UserWarning: X does not have valid feature names, but LinearRegression was fitted with feature names
  warnings.warn(
C:\Users\acer\AppData\Local\Programs\Python\Python312\Lib\site-packages\sklearn\utils\validation.py:2749: UserWarning: X does not have valid feature names, but LinearRegression was fitted with feature names
  warnings.warn(
[07/Apr/2026 15:26:27] "GET /status/marketplaces/ HTTP/1.1" 200 649
C:\Users\acer\AppData\Local\Programs\Python\Python312\Lib\site-packages\sklearn\utils\validation.py:2749: UserWarning: X does not have valid feature names, but LinearRegression was fitted with feature names
  warnings.warn(
C:\Users\acer\AppData\Local\Programs\Python\Python312\Lib\site-packages\sklearn\utils\validation.py:2749: UserWarning: X does not have valid feature names, but LinearRegression was fitted with feature names
  warnings.warn(
[07/Apr/2026 15:26:30] "GET /status/marketplaces/ HTTP/1.1" 200 649
C:\Users\acer\AppData\Local\Programs\Python\Python312\Lib\site-packages\sklearn\utils\validation.py:2749: UserWarning: X does not have valid feature names, but LinearRegression was fitted with feature names
  warnings.warn(
C:\Users\acer\AppData\Local\Programs\Python\Python312\Lib\site-packages\sklearn\utils\validation.py:2749: UserWarning: X does not have valid feature names, but LinearRegression was fitted with feature names
  warnings.warn(
[07/Apr/2026 15:26:33] "GET /status/marketplaces/ HTTP/1.1" 200 649
C:\Users\acer\AppData\Local\Programs\Python\Python312\Lib\site-packages\sklearn\utils\validation.py:2749: UserWarning: X does not have valid feature names, but LinearRegression was fitted with feature names
  warnings.warn(
C:\Users\acer\AppData\Local\Programs\Python\Python312\Lib\site-packages\sklearn\utils\validation.py:2749: UserWarning: X does not have valid feature names, but LinearRegression was fitted with feature names
  warnings.warn(
[07/Apr/2026 15:26:36] "GET /status/marketplaces/ HTTP/1.1" 200 649
C:\Users\acer\AppData\Local\Programs\Python\Python312\Lib\site-packages\sklearn\utils\validation.py:2749: UserWarning: X does not have valid feature names, but LinearRegression was fitted with feature names
  warnings.warn(
C:\Users\acer\AppData\Local\Programs\Python\Python312\Lib\site-packages\sklearn\utils\validation.py:2749: UserWarning: X does not have valid feature names, but LinearRegression was fitted with feature names
  warnings.warn(
[07/Apr/2026 15:26:39] "GET /status/marketplaces/ HTTP/1.1" 200 649
C:\Users\acer\AppData\Local\Programs\Python\Python312\Lib\site-packages\sklearn\utils\validation.py:2749: UserWarning: X does not have valid feature names, but LinearRegression was fitted with feature names
  warnings.warn(
C:\Users\acer\AppData\Local\Programs\Python\Python312\Lib\site-packages\sklearn\utils\validation.py:2749: UserWarning: X does not have valid feature names, but LinearRegression was fitted with feature names
  warnings.warn(
[07/Apr/2026 15:26:42] "GET /status/marketplaces/ HTTP/1.1" 200 649
C:\Users\acer\AppData\Local\Programs\Python\Python312\Lib\site-packages\sklearn\utils\validation.py:2749: UserWarning: X does not have valid feature names, but LinearRegression was fitted with feature names
  warnings.warn(
C:\Users\acer\AppData\Local\Programs\Python\Python312\Lib\site-packages\sklearn\utils\validation.py:2749: UserWarning: X does not have valid feature names, but LinearRegression was fitted with feature names
  warnings.warn(
[07/Apr/2026 15:26:45] "GET /status/marketplaces/ HTTP/1.1" 200 649
C:\Users\acer\AppData\Local\Programs\Python\Python312\Lib\site-packages\sklearn\utils\validation.py:2749: UserWarning: X does not have valid feature names, but LinearRegression was fitted with feature names
  warnings.warn(
C:\Users\acer\AppData\Local\Programs\Python\Python312\Lib\site-packages\sklearn\utils\validation.py:2749: UserWarning: X does not have valid feature names, but LinearRegression was fitted with feature names
  warnings.warn(
[07/Apr/2026 15:26:48] "GET /status/marketplaces/ HTTP/1.1" 200 649
C:\Users\acer\AppData\Local\Programs\Python\Python312\Lib\site-packages\sklearn\utils\validation.py:2749: UserWarning: X does not have valid feature names, but LinearRegression was fitted with feature names
  warnings.warn(
C:\Users\acer\AppData\Local\Programs\Python\Python312\Lib\site-packages\sklearn\utils\validation.py:2749: UserWarning: X does not have valid feature names, but LinearRegression was fitted with feature names
  warnings.warn(
[07/Apr/2026 15:26:51] "GET /status/marketplaces/ HTTP/1.1" 200 649
C:\Users\acer\AppData\Local\Programs\Python\Python312\Lib\site-packages\sklearn\utils\validation.py:2749: UserWarning: X does not have valid feature names, but LinearRegression was fitted with feature names
  warnings.warn(
C:\Users\acer\AppData\Local\Programs\Python\Python312\Lib\site-packages\sklearn\utils\validation.py:2749: UserWarning: X does not have valid feature names, but LinearRegression was fitted with feature names
  warnings.warn(
[07/Apr/2026 15:26:54] "GET /status/marketplaces/ HTTP/1.1" 200 649
C:\Users\acer\AppData\Local\Programs\Python\Python312\Lib\site-packages\sklearn\utils\validation.py:2749: UserWarning: X does not have valid feature names, but LinearRegression was fitted with feature names
  warnings.warn(
C:\Users\acer\AppData\Local\Programs\Python\Python312\Lib\site-packages\sklearn\utils\validation.py:2749: UserWarning: X does not have valid feature names, but LinearRegression was fitted with feature names
  warnings.warn(
[07/Apr/2026 15:26:57] "GET /status/marketplaces/ HTTP/1.1" 200 649
C:\Users\acer\AppData\Local\Programs\Python\Python312\Lib\site-packages\sklearn\utils\validation.py:2749: UserWarning: X does not have valid feature names, but LinearRegression was fitted with feature names
  warnings.warn(
C:\Users\acer\AppData\Local\Programs\Python\Python312\Lib\site-packages\sklearn\utils\validation.py:2749: UserWarning: X does not have valid feature names, but LinearRegression was fitted with feature names
  warnings.warn(
[07/Apr/2026 15:27:00] "GET /status/marketplaces/ HTTP/1.1" 200 649
C:\Users\acer\AppData\Local\Programs\Python\Python312\Lib\site-packages\sklearn\utils\validation.py:2749: UserWarning: X does not have valid feature names, but LinearRegression was fitted with feature names
  warnings.warn(
C:\Users\acer\AppData\Local\Programs\Python\Python312\Lib\site-packages\sklearn\utils\validation.py:2749: UserWarning: X does not have valid feature names, but LinearRegression was fitted with feature names
  warnings.warn(
[07/Apr/2026 15:27:03] "GET /status/marketplaces/ HTTP/1.1" 200 649
C:\Users\acer\AppData\Local\Programs\Python\Python312\Lib\site-packages\sklearn\utils\validation.py:2749: UserWarning: X does not have valid feature names, but LinearRegression was fitted with feature names
  warnings.warn(
C:\Users\acer\AppData\Local\Programs\Python\Python312\Lib\site-packages\sklearn\utils\validation.py:2749: UserWarning: X does not have valid feature names, but LinearRegression was fitted with feature names
  warnings.warn(
[07/Apr/2026 15:27:06] "GET /status/marketplaces/ HTTP/1.1" 200 649
C:\Users\acer\AppData\Local\Programs\Python\Python312\Lib\site-packages\sklearn\utils\validation.py:2749: UserWarning: X does not have valid feature names, but LinearRegression was fitted with feature names
  warnings.warn(
C:\Users\acer\AppData\Local\Programs\Python\Python312\Lib\site-packages\sklearn\utils\validation.py:2749: UserWarning: X does not have valid feature names, but LinearRegression was fitted with feature names
  warnings.warn(
[07/Apr/2026 15:27:09] "GET /status/marketplaces/ HTTP/1.1" 200 649
C:\Users\acer\AppData\Local\Programs\Python\Python312\Lib\site-packages\sklearn\utils\validation.py:2749: UserWarning: X does not have valid feature names, but LinearRegression was fitted with feature names
  warnings.warn(
C:\Users\acer\AppData\Local\Programs\Python\Python312\Lib\site-packages\sklearn\utils\validation.py:2749: UserWarning: X does not have valid feature names, but LinearRegression was fitted with feature names
  warnings.warn(
[07/Apr/2026 15:27:12] "GET /status/marketplaces/ HTTP/1.1" 200 649
C:\Users\acer\AppData\Local\Programs\Python\Python312\Lib\site-packages\sklearn\utils\validation.py:2749: UserWarning: X does not have valid feature names, but LinearRegression was fitted with feature names
  warnings.warn(
C:\Users\acer\AppData\Local\Programs\Python\Python312\Lib\site-packages\sklearn\utils\validation.py:2749: UserWarning: X does not have valid feature names, but LinearRegression was fitted with feature names
  warnings.warn(
[07/Apr/2026 15:27:15] "GET /status/marketplaces/ HTTP/1.1" 200 649
C:\Users\acer\AppData\Local\Programs\Python\Python312\Lib\site-packages\sklearn\utils\validation.py:2749: UserWarning: X does not have valid feature names, but LinearRegression was fitted with feature names
  warnings.warn(
C:\Users\acer\AppData\Local\Programs\Python\Python312\Lib\site-packages\sklearn\utils\validation.py:2749: UserWarning: X does not have valid feature names, but LinearRegression was fitted with feature names
  warnings.warn(
[07/Apr/2026 15:27:18] "GET /status/marketplaces/ HTTP/1.1" 200 649
C:\Users\acer\AppData\Local\Programs\Python\Python312\Lib\site-packages\sklearn\utils\validation.py:2749: UserWarning: X does not have valid feature names, but LinearRegression was fitted with feature names
  warnings.warn(
C:\Users\acer\AppData\Local\Programs\Python\Python312\Lib\site-packages\sklearn\utils\validation.py:2749: UserWarning: X does not have valid feature names, but LinearRegression was fitted with feature names
  warnings.warn(
[07/Apr/2026 15:27:21] "GET /status/marketplaces/ HTTP/1.1" 200 649
C:\Users\acer\AppData\Local\Programs\Python\Python312\Lib\site-packages\sklearn\utils\validation.py:2749: UserWarning: X does not have valid feature names, but LinearRegression was fitted with feature names
  warnings.warn(
C:\Users\acer\AppData\Local\Programs\Python\Python312\Lib\site-packages\sklearn\utils\validation.py:2749: UserWarning: X does not have valid feature names, but LinearRegression was fitted with feature names
  warnings.warn(
[07/Apr/2026 15:27:24] "GET /status/marketplaces/ HTTP/1.1" 200 649
C:\Users\acer\AppData\Local\Programs\Python\Python312\Lib\site-packages\sklearn\utils\validation.py:2749: UserWarning: X does not have valid feature names, but LinearRegression was fitted with feature names
  warnings.warn(
C:\Users\acer\AppData\Local\Programs\Python\Python312\Lib\site-packages\sklearn\utils\validation.py:2749: UserWarning: X does not have valid feature names, but LinearRegression was fitted with feature names
  warnings.warn(
[07/Apr/2026 15:27:27] "GET /status/marketplaces/ HTTP/1.1" 200 649
C:\Users\acer\AppData\Local\Programs\Python\Python312\Lib\site-packages\sklearn\utils\validation.py:2749: UserWarning: X does not have valid feature names, but LinearRegression was fitted with feature names
  warnings.warn(
C:\Users\acer\AppData\Local\Programs\Python\Python312\Lib\site-packages\sklearn\utils\validation.py:2749: UserWarning: X does not have valid feature names, but LinearRegression was fitted with feature names
  warnings.warn(
[07/Apr/2026 15:27:30] "GET /status/marketplaces/ HTTP/1.1" 200 649
C:\Users\acer\AppData\Local\Programs\Python\Python312\Lib\site-packages\sklearn\utils\validation.py:2749: UserWarning: X does not have valid feature names, but LinearRegression was fitted with feature names
  warnings.warn(
C:\Users\acer\AppData\Local\Programs\Python\Python312\Lib\site-packages\sklearn\utils\validation.py:2749: UserWarning: X does not have valid feature names, but LinearRegression was fitted with feature names
  warnings.warn(
[07/Apr/2026 15:27:33] "GET /status/marketplaces/ HTTP/1.1" 200 649
C:\Users\acer\AppData\Local\Programs\Python\Python312\Lib\site-packages\sklearn\utils\validation.py:2749: UserWarning: X does not have valid feature names, but LinearRegression was fitted with feature names
  warnings.warn(
C:\Users\acer\AppData\Local\Programs\Python\Python312\Lib\site-packages\sklearn\utils\validation.py:2749: UserWarning: X does not have valid feature names, but LinearRegression was fitted with feature names
  warnings.warn(
[07/Apr/2026 15:27:36] "GET /status/marketplaces/ HTTP/1.1" 200 649
C:\Users\acer\AppData\Local\Programs\Python\Python312\Lib\site-packages\sklearn\utils\validation.py:2749: UserWarning: X does not have valid feature names, but LinearRegression was fitted with feature names
  warnings.warn(
C:\Users\acer\AppData\Local\Programs\Python\Python312\Lib\site-packages\sklearn\utils\validation.py:2749: UserWarning: X does not have valid feature names, but LinearRegression was fitted with feature names
  warnings.warn(
[07/Apr/2026 15:27:39] "GET /status/marketplaces/ HTTP/1.1" 200 649
C:\Users\acer\AppData\Local\Programs\Python\Python312\Lib\site-packages\sklearn\utils\validation.py:2749: UserWarning: X does not have valid feature names, but LinearRegression was fitted with feature names
  warnings.warn(
C:\Users\acer\AppData\Local\Programs\Python\Python312\Lib\site-packages\sklearn\utils\validation.py:2749: UserWarning: X does not have valid feature names, but LinearRegression was fitted with feature names
  warnings.warn(
[07/Apr/2026 15:27:42] "GET /status/marketplaces/ HTTP/1.1" 200 649
C:\Users\acer\AppData\Local\Programs\Python\Python312\Lib\site-packages\sklearn\utils\validation.py:2749: UserWarning: X does not have valid feature names, but LinearRegression was fitted with feature names
  warnings.warn(
C:\Users\acer\AppData\Local\Programs\Python\Python312\Lib\site-packages\sklearn\utils\validation.py:2749: UserWarning: X does not have valid feature names, but LinearRegression was fitted with feature names
  warnings.warn(
[07/Apr/2026 15:27:45] "GET /status/marketplaces/ HTTP/1.1" 200 649
C:\Users\acer\AppData\Local\Programs\Python\Python312\Lib\site-packages\sklearn\utils\validation.py:2749: UserWarning: X does not have valid feature names, but LinearRegression was fitted with feature names
  warnings.warn(
C:\Users\acer\AppData\Local\Programs\Python\Python312\Lib\site-packages\sklearn\utils\validation.py:2749: UserWarning: X does not have valid feature names, but LinearRegression was fitted with feature names
  warnings.warn(
[07/Apr/2026 15:27:48] "GET /status/marketplaces/ HTTP/1.1" 200 649
C:\Users\acer\AppData\Local\Programs\Python\Python312\Lib\site-packages\sklearn\utils\validation.py:2749: UserWarning: X does not have valid feature names, but LinearRegression was fitted with feature names
  warnings.warn(
C:\Users\acer\AppData\Local\Programs\Python\Python312\Lib\site-packages\sklearn\utils\validation.py:2749: UserWarning: X does not have valid feature names, but LinearRegression was fitted with feature names
  warnings.warn(
[07/Apr/2026 15:27:51] "GET /status/marketplaces/ HTTP/1.1" 200 649
C:\Users\acer\AppData\Local\Programs\Python\Python312\Lib\site-packages\sklearn\utils\validation.py:2749: UserWarning: X does not have valid feature names, but LinearRegression was fitted with feature names
  warnings.warn(
C:\Users\acer\AppData\Local\Programs\Python\Python312\Lib\site-packages\sklearn\utils\validation.py:2749: UserWarning: X does not have valid feature names, but LinearRegression was fitted with feature names
  warnings.warn(
[07/Apr/2026 15:27:54] "GET /status/marketplaces/ HTTP/1.1" 200 649
C:\Users\acer\AppData\Local\Programs\Python\Python312\Lib\site-packages\sklearn\utils\validation.py:2749: UserWarning: X does not have valid feature names, but LinearRegression was fitted with feature names
  warnings.warn(
C:\Users\acer\AppData\Local\Programs\Python\Python312\Lib\site-packages\sklearn\utils\validation.py:2749: UserWarning: X does not have valid feature names, but LinearRegression was fitted with feature names
  warnings.warn(
[07/Apr/2026 15:27:57] "GET /status/marketplaces/ HTTP/1.1" 200 649
C:\Users\acer\AppData\Local\Programs\Python\Python312\Lib\site-packages\sklearn\utils\validation.py:2749: UserWarning: X does not have valid feature names, but LinearRegression was fitted with feature names
  warnings.warn(
C:\Users\acer\AppData\Local\Programs\Python\Python312\Lib\site-packages\sklearn\utils\validation.py:2749: UserWarning: X does not have valid feature names, but LinearRegression was fitted with feature names
  warnings.warn(
[07/Apr/2026 15:28:00] "GET /status/marketplaces/ HTTP/1.1" 200 649
C:\Users\acer\AppData\Local\Programs\Python\Python312\Lib\site-packages\sklearn\utils\validation.py:2749: UserWarning: X does not have valid feature names, but LinearRegression was fitted with feature names
  warnings.warn(
C:\Users\acer\AppData\Local\Programs\Python\Python312\Lib\site-packages\sklearn\utils\validation.py:2749: UserWarning: X does not have valid feature names, but LinearRegression was fitted with feature names
  warnings.warn(
[07/Apr/2026 15:28:03] "GET /status/marketplaces/ HTTP/1.1" 200 649
C:\Users\acer\AppData\Local\Programs\Python\Python312\Lib\site-packages\sklearn\utils\validation.py:2749: UserWarning: X does not have valid feature names, but LinearRegression was fitted with feature names
  warnings.warn(
C:\Users\acer\AppData\Local\Programs\Python\Python312\Lib\site-packages\sklearn\utils\validation.py:2749: UserWarning: X does not have valid feature names, but LinearRegression was fitted with feature names
  warnings.warn(
[07/Apr/2026 15:28:06] "GET /status/marketplaces/ HTTP/1.1" 200 649
C:\Users\acer\AppData\Local\Programs\Python\Python312\Lib\site-packages\sklearn\utils\validation.py:2749: UserWarning: X does not have valid feature names, but LinearRegression was fitted with feature names
  warnings.warn(
C:\Users\acer\AppData\Local\Programs\Python\Python312\Lib\site-packages\sklearn\utils\validation.py:2749: UserWarning: X does not have valid feature names, but LinearRegression was fitted with feature names
  warnings.warn(
[07/Apr/2026 15:28:09] "GET /status/marketplaces/ HTTP/1.1" 200 649
C:\Users\acer\AppData\Local\Programs\Python\Python312\Lib\site-packages\sklearn\utils\validation.py:2749: UserWarning: X does not have valid feature names, but LinearRegression was fitted with feature names
  warnings.warn(
C:\Users\acer\AppData\Local\Programs\Python\Python312\Lib\site-packages\sklearn\utils\validation.py:2749: UserWarning: X does not have valid feature names, but LinearRegression was fitted with feature names
  warnings.warn(
[07/Apr/2026 15:28:12] "GET /status/marketplaces/ HTTP/1.1" 200 649
C:\Users\acer\AppData\Local\Programs\Python\Python312\Lib\site-packages\sklearn\utils\validation.py:2749: UserWarning: X does not have valid feature names, but LinearRegression was fitted with feature names
  warnings.warn(
C:\Users\acer\AppData\Local\Programs\Python\Python312\Lib\site-packages\sklearn\utils\validation.py:2749: UserWarning: X does not have valid feature names, but LinearRegression was fitted with feature names
  warnings.warn(
[07/Apr/2026 15:28:15] "GET /status/marketplaces/ HTTP/1.1" 200 649
C:\Users\acer\AppData\Local\Programs\Python\Python312\Lib\site-packages\sklearn\utils\validation.py:2749: UserWarning: X does not have valid feature names, but LinearRegression was fitted with feature names
  warnings.warn(
C:\Users\acer\AppData\Local\Programs\Python\Python312\Lib\site-packages\sklearn\utils\validation.py:2749: UserWarning: X does not have valid feature names, but LinearRegression was fitted with feature names
  warnings.warn(
[07/Apr/2026 15:28:18] "GET /status/marketplaces/ HTTP/1.1" 200 649
[07/Apr/2026 15:28:19] "OPTIONS /predict/ HTTP/1.1" 200 0
C:\Users\acer\AppData\Local\Programs\Python\Python312\Lib\site-packages\sklearn\utils\validation.py:2749: UserWarning: X does not have valid feature names, but LinearRegression was fitted with feature names
  warnings.warn(
[07/Apr/2026 15:28:19] "POST /predict/ HTTP/1.1" 200 140
[07/Apr/2026 15:28:19] "OPTIONS /predict/marketplace/ HTTP/1.1" 200 0
[07/Apr/2026 15:28:19] "OPTIONS /predict/marketplace/ HTTP/1.1" 200 0
C:\Users\acer\AppData\Local\Programs\Python\Python312\Lib\site-packages\sklearn\utils\validation.py:2749: UserWarning: X does not have valid feature names, but LinearRegression was fitted with feature names
  warnings.warn(
[07/Apr/2026 15:28:19] "POST /predict/marketplace/ HTTP/1.1" 201 321
C:\Users\acer\AppData\Local\Programs\Python\Python312\Lib\site-packages\sklearn\utils\validation.py:2749: UserWarning: X does not have valid feature names, but LinearRegression was fitted with feature names
  warnings.warn(
[07/Apr/2026 15:28:19] "POST /predict/marketplace/ HTTP/1.1" 201 325
C:\Users\acer\AppData\Local\Programs\Python\Python312\Lib\site-packages\sklearn\utils\validation.py:2749: UserWarning: X does not have valid feature names, but LinearRegression was fitted with feature names
  warnings.warn(
C:\Users\acer\AppData\Local\Programs\Python\Python312\Lib\site-packages\sklearn\utils\validation.py:2749: UserWarning: X does not have valid feature names, but LinearRegression was fitted with feature names
  warnings.warn(
[07/Apr/2026 15:28:19] "GET /status/marketplaces/ HTTP/1.1" 200 645
C:\Users\acer\AppData\Local\Programs\Python\Python312\Lib\site-packages\sklearn\utils\validation.py:2749: UserWarning: X does not have valid feature names, but LinearRegression was fitted with feature names
  warnings.warn(
C:\Users\acer\AppData\Local\Programs\Python\Python312\Lib\site-packages\sklearn\utils\validation.py:2749: UserWarning: X does not have valid feature names, but LinearRegression was fitted with feature names
  warnings.warn(
[07/Apr/2026 15:28:21] "GET /status/marketplaces/ HTTP/1.1" 200 645
C:\Users\acer\AppData\Local\Programs\Python\Python312\Lib\site-packages\sklearn\utils\validation.py:2749: UserWarning: X does not have valid feature names, but LinearRegression was fitted with feature names
  warnings.warn(
C:\Users\acer\AppData\Local\Programs\Python\Python312\Lib\site-packages\sklearn\utils\validation.py:2749: UserWarning: X does not have valid feature names, but LinearRegression was fitted with feature names
  warnings.warn(
[07/Apr/2026 15:28:24] "GET /status/marketplaces/ HTTP/1.1" 200 645
C:\Users\acer\AppData\Local\Programs\Python\Python312\Lib\site-packages\sklearn\utils\validation.py:2749: UserWarning: X does not have valid feature names, but LinearRegression was fitted with feature names
  warnings.warn(
C:\Users\acer\AppData\Local\Programs\Python\Python312\Lib\site-packages\sklearn\utils\validation.py:2749: UserWarning: X does not have valid feature names, but LinearRegression was fitted with feature names
  warnings.warn(
[07/Apr/2026 15:28:27] "GET /status/marketplaces/ HTTP/1.1" 200 645
C:\Users\acer\AppData\Local\Programs\Python\Python312\Lib\site-packages\sklearn\utils\validation.py:2749: UserWarning: X does not have valid feature names, but LinearRegression was fitted with feature names
  warnings.warn(
[07/Apr/2026 15:28:29] "POST /predict/ HTTP/1.1" 200 140
C:\Users\acer\AppData\Local\Programs\Python\Python312\Lib\site-packages\sklearn\utils\validation.py:2749: UserWarning: X does not have valid feature names, but LinearRegression was fitted with feature names
  warnings.warn(
[07/Apr/2026 15:28:29] "POST /predict/marketplace/ HTTP/1.1" 201 325
C:\Users\acer\AppData\Local\Programs\Python\Python312\Lib\site-packages\sklearn\utils\validation.py:2749: UserWarning: X does not have valid feature names, but LinearRegression was fitted with feature names
  warnings.warn(
[07/Apr/2026 15:28:29] "POST /predict/marketplace/ HTTP/1.1" 201 321
C:\Users\acer\AppData\Local\Programs\Python\Python312\Lib\site-packages\sklearn\utils\validation.py:2749: UserWarning: X does not have valid feature names, but LinearRegression was fitted with feature names
  warnings.warn(
C:\Users\acer\AppData\Local\Programs\Python\Python312\Lib\site-packages\sklearn\utils\validation.py:2749: UserWarning: X does not have valid feature names, but LinearRegression was fitted with feature names
  warnings.warn(
[07/Apr/2026 15:28:29] "GET /status/marketplaces/ HTTP/1.1" 200 645
C:\Users\acer\AppData\Local\Programs\Python\Python312\Lib\site-packages\sklearn\utils\validation.py:2749: UserWarning: X does not have valid feature names, but LinearRegression was fitted with feature names
  warnings.warn(
C:\Users\acer\AppData\Local\Programs\Python\Python312\Lib\site-packages\sklearn\utils\validation.py:2749: UserWarning: X does not have valid feature names, but LinearRegression was fitted with feature names
  warnings.warn(
[07/Apr/2026 15:28:30] "GET /status/marketplaces/ HTTP/1.1" 200 645
C:\Users\acer\AppData\Local\Programs\Python\Python312\Lib\site-packages\sklearn\utils\validation.py:2749: UserWarning: X does not have valid feature names, but LinearRegression was fitted with feature names
  warnings.warn(
[07/Apr/2026 15:28:31] "POST /predict/ HTTP/1.1" 200 140
C:\Users\acer\AppData\Local\Programs\Python\Python312\Lib\site-packages\sklearn\utils\validation.py:2749: UserWarning: X does not have valid feature names, but LinearRegression was fitted with feature names
  warnings.warn(
C:\Users\acer\AppData\Local\Programs\Python\Python312\Lib\site-packages\sklearn\utils\validation.py:2749: UserWarning: X does not have valid feature names, but LinearRegression was fitted with feature names
  warnings.warn(
[07/Apr/2026 15:28:31] "POST /predict/marketplace/ HTTP/1.1" 201 321
[07/Apr/2026 15:28:31] "POST /predict/marketplace/ HTTP/1.1" 201 325
C:\Users\acer\AppData\Local\Programs\Python\Python312\Lib\site-packages\sklearn\utils\validation.py:2749: UserWarning: X does not have valid feature names, but LinearRegression was fitted with feature names
  warnings.warn(
C:\Users\acer\AppData\Local\Programs\Python\Python312\Lib\site-packages\sklearn\utils\validation.py:2749: UserWarning: X does not have valid feature names, but LinearRegression was fitted with feature names
  warnings.warn(
[07/Apr/2026 15:28:31] "GET /status/marketplaces/ HTTP/1.1" 200 645
C:\Users\acer\AppData\Local\Programs\Python\Python312\Lib\site-packages\sklearn\utils\validation.py:2749: UserWarning: X does not have valid feature names, but LinearRegression was fitted with feature names
  warnings.warn(
C:\Users\acer\AppData\Local\Programs\Python\Python312\Lib\site-packages\sklearn\utils\validation.py:2749: UserWarning: X does not have valid feature names, but LinearRegression was fitted with feature names
  warnings.warn(
[07/Apr/2026 15:28:33] "GET /status/marketplaces/ HTTP/1.1" 200 645
C:\Users\acer\AppData\Local\Programs\Python\Python312\Lib\site-packages\sklearn\utils\validation.py:2749: UserWarning: X does not have valid feature names, but LinearRegression was fitted with feature names
  warnings.warn(
C:\Users\acer\AppData\Local\Programs\Python\Python312\Lib\site-packages\sklearn\utils\validation.py:2749: UserWarning: X does not have valid feature names, but LinearRegression was fitted with feature names
  warnings.warn(
[07/Apr/2026 15:28:36] "GET /status/marketplaces/ HTTP/1.1" 200 645
C:\Users\acer\AppData\Local\Programs\Python\Python312\Lib\site-packages\sklearn\utils\validation.py:2749: UserWarning: X does not have valid feature names, but LinearRegression was fitted with feature names
  warnings.warn(
C:\Users\acer\AppData\Local\Programs\Python\Python312\Lib\site-packages\sklearn\utils\validation.py:2749: UserWarning: X does not have valid feature names, but LinearRegression was fitted with feature names
  warnings.warn(
[07/Apr/2026 15:28:39] "GET /status/marketplaces/ HTTP/1.1" 200 645
C:\Users\acer\AppData\Local\Programs\Python\Python312\Lib\site-packages\sklearn\utils\validation.py:2749: UserWarning: X does not have valid feature names, but LinearRegression was fitted with feature names
  warnings.warn(
C:\Users\acer\AppData\Local\Programs\Python\Python312\Lib\site-packages\sklearn\utils\validation.py:2749: UserWarning: X does not have valid feature names, but LinearRegression was fitted with feature names
  warnings.warn(
[07/Apr/2026 15:28:42] "GET /status/marketplaces/ HTTP/1.1" 200 645
C:\Users\acer\AppData\Local\Programs\Python\Python312\Lib\site-packages\sklearn\utils\validation.py:2749: UserWarning: X does not have valid feature names, but LinearRegression was fitted with feature names
  warnings.warn(
C:\Users\acer\AppData\Local\Programs\Python\Python312\Lib\site-packages\sklearn\utils\validation.py:2749: UserWarning: X does not have valid feature names, but LinearRegression was fitted with feature names
  warnings.warn(
[07/Apr/2026 15:28:45] "GET /status/marketplaces/ HTTP/1.1" 200 645
C:\Users\acer\AppData\Local\Programs\Python\Python312\Lib\site-packages\sklearn\utils\validation.py:2749: UserWarning: X does not have valid feature names, but LinearRegression was fitted with feature names
  warnings.warn(
C:\Users\acer\AppData\Local\Programs\Python\Python312\Lib\site-packages\sklearn\utils\validation.py:2749: UserWarning: X does not have valid feature names, but LinearRegression was fitted with feature names
  warnings.warn(
[07/Apr/2026 15:28:48] "GET /status/marketplaces/ HTTP/1.1" 200 645
C:\Users\acer\AppData\Local\Programs\Python\Python312\Lib\site-packages\sklearn\utils\validation.py:2749: UserWarning: X does not have valid feature names, but LinearRegression was fitted with feature names
  warnings.warn(
C:\Users\acer\AppData\Local\Programs\Python\Python312\Lib\site-packages\sklearn\utils\validation.py:2749: UserWarning: X does not have valid feature names, but LinearRegression was fitted with feature names
  warnings.warn(
[07/Apr/2026 15:28:51] "GET /status/marketplaces/ HTTP/1.1" 200 645
C:\Users\acer\AppData\Local\Programs\Python\Python312\Lib\site-packages\sklearn\utils\validation.py:2749: UserWarning: X does not have valid feature names, but LinearRegression was fitted with feature names
  warnings.warn(
C:\Users\acer\AppData\Local\Programs\Python\Python312\Lib\site-packages\sklearn\utils\validation.py:2749: UserWarning: X does not have valid feature names, but LinearRegression was fitted with feature names
  warnings.warn(
[07/Apr/2026 15:28:54] "GET /status/marketplaces/ HTTP/1.1" 200 645
C:\Users\acer\AppData\Local\Programs\Python\Python312\Lib\site-packages\sklearn\utils\validation.py:2749: UserWarning: X does not have valid feature names, but LinearRegression was fitted with feature names
  warnings.warn(
C:\Users\acer\AppData\Local\Programs\Python\Python312\Lib\site-packages\sklearn\utils\validation.py:2749: UserWarning: X does not have valid feature names, but LinearRegression was fitted with feature names
  warnings.warn(
[07/Apr/2026 15:28:57] "GET /status/marketplaces/ HTTP/1.1" 200 645
C:\Users\acer\AppData\Local\Programs\Python\Python312\Lib\site-packages\sklearn\utils\validation.py:2749: UserWarning: X does not have valid feature names, but LinearRegression was fitted with feature names
  warnings.warn(
C:\Users\acer\AppData\Local\Programs\Python\Python312\Lib\site-packages\sklearn\utils\validation.py:2749: UserWarning: X does not have valid feature names, but LinearRegression was fitted with feature names
  warnings.warn(
[07/Apr/2026 15:29:00] "GET /status/marketplaces/ HTTP/1.1" 200 645
C:\Users\acer\AppData\Local\Programs\Python\Python312\Lib\site-packages\sklearn\utils\validation.py:2749: UserWarning: X does not have valid feature names, but LinearRegression was fitted with feature names
  warnings.warn(
C:\Users\acer\AppData\Local\Programs\Python\Python312\Lib\site-packages\sklearn\utils\validation.py:2749: UserWarning: X does not have valid feature names, but LinearRegression was fitted with feature names
  warnings.warn(
[07/Apr/2026 15:29:03] "GET /status/marketplaces/ HTTP/1.1" 200 645
C:\Users\acer\AppData\Local\Programs\Python\Python312\Lib\site-packages\sklearn\utils\validation.py:2749: UserWarning: X does not have valid feature names, but LinearRegression was fitted with feature names
  warnings.warn(
C:\Users\acer\AppData\Local\Programs\Python\Python312\Lib\site-packages\sklearn\utils\validation.py:2749: UserWarning: X does not have valid feature names, but LinearRegression was fitted with feature names
  warnings.warn(
[07/Apr/2026 15:29:06] "GET /status/marketplaces/ HTTP/1.1" 200 645
C:\Users\acer\AppData\Local\Programs\Python\Python312\Lib\site-packages\sklearn\utils\validation.py:2749: UserWarning: X does not have valid feature names, but LinearRegression was fitted with feature names
  warnings.warn(
C:\Users\acer\AppData\Local\Programs\Python\Python312\Lib\site-packages\sklearn\utils\validation.py:2749: UserWarning: X does not have valid feature names, but LinearRegression was fitted with feature names
  warnings.warn(
[07/Apr/2026 15:29:09] "GET /status/marketplaces/ HTTP/1.1" 200 645
C:\Users\acer\AppData\Local\Programs\Python\Python312\Lib\site-packages\sklearn\utils\validation.py:2749: UserWarning: X does not have valid feature names, but LinearRegression was fitted with feature names
  warnings.warn(
C:\Users\acer\AppData\Local\Programs\Python\Python312\Lib\site-packages\sklearn\utils\validation.py:2749: UserWarning: X does not have valid feature names, but LinearRegression was fitted with feature names
  warnings.warn(
[07/Apr/2026 15:29:12] "GET /status/marketplaces/ HTTP/1.1" 200 645
C:\Users\acer\AppData\Local\Programs\Python\Python312\Lib\site-packages\sklearn\utils\validation.py:2749: UserWarning: X does not have valid feature names, but LinearRegression was fitted with feature names
  warnings.warn(
C:\Users\acer\AppData\Local\Programs\Python\Python312\Lib\site-packages\sklearn\utils\validation.py:2749: UserWarning: X does not have valid feature names, but LinearRegression was fitted with feature names
  warnings.warn(
[07/Apr/2026 15:29:15] "GET /status/marketplaces/ HTTP/1.1" 200 645
C:\Users\acer\AppData\Local\Programs\Python\Python312\Lib\site-packages\sklearn\utils\validation.py:2749: UserWarning: X does not have valid feature names, but LinearRegression was fitted with feature names
  warnings.warn(
C:\Users\acer\AppData\Local\Programs\Python\Python312\Lib\site-packages\sklearn\utils\validation.py:2749: UserWarning: X does not have valid feature names, but LinearRegression was fitted with feature names
  warnings.warn(
[07/Apr/2026 15:29:18] "GET /status/marketplaces/ HTTP/1.1" 200 645
C:\Users\acer\AppData\Local\Programs\Python\Python312\Lib\site-packages\sklearn\utils\validation.py:2749: UserWarning: X does not have valid feature names, but LinearRegression was fitted with feature names
  warnings.warn(
C:\Users\acer\AppData\Local\Programs\Python\Python312\Lib\site-packages\sklearn\utils\validation.py:2749: UserWarning: X does not have valid feature names, but LinearRegression was fitted with feature names
  warnings.warn(
[07/Apr/2026 15:29:21] "GET /status/marketplaces/ HTTP/1.1" 200 645
C:\Users\acer\AppData\Local\Programs\Python\Python312\Lib\site-packages\sklearn\utils\validation.py:2749: UserWarning: X does not have valid feature names, but LinearRegression was fitted with feature names
  warnings.warn(
C:\Users\acer\AppData\Local\Programs\Python\Python312\Lib\site-packages\sklearn\utils\validation.py:2749: UserWarning: X does not have valid feature names, but LinearRegression was fitted with feature names
  warnings.warn(
[07/Apr/2026 15:29:24] "GET /status/marketplaces/ HTTP/1.1" 200 645
C:\Users\acer\AppData\Local\Programs\Python\Python312\Lib\site-packages\sklearn\utils\validation.py:2749: UserWarning: X does not have valid feature names, but LinearRegression was fitted with feature names
  warnings.warn(
C:\Users\acer\AppData\Local\Programs\Python\Python312\Lib\site-packages\sklearn\utils\validation.py:2749: UserWarning: X does not have valid feature names, but LinearRegression was fitted with feature names
  warnings.warn(
[07/Apr/2026 15:29:27] "GET /status/marketplaces/ HTTP/1.1" 200 645
C:\Users\acer\AppData\Local\Programs\Python\Python312\Lib\site-packages\sklearn\utils\validation.py:2749: UserWarning: X does not have valid feature names, but LinearRegression was fitted with feature names
  warnings.warn(
C:\Users\acer\AppData\Local\Programs\Python\Python312\Lib\site-packages\sklearn\utils\validation.py:2749: UserWarning: X does not have valid feature names, but LinearRegression was fitted with feature names
  warnings.warn(
[07/Apr/2026 15:29:30] "GET /status/marketplaces/ HTTP/1.1" 200 645
C:\Users\acer\AppData\Local\Programs\Python\Python312\Lib\site-packages\sklearn\utils\validation.py:2749: UserWarning: X does not have valid feature names, but LinearRegression was fitted with feature names
  warnings.warn(
C:\Users\acer\AppData\Local\Programs\Python\Python312\Lib\site-packages\sklearn\utils\validation.py:2749: UserWarning: X does not have valid feature names, but LinearRegression was fitted with feature names
  warnings.warn(
[07/Apr/2026 15:29:33] "GET /status/marketplaces/ HTTP/1.1" 200 645
C:\Users\acer\AppData\Local\Programs\Python\Python312\Lib\site-packages\sklearn\utils\validation.py:2749: UserWarning: X does not have valid feature names, but LinearRegression was fitted with feature names
  warnings.warn(
C:\Users\acer\AppData\Local\Programs\Python\Python312\Lib\site-packages\sklearn\utils\validation.py:2749: UserWarning: X does not have valid feature names, but LinearRegression was fitted with feature names
  warnings.warn(
[07/Apr/2026 15:29:36] "GET /status/marketplaces/ HTTP/1.1" 200 645
C:\Users\acer\AppData\Local\Programs\Python\Python312\Lib\site-packages\sklearn\utils\validation.py:2749: UserWarning: X does not have valid feature names, but LinearRegression was fitted with feature names
  warnings.warn(
C:\Users\acer\AppData\Local\Programs\Python\Python312\Lib\site-packages\sklearn\utils\validation.py:2749: UserWarning: X does not have valid feature names, but LinearRegression was fitted with feature names
  warnings.warn(
[07/Apr/2026 15:29:39] "GET /status/marketplaces/ HTTP/1.1" 200 645
C:\Users\acer\AppData\Local\Programs\Python\Python312\Lib\site-packages\sklearn\utils\validation.py:2749: UserWarning: X does not have valid feature names, but LinearRegression was fitted with feature names
  warnings.warn(
C:\Users\acer\AppData\Local\Programs\Python\Python312\Lib\site-packages\sklearn\utils\validation.py:2749: UserWarning: X does not have valid feature names, but LinearRegression was fitted with feature names
  warnings.warn(
[07/Apr/2026 15:29:42] "GET /status/marketplaces/ HTTP/1.1" 200 645
C:\Users\acer\AppData\Local\Programs\Python\Python312\Lib\site-packages\sklearn\utils\validation.py:2749: UserWarning: X does not have valid feature names, but LinearRegression was fitted with feature names
  warnings.warn(
C:\Users\acer\AppData\Local\Programs\Python\Python312\Lib\site-packages\sklearn\utils\validation.py:2749: UserWarning: X does not have valid feature names, but LinearRegression was fitted with feature names
  warnings.warn(
[07/Apr/2026 15:29:45] "GET /status/marketplaces/ HTTP/1.1" 200 645
C:\Users\acer\AppData\Local\Programs\Python\Python312\Lib\site-packages\sklearn\utils\validation.py:2749: UserWarning: X does not have valid feature names, but LinearRegression was fitted with feature names
  warnings.warn(
C:\Users\acer\AppData\Local\Programs\Python\Python312\Lib\site-packages\sklearn\utils\validation.py:2749: UserWarning: X does not have valid feature names, but LinearRegression was fitted with feature names
  warnings.warn(
[07/Apr/2026 15:29:48] "GET /status/marketplaces/ HTTP/1.1" 200 645
C:\Users\acer\AppData\Local\Programs\Python\Python312\Lib\site-packages\sklearn\utils\validation.py:2749: UserWarning: X does not have valid feature names, but LinearRegression was fitted with feature names
  warnings.warn(
C:\Users\acer\AppData\Local\Programs\Python\Python312\Lib\site-packages\sklearn\utils\validation.py:2749: UserWarning: X does not have valid feature names, but LinearRegression was fitted with feature names
  warnings.warn(
[07/Apr/2026 15:29:51] "GET /status/marketplaces/ HTTP/1.1" 200 645
C:\Users\acer\AppData\Local\Programs\Python\Python312\Lib\site-packages\sklearn\utils\validation.py:2749: UserWarning: X does not have valid feature names, but LinearRegression was fitted with feature names
  warnings.warn(
C:\Users\acer\AppData\Local\Programs\Python\Python312\Lib\site-packages\sklearn\utils\validation.py:2749: UserWarning: X does not have valid feature names, but LinearRegression was fitted with feature names
  warnings.warn(
[07/Apr/2026 15:29:54] "GET /status/marketplaces/ HTTP/1.1" 200 645
C:\Users\acer\AppData\Local\Programs\Python\Python312\Lib\site-packages\sklearn\utils\validation.py:2749: UserWarning: X does not have valid feature names, but LinearRegression was fitted with feature names
  warnings.warn(
C:\Users\acer\AppData\Local\Programs\Python\Python312\Lib\site-packages\sklearn\utils\validation.py:2749: UserWarning: X does not have valid feature names, but LinearRegression was fitted with feature names
  warnings.warn(
[07/Apr/2026 15:29:57] "GET /status/marketplaces/ HTTP/1.1" 200 645
C:\Users\acer\AppData\Local\Programs\Python\Python312\Lib\site-packages\sklearn\utils\validation.py:2749: UserWarning: X does not have valid feature names, but LinearRegression was fitted with feature names
  warnings.warn(
C:\Users\acer\AppData\Local\Programs\Python\Python312\Lib\site-packages\sklearn\utils\validation.py:2749: UserWarning: X does not have valid feature names, but LinearRegression was fitted with feature names
  warnings.warn(
[07/Apr/2026 15:30:00] "GET /status/marketplaces/ HTTP/1.1" 200 645
C:\Users\acer\AppData\Local\Programs\Python\Python312\Lib\site-packages\sklearn\utils\validation.py:2749: UserWarning: X does not have valid feature names, but LinearRegression was fitted with feature names
  warnings.warn(
C:\Users\acer\AppData\Local\Programs\Python\Python312\Lib\site-packages\sklearn\utils\validation.py:2749: UserWarning: X does not have valid feature names, but LinearRegression was fitted with feature names
  warnings.warn(
[07/Apr/2026 15:30:03] "GET /status/marketplaces/ HTTP/1.1" 200 645
C:\Users\acer\AppData\Local\Programs\Python\Python312\Lib\site-packages\sklearn\utils\validation.py:2749: UserWarning: X does not have valid feature names, but LinearRegression was fitted with feature names
  warnings.warn(
C:\Users\acer\AppData\Local\Programs\Python\Python312\Lib\site-packages\sklearn\utils\validation.py:2749: UserWarning: X does not have valid feature names, but LinearRegression was fitted with feature names
  warnings.warn(
[07/Apr/2026 15:30:06] "GET /status/marketplaces/ HTTP/1.1" 200 645
C:\Users\acer\AppData\Local\Programs\Python\Python312\Lib\site-packages\sklearn\utils\validation.py:2749: UserWarning: X does not have valid feature names, but LinearRegression was fitted with feature names
  warnings.warn(
C:\Users\acer\AppData\Local\Programs\Python\Python312\Lib\site-packages\sklearn\utils\validation.py:2749: UserWarning: X does not have valid feature names, but LinearRegression was fitted with feature names
  warnings.warn(
[07/Apr/2026 15:30:09] "GET /status/marketplaces/ HTTP/1.1" 200 645
C:\Users\acer\AppData\Local\Programs\Python\Python312\Lib\site-packages\sklearn\utils\validation.py:2749: UserWarning: X does not have valid feature names, but LinearRegression was fitted with feature names
  warnings.warn(
C:\Users\acer\AppData\Local\Programs\Python\Python312\Lib\site-packages\sklearn\utils\validation.py:2749: UserWarning: X does not have valid feature names, but LinearRegression was fitted with feature names
  warnings.warn(
[07/Apr/2026 15:30:12] "GET /status/marketplaces/ HTTP/1.1" 200 645
C:\Users\acer\AppData\Local\Programs\Python\Python312\Lib\site-packages\sklearn\utils\validation.py:2749: UserWarning: X does not have valid feature names, but LinearRegression was fitted with feature names
  warnings.warn(
C:\Users\acer\AppData\Local\Programs\Python\Python312\Lib\site-packages\sklearn\utils\validation.py:2749: UserWarning: X does not have valid feature names, but LinearRegression was fitted with feature names
  warnings.warn(
[07/Apr/2026 15:30:15] "GET /status/marketplaces/ HTTP/1.1" 200 645
C:\Users\acer\AppData\Local\Programs\Python\Python312\Lib\site-packages\sklearn\utils\validation.py:2749: UserWarning: X does not have valid feature names, but LinearRegression was fitted with feature names
  warnings.warn(
C:\Users\acer\AppData\Local\Programs\Python\Python312\Lib\site-packages\sklearn\utils\validation.py:2749: UserWarning: X does not have valid feature names, but LinearRegression was fitted with feature names
  warnings.warn(
[07/Apr/2026 15:30:18] "GET /status/marketplaces/ HTTP/1.1" 200 645
C:\Users\acer\AppData\Local\Programs\Python\Python312\Lib\site-packages\sklearn\utils\validation.py:2749: UserWarning: X does not have valid feature names, but LinearRegression was fitted with feature names
  warnings.warn(
C:\Users\acer\AppData\Local\Programs\Python\Python312\Lib\site-packages\sklearn\utils\validation.py:2749: UserWarning: X does not have valid feature names, but LinearRegression was fitted with feature names
  warnings.warn(
[07/Apr/2026 15:30:21] "GET /status/marketplaces/ HTTP/1.1" 200 645
C:\Users\acer\AppData\Local\Programs\Python\Python312\Lib\site-packages\sklearn\utils\validation.py:2749: UserWarning: X does not have valid feature names, but LinearRegression was fitted with feature names
  warnings.warn(
C:\Users\acer\AppData\Local\Programs\Python\Python312\Lib\site-packages\sklearn\utils\validation.py:2749: UserWarning: X does not have valid feature names, but LinearRegression was fitted with feature names
  warnings.warn(
[07/Apr/2026 15:30:24] "GET /status/marketplaces/ HTTP/1.1" 200 645
C:\Users\acer\AppData\Local\Programs\Python\Python312\Lib\site-packages\sklearn\utils\validation.py:2749: UserWarning: X does not have valid feature names, but LinearRegression was fitted with feature names
  warnings.warn(
C:\Users\acer\AppData\Local\Programs\Python\Python312\Lib\site-packages\sklearn\utils\validation.py:2749: UserWarning: X does not have valid feature names, but LinearRegression was fitted with feature names
  warnings.warn(
[07/Apr/2026 15:30:27] "GET /status/marketplaces/ HTTP/1.1" 200 645
C:\Users\acer\AppData\Local\Programs\Python\Python312\Lib\site-packages\sklearn\utils\validation.py:2749: UserWarning: X does not have valid feature names, but LinearRegression was fitted with feature names
  warnings.warn(
C:\Users\acer\AppData\Local\Programs\Python\Python312\Lib\site-packages\sklearn\utils\validation.py:2749: UserWarning: X does not have valid feature names, but LinearRegression was fitted with feature names
  warnings.warn(
[07/Apr/2026 15:30:30] "GET /status/marketplaces/ HTTP/1.1" 200 645
C:\Users\acer\AppData\Local\Programs\Python\Python312\Lib\site-packages\sklearn\utils\validation.py:2749: UserWarning: X does not have valid feature names, but LinearRegression was fitted with feature names
  warnings.warn(
C:\Users\acer\AppData\Local\Programs\Python\Python312\Lib\site-packages\sklearn\utils\validation.py:2749: UserWarning: X does not have valid feature names, but LinearRegression was fitted with feature names
  warnings.warn(
[07/Apr/2026 15:30:33] "GET /status/marketplaces/ HTTP/1.1" 200 645
C:\Users\acer\AppData\Local\Programs\Python\Python312\Lib\site-packages\sklearn\utils\validation.py:2749: UserWarning: X does not have valid feature names, but LinearRegression was fitted with feature names
  warnings.warn(
C:\Users\acer\AppData\Local\Programs\Python\Python312\Lib\site-packages\sklearn\utils\validation.py:2749: UserWarning: X does not have valid feature names, but LinearRegression was fitted with feature names
  warnings.warn(
[07/Apr/2026 15:30:36] "GET /status/marketplaces/ HTTP/1.1" 200 645
C:\Users\acer\AppData\Local\Programs\Python\Python312\Lib\site-packages\sklearn\utils\validation.py:2749: UserWarning: X does not have valid feature names, but LinearRegression was fitted with feature names
  warnings.warn(
C:\Users\acer\AppData\Local\Programs\Python\Python312\Lib\site-packages\sklearn\utils\validation.py:2749: UserWarning: X does not have valid feature names, but LinearRegression was fitted with feature names
  warnings.warn(
[07/Apr/2026 15:30:39] "GET /status/marketplaces/ HTTP/1.1" 200 645
C:\Users\acer\AppData\Local\Programs\Python\Python312\Lib\site-packages\sklearn\utils\validation.py:2749: UserWarning: X does not have valid feature names, but LinearRegression was fitted with feature names
  warnings.warn(
C:\Users\acer\AppData\Local\Programs\Python\Python312\Lib\site-packages\sklearn\utils\validation.py:2749: UserWarning: X does not have valid feature names, but LinearRegression was fitted with feature names
  warnings.warn(
[07/Apr/2026 15:30:42] "GET /status/marketplaces/ HTTP/1.1" 200 645
C:\Users\acer\AppData\Local\Programs\Python\Python312\Lib\site-packages\sklearn\utils\validation.py:2749: UserWarning: X does not have valid feature names, but LinearRegression was fitted with feature names
  warnings.warn(
C:\Users\acer\AppData\Local\Programs\Python\Python312\Lib\site-packages\sklearn\utils\validation.py:2749: UserWarning: X does not have valid feature names, but LinearRegression was fitted with feature names
  warnings.warn(
[07/Apr/2026 15:30:45] "GET /status/marketplaces/ HTTP/1.1" 200 645
C:\Users\acer\AppData\Local\Programs\Python\Python312\Lib\site-packages\sklearn\utils\validation.py:2749: UserWarning: X does not have valid feature names, but LinearRegression was fitted with feature names
  warnings.warn(
C:\Users\acer\AppData\Local\Programs\Python\Python312\Lib\site-packages\sklearn\utils\validation.py:2749: UserWarning: X does not have valid feature names, but LinearRegression was fitted with feature names
  warnings.warn(
[07/Apr/2026 15:30:48] "GET /status/marketplaces/ HTTP/1.1" 200 645
C:\Users\acer\AppData\Local\Programs\Python\Python312\Lib\site-packages\sklearn\utils\validation.py:2749: UserWarning: X does not have valid feature names, but LinearRegression was fitted with feature names
  warnings.warn(
C:\Users\acer\AppData\Local\Programs\Python\Python312\Lib\site-packages\sklearn\utils\validation.py:2749: UserWarning: X does not have valid feature names, but LinearRegression was fitted with feature names
  warnings.warn(
[07/Apr/2026 15:30:51] "GET /status/marketplaces/ HTTP/1.1" 200 645
C:\Users\acer\AppData\Local\Programs\Python\Python312\Lib\site-packages\sklearn\utils\validation.py:2749: UserWarning: X does not have valid feature names, but LinearRegression was fitted with feature names
  warnings.warn(
C:\Users\acer\AppData\Local\Programs\Python\Python312\Lib\site-packages\sklearn\utils\validation.py:2749: UserWarning: X does not have valid feature names, but LinearRegression was fitted with feature names
  warnings.warn(
[07/Apr/2026 15:30:54] "GET /status/marketplaces/ HTTP/1.1" 200 645
C:\Users\acer\AppData\Local\Programs\Python\Python312\Lib\site-packages\sklearn\utils\validation.py:2749: UserWarning: X does not have valid feature names, but LinearRegression was fitted with feature names
  warnings.warn(
C:\Users\acer\AppData\Local\Programs\Python\Python312\Lib\site-packages\sklearn\utils\validation.py:2749: UserWarning: X does not have valid feature names, but LinearRegression was fitted with feature names
  warnings.warn(
[07/Apr/2026 15:30:57] "GET /status/marketplaces/ HTTP/1.1" 200 645
C:\Users\acer\AppData\Local\Programs\Python\Python312\Lib\site-packages\sklearn\utils\validation.py:2749: UserWarning: X does not have valid feature names, but LinearRegression was fitted with feature names
  warnings.warn(
C:\Users\acer\AppData\Local\Programs\Python\Python312\Lib\site-packages\sklearn\utils\validation.py:2749: UserWarning: X does not have valid feature names, but LinearRegression was fitted with feature names
  warnings.warn(
[07/Apr/2026 15:31:00] "GET /status/marketplaces/ HTTP/1.1" 200 645
C:\Users\acer\AppData\Local\Programs\Python\Python312\Lib\site-packages\sklearn\utils\validation.py:2749: UserWarning: X does not have valid feature names, but LinearRegression was fitted with feature names
  warnings.warn(
C:\Users\acer\AppData\Local\Programs\Python\Python312\Lib\site-packages\sklearn\utils\validation.py:2749: UserWarning: X does not have valid feature names, but LinearRegression was fitted with feature names
  warnings.warn(
[07/Apr/2026 15:31:03] "GET /status/marketplaces/ HTTP/1.1" 200 645
C:\Users\acer\AppData\Local\Programs\Python\Python312\Lib\site-packages\sklearn\utils\validation.py:2749: UserWarning: X does not have valid feature names, but LinearRegression was fitted with feature names
  warnings.warn(
C:\Users\acer\AppData\Local\Programs\Python\Python312\Lib\site-packages\sklearn\utils\validation.py:2749: UserWarning: X does not have valid feature names, but LinearRegression was fitted with feature names
  warnings.warn(
[07/Apr/2026 15:31:06] "GET /status/marketplaces/ HTTP/1.1" 200 645
C:\Users\acer\AppData\Local\Programs\Python\Python312\Lib\site-packages\sklearn\utils\validation.py:2749: UserWarning: X does not have valid feature names, but LinearRegression was fitted with feature names
  warnings.warn(
C:\Users\acer\AppData\Local\Programs\Python\Python312\Lib\site-packages\sklearn\utils\validation.py:2749: UserWarning: X does not have valid feature names, but LinearRegression was fitted with feature names
  warnings.warn(
[07/Apr/2026 15:31:09] "GET /status/marketplaces/ HTTP/1.1" 200 645
C:\Users\acer\AppData\Local\Programs\Python\Python312\Lib\site-packages\sklearn\utils\validation.py:2749: UserWarning: X does not have valid feature names, but LinearRegression was fitted with feature names
  warnings.warn(
C:\Users\acer\AppData\Local\Programs\Python\Python312\Lib\site-packages\sklearn\utils\validation.py:2749: UserWarning: X does not have valid feature names, but LinearRegression was fitted with feature names
  warnings.warn(
[07/Apr/2026 15:31:12] "GET /status/marketplaces/ HTTP/1.1" 200 645
C:\Users\acer\AppData\Local\Programs\Python\Python312\Lib\site-packages\sklearn\utils\validation.py:2749: UserWarning: X does not have valid feature names, but LinearRegression was fitted with feature names
  warnings.warn(
C:\Users\acer\AppData\Local\Programs\Python\Python312\Lib\site-packages\sklearn\utils\validation.py:2749: UserWarning: X does not have valid feature names, but LinearRegression was fitted with feature names
  warnings.warn(
[07/Apr/2026 15:31:15] "GET /status/marketplaces/ HTTP/1.1" 200 645
C:\Users\acer\AppData\Local\Programs\Python\Python312\Lib\site-packages\sklearn\utils\validation.py:2749: UserWarning: X does not have valid feature names, but LinearRegression was fitted with feature names
  warnings.warn(
C:\Users\acer\AppData\Local\Programs\Python\Python312\Lib\site-packages\sklearn\utils\validation.py:2749: UserWarning: X does not have valid feature names, but LinearRegression was fitted with feature names
  warnings.warn(
[07/Apr/2026 15:31:18] "GET /status/marketplaces/ HTTP/1.1" 200 645
C:\Users\acer\AppData\Local\Programs\Python\Python312\Lib\site-packages\sklearn\utils\validation.py:2749: UserWarning: X does not have valid feature names, but LinearRegression was fitted with feature names
  warnings.warn(
C:\Users\acer\AppData\Local\Programs\Python\Python312\Lib\site-packages\sklearn\utils\validation.py:2749: UserWarning: X does not have valid feature names, but LinearRegression was fitted with feature names
  warnings.warn(
[07/Apr/2026 15:31:21] "GET /status/marketplaces/ HTTP/1.1" 200 645
C:\Users\acer\AppData\Local\Programs\Python\Python312\Lib\site-packages\sklearn\utils\validation.py:2749: UserWarning: X does not have valid feature names, but LinearRegression was fitted with feature names
  warnings.warn(
C:\Users\acer\AppData\Local\Programs\Python\Python312\Lib\site-packages\sklearn\utils\validation.py:2749: UserWarning: X does not have valid feature names, but LinearRegression was fitted with feature names
  warnings.warn(
[07/Apr/2026 15:31:24] "GET /status/marketplaces/ HTTP/1.1" 200 645
C:\Users\acer\AppData\Local\Programs\Python\Python312\Lib\site-packages\sklearn\utils\validation.py:2749: UserWarning: X does not have valid feature names, but LinearRegression was fitted with feature names
  warnings.warn(
C:\Users\acer\AppData\Local\Programs\Python\Python312\Lib\site-packages\sklearn\utils\validation.py:2749: UserWarning: X does not have valid feature names, but LinearRegression was fitted with feature names
  warnings.warn(
[07/Apr/2026 15:31:27] "GET /status/marketplaces/ HTTP/1.1" 200 645
C:\Users\acer\AppData\Local\Programs\Python\Python312\Lib\site-packages\sklearn\utils\validation.py:2749: UserWarning: X does not have valid feature names, but LinearRegression was fitted with feature names
  warnings.warn(
C:\Users\acer\AppData\Local\Programs\Python\Python312\Lib\site-packages\sklearn\utils\validation.py:2749: UserWarning: X does not have valid feature names, but LinearRegression was fitted with feature names
  warnings.warn(
[07/Apr/2026 15:31:30] "GET /status/marketplaces/ HTTP/1.1" 200 645
C:\Users\acer\AppData\Local\Programs\Python\Python312\Lib\site-packages\sklearn\utils\validation.py:2749: UserWarning: X does not have valid feature names, but LinearRegression was fitted with feature names
  warnings.warn(
C:\Users\acer\AppData\Local\Programs\Python\Python312\Lib\site-packages\sklearn\utils\validation.py:2749: UserWarning: X does not have valid feature names, but LinearRegression was fitted with feature names
  warnings.warn(
[07/Apr/2026 15:31:33] "GET /status/marketplaces/ HTTP/1.1" 200 645
C:\Users\acer\AppData\Local\Programs\Python\Python312\Lib\site-packages\sklearn\utils\validation.py:2749: UserWarning: X does not have valid feature names, but LinearRegression was fitted with feature names
  warnings.warn(
C:\Users\acer\AppData\Local\Programs\Python\Python312\Lib\site-packages\sklearn\utils\validation.py:2749: UserWarning: X does not have valid feature names, but LinearRegression was fitted with feature names
  warnings.warn(
[07/Apr/2026 15:31:36] "GET /status/marketplaces/ HTTP/1.1" 200 645
C:\Users\acer\AppData\Local\Programs\Python\Python312\Lib\site-packages\sklearn\utils\validation.py:2749: UserWarning: X does not have valid feature names, but LinearRegression was fitted with feature names
  warnings.warn(
C:\Users\acer\AppData\Local\Programs\Python\Python312\Lib\site-packages\sklearn\utils\validation.py:2749: UserWarning: X does not have valid feature names, but LinearRegression was fitted with feature names
  warnings.warn(
[07/Apr/2026 15:31:39] "GET /status/marketplaces/ HTTP/1.1" 200 645
C:\Users\acer\AppData\Local\Programs\Python\Python312\Lib\site-packages\sklearn\utils\validation.py:2749: UserWarning: X does not have valid feature names, but LinearRegression was fitted with feature names
  warnings.warn(
C:\Users\acer\AppData\Local\Programs\Python\Python312\Lib\site-packages\sklearn\utils\validation.py:2749: UserWarning: X does not have valid feature names, but LinearRegression was fitted with feature names
  warnings.warn(
[07/Apr/2026 15:31:42] "GET /status/marketplaces/ HTTP/1.1" 200 645
C:\Users\acer\AppData\Local\Programs\Python\Python312\Lib\site-packages\sklearn\utils\validation.py:2749: UserWarning: X does not have valid feature names, but LinearRegression was fitted with feature names
  warnings.warn(
C:\Users\acer\AppData\Local\Programs\Python\Python312\Lib\site-packages\sklearn\utils\validation.py:2749: UserWarning: X does not have valid feature names, but LinearRegression was fitted with feature names
  warnings.warn(
[07/Apr/2026 15:31:45] "GET /status/marketplaces/ HTTP/1.1" 200 645
C:\Users\acer\AppData\Local\Programs\Python\Python312\Lib\site-packages\sklearn\utils\validation.py:2749: UserWarning: X does not have valid feature names, but LinearRegression was fitted with feature names
  warnings.warn(
C:\Users\acer\AppData\Local\Programs\Python\Python312\Lib\site-packages\sklearn\utils\validation.py:2749: UserWarning: X does not have valid feature names, but LinearRegression was fitted with feature names
  warnings.warn(
[07/Apr/2026 15:31:48] "GET /status/marketplaces/ HTTP/1.1" 200 645
C:\Users\acer\AppData\Local\Programs\Python\Python312\Lib\site-packages\sklearn\utils\validation.py:2749: UserWarning: X does not have valid feature names, but LinearRegression was fitted with feature names
  warnings.warn(
C:\Users\acer\AppData\Local\Programs\Python\Python312\Lib\site-packages\sklearn\utils\validation.py:2749: UserWarning: X does not have valid feature names, but LinearRegression was fitted with feature names
  warnings.warn(
[07/Apr/2026 15:31:51] "GET /status/marketplaces/ HTTP/1.1" 200 645
C:\Users\acer\AppData\Local\Programs\Python\Python312\Lib\site-packages\sklearn\utils\validation.py:2749: UserWarning: X does not have valid feature names, but LinearRegression was fitted with feature names
  warnings.warn(
C:\Users\acer\AppData\Local\Programs\Python\Python312\Lib\site-packages\sklearn\utils\validation.py:2749: UserWarning: X does not have valid feature names, but LinearRegression was fitted with feature names
  warnings.warn(
[07/Apr/2026 15:31:54] "GET /status/marketplaces/ HTTP/1.1" 200 645
C:\Users\acer\AppData\Local\Programs\Python\Python312\Lib\site-packages\sklearn\utils\validation.py:2749: UserWarning: X does not have valid feature names, but LinearRegression was fitted with feature names
  warnings.warn(
C:\Users\acer\AppData\Local\Programs\Python\Python312\Lib\site-packages\sklearn\utils\validation.py:2749: UserWarning: X does not have valid feature names, but LinearRegression was fitted with feature names
  warnings.warn(
[07/Apr/2026 15:31:57] "GET /status/marketplaces/ HTTP/1.1" 200 645
C:\Users\acer\AppData\Local\Programs\Python\Python312\Lib\site-packages\sklearn\utils\validation.py:2749: UserWarning: X does not have valid feature names, but LinearRegression was fitted with feature names
  warnings.warn(
C:\Users\acer\AppData\Local\Programs\Python\Python312\Lib\site-packages\sklearn\utils\validation.py:2749: UserWarning: X does not have valid feature names, but LinearRegression was fitted with feature names
  warnings.warn(
[07/Apr/2026 15:32:00] "GET /status/marketplaces/ HTTP/1.1" 200 645
C:\Users\acer\AppData\Local\Programs\Python\Python312\Lib\site-packages\sklearn\utils\validation.py:2749: UserWarning: X does not have valid feature names, but LinearRegression was fitted with feature names
  warnings.warn(
C:\Users\acer\AppData\Local\Programs\Python\Python312\Lib\site-packages\sklearn\utils\validation.py:2749: UserWarning: X does not have valid feature names, but LinearRegression was fitted with feature names
  warnings.warn(
[07/Apr/2026 15:32:03] "GET /status/marketplaces/ HTTP/1.1" 200 645
C:\Users\acer\AppData\Local\Programs\Python\Python312\Lib\site-packages\sklearn\utils\validation.py:2749: UserWarning: X does not have valid feature names, but LinearRegression was fitted with feature names
  warnings.warn(
C:\Users\acer\AppData\Local\Programs\Python\Python312\Lib\site-packages\sklearn\utils\validation.py:2749: UserWarning: X does not have valid feature names, but LinearRegression was fitted with feature names
  warnings.warn(
[07/Apr/2026 15:32:06] "GET /status/marketplaces/ HTTP/1.1" 200 645
C:\Users\acer\AppData\Local\Programs\Python\Python312\Lib\site-packages\sklearn\utils\validation.py:2749: UserWarning: X does not have valid feature names, but LinearRegression was fitted with feature names
  warnings.warn(
C:\Users\acer\AppData\Local\Programs\Python\Python312\Lib\site-packages\sklearn\utils\validation.py:2749: UserWarning: X does not have valid feature names, but LinearRegression was fitted with feature names
  warnings.warn(
[07/Apr/2026 15:32:09] "GET /status/marketplaces/ HTTP/1.1" 200 645
C:\Users\acer\AppData\Local\Programs\Python\Python312\Lib\site-packages\sklearn\utils\validation.py:2749: UserWarning: X does not have valid feature names, but LinearRegression was fitted with feature names
  warnings.warn(
C:\Users\acer\AppData\Local\Programs\Python\Python312\Lib\site-packages\sklearn\utils\validation.py:2749: UserWarning: X does not have valid feature names, but LinearRegression was fitted with feature names
  warnings.warn(
[07/Apr/2026 15:32:12] "GET /status/marketplaces/ HTTP/1.1" 200 645
C:\Users\acer\AppData\Local\Programs\Python\Python312\Lib\site-packages\sklearn\utils\validation.py:2749: UserWarning: X does not have valid feature names, but LinearRegression was fitted with feature names
  warnings.warn(
C:\Users\acer\AppData\Local\Programs\Python\Python312\Lib\site-packages\sklearn\utils\validation.py:2749: UserWarning: X does not have valid feature names, but LinearRegression was fitted with feature names
  warnings.warn(
[07/Apr/2026 15:32:15] "GET /status/marketplaces/ HTTP/1.1" 200 645
C:\Users\acer\AppData\Local\Programs\Python\Python312\Lib\site-packages\sklearn\utils\validation.py:2749: UserWarning: X does not have valid feature names, but LinearRegression was fitted with feature names
  warnings.warn(
C:\Users\acer\AppData\Local\Programs\Python\Python312\Lib\site-packages\sklearn\utils\validation.py:2749: UserWarning: X does not have valid feature names, but LinearRegression was fitted with feature names
  warnings.warn(
[07/Apr/2026 15:32:18] "GET /status/marketplaces/ HTTP/1.1" 200 645
C:\Users\acer\AppData\Local\Programs\Python\Python312\Lib\site-packages\sklearn\utils\validation.py:2749: UserWarning: X does not have valid feature names, but LinearRegression was fitted with feature names
  warnings.warn(
C:\Users\acer\AppData\Local\Programs\Python\Python312\Lib\site-packages\sklearn\utils\validation.py:2749: UserWarning: X does not have valid feature names, but LinearRegression was fitted with feature names
  warnings.warn(
[07/Apr/2026 15:32:21] "GET /status/marketplaces/ HTTP/1.1" 200 645
C:\Users\acer\AppData\Local\Programs\Python\Python312\Lib\site-packages\sklearn\utils\validation.py:2749: UserWarning: X does not have valid feature names, but LinearRegression was fitted with feature names
  warnings.warn(
C:\Users\acer\AppData\Local\Programs\Python\Python312\Lib\site-packages\sklearn\utils\validation.py:2749: UserWarning: X does not have valid feature names, but LinearRegression was fitted with feature names
  warnings.warn(
[07/Apr/2026 15:32:24] "GET /status/marketplaces/ HTTP/1.1" 200 645
C:\Users\acer\AppData\Local\Programs\Python\Python312\Lib\site-packages\sklearn\utils\validation.py:2749: UserWarning: X does not have valid feature names, but LinearRegression was fitted with feature names
  warnings.warn(
C:\Users\acer\AppData\Local\Programs\Python\Python312\Lib\site-packages\sklearn\utils\validation.py:2749: UserWarning: X does not have valid feature names, but LinearRegression was fitted with feature names
  warnings.warn(
[07/Apr/2026 15:32:27] "GET /status/marketplaces/ HTTP/1.1" 200 645
C:\Users\acer\AppData\Local\Programs\Python\Python312\Lib\site-packages\sklearn\utils\validation.py:2749: UserWarning: X does not have valid feature names, but LinearRegression was fitted with feature names
  warnings.warn(
C:\Users\acer\AppData\Local\Programs\Python\Python312\Lib\site-packages\sklearn\utils\validation.py:2749: UserWarning: X does not have valid feature names, but LinearRegression was fitted with feature names
  warnings.warn(
[07/Apr/2026 15:32:30] "GET /status/marketplaces/ HTTP/1.1" 200 645
C:\Users\acer\AppData\Local\Programs\Python\Python312\Lib\site-packages\sklearn\utils\validation.py:2749: UserWarning: X does not have valid feature names, but LinearRegression was fitted with feature names
  warnings.warn(
C:\Users\acer\AppData\Local\Programs\Python\Python312\Lib\site-packages\sklearn\utils\validation.py:2749: UserWarning: X does not have valid feature names, but LinearRegression was fitted with feature names
  warnings.warn(
[07/Apr/2026 15:32:33] "GET /status/marketplaces/ HTTP/1.1" 200 645
C:\Users\acer\AppData\Local\Programs\Python\Python312\Lib\site-packages\sklearn\utils\validation.py:2749: UserWarning: X does not have valid feature names, but LinearRegression was fitted with feature names
  warnings.warn(
C:\Users\acer\AppData\Local\Programs\Python\Python312\Lib\site-packages\sklearn\utils\validation.py:2749: UserWarning: X does not have valid feature names, but LinearRegression was fitted with feature names
  warnings.warn(
[07/Apr/2026 15:32:36] "GET /status/marketplaces/ HTTP/1.1" 200 645
C:\Users\acer\AppData\Local\Programs\Python\Python312\Lib\site-packages\sklearn\utils\validation.py:2749: UserWarning: X does not have valid feature names, but LinearRegression was fitted with feature names
  warnings.warn(
C:\Users\acer\AppData\Local\Programs\Python\Python312\Lib\site-packages\sklearn\utils\validation.py:2749: UserWarning: X does not have valid feature names, but LinearRegression was fitted with feature names
  warnings.warn(
[07/Apr/2026 15:32:39] "GET /status/marketplaces/ HTTP/1.1" 200 645
C:\Users\acer\AppData\Local\Programs\Python\Python312\Lib\site-packages\sklearn\utils\validation.py:2749: UserWarning: X does not have valid feature names, but LinearRegression was fitted with feature names
  warnings.warn(
C:\Users\acer\AppData\Local\Programs\Python\Python312\Lib\site-packages\sklearn\utils\validation.py:2749: UserWarning: X does not have valid feature names, but LinearRegression was fitted with feature names
  warnings.warn(
[07/Apr/2026 15:32:42] "GET /status/marketplaces/ HTTP/1.1" 200 645
C:\Users\acer\AppData\Local\Programs\Python\Python312\Lib\site-packages\sklearn\utils\validation.py:2749: UserWarning: X does not have valid feature names, but LinearRegression was fitted with feature names
  warnings.warn(
C:\Users\acer\AppData\Local\Programs\Python\Python312\Lib\site-packages\sklearn\utils\validation.py:2749: UserWarning: X does not have valid feature names, but LinearRegression was fitted with feature names
  warnings.warn(
[07/Apr/2026 15:32:45] "GET /status/marketplaces/ HTTP/1.1" 200 645
C:\Users\acer\AppData\Local\Programs\Python\Python312\Lib\site-packages\sklearn\utils\validation.py:2749: UserWarning: X does not have valid feature names, but LinearRegression was fitted with feature names
  warnings.warn(
C:\Users\acer\AppData\Local\Programs\Python\Python312\Lib\site-packages\sklearn\utils\validation.py:2749: UserWarning: X does not have valid feature names, but LinearRegression was fitted with feature names
  warnings.warn(
[07/Apr/2026 15:32:48] "GET /status/marketplaces/ HTTP/1.1" 200 645
C:\Users\acer\AppData\Local\Programs\Python\Python312\Lib\site-packages\sklearn\utils\validation.py:2749: UserWarning: X does not have valid feature names, but LinearRegression was fitted with feature names
  warnings.warn(
C:\Users\acer\AppData\Local\Programs\Python\Python312\Lib\site-packages\sklearn\utils\validation.py:2749: UserWarning: X does not have valid feature names, but LinearRegression was fitted with feature names
  warnings.warn(
[07/Apr/2026 15:32:51] "GET /status/marketplaces/ HTTP/1.1" 200 645
C:\Users\acer\AppData\Local\Programs\Python\Python312\Lib\site-packages\sklearn\utils\validation.py:2749: UserWarning: X does not have valid feature names, but LinearRegression was fitted with feature names
  warnings.warn(
C:\Users\acer\AppData\Local\Programs\Python\Python312\Lib\site-packages\sklearn\utils\validation.py:2749: UserWarning: X does not have valid feature names, but LinearRegression was fitted with feature names
  warnings.warn(
[07/Apr/2026 15:32:54] "GET /status/marketplaces/ HTTP/1.1" 200 645
C:\Users\acer\AppData\Local\Programs\Python\Python312\Lib\site-packages\sklearn\utils\validation.py:2749: UserWarning: X does not have valid feature names, but LinearRegression was fitted with feature names
  warnings.warn(
C:\Users\acer\AppData\Local\Programs\Python\Python312\Lib\site-packages\sklearn\utils\validation.py:2749: UserWarning: X does not have valid feature names, but LinearRegression was fitted with feature names
  warnings.warn(
[07/Apr/2026 15:32:57] "GET /status/marketplaces/ HTTP/1.1" 200 645
C:\Users\acer\AppData\Local\Programs\Python\Python312\Lib\site-packages\sklearn\utils\validation.py:2749: UserWarning: X does not have valid feature names, but LinearRegression was fitted with feature names
  warnings.warn(
C:\Users\acer\AppData\Local\Programs\Python\Python312\Lib\site-packages\sklearn\utils\validation.py:2749: UserWarning: X does not have valid feature names, but LinearRegression was fitted with feature names
  warnings.warn(
[07/Apr/2026 15:33:00] "GET /status/marketplaces/ HTTP/1.1" 200 645
C:\Users\acer\AppData\Local\Programs\Python\Python312\Lib\site-packages\sklearn\utils\validation.py:2749: UserWarning: X does not have valid feature names, but LinearRegression was fitted with feature names
  warnings.warn(
C:\Users\acer\AppData\Local\Programs\Python\Python312\Lib\site-packages\sklearn\utils\validation.py:2749: UserWarning: X does not have valid feature names, but LinearRegression was fitted with feature names
  warnings.warn(
[07/Apr/2026 15:33:03] "GET /status/marketplaces/ HTTP/1.1" 200 645
C:\Users\acer\AppData\Local\Programs\Python\Python312\Lib\site-packages\sklearn\utils\validation.py:2749: UserWarning: X does not have valid feature names, but LinearRegression was fitted with feature names
  warnings.warn(
C:\Users\acer\AppData\Local\Programs\Python\Python312\Lib\site-packages\sklearn\utils\validation.py:2749: UserWarning: X does not have valid feature names, but LinearRegression was fitted with feature names
  warnings.warn(
[07/Apr/2026 15:33:06] "GET /status/marketplaces/ HTTP/1.1" 200 645
C:\Users\acer\AppData\Local\Programs\Python\Python312\Lib\site-packages\sklearn\utils\validation.py:2749: UserWarning: X does not have valid feature names, but LinearRegression was fitted with feature names
  warnings.warn(
C:\Users\acer\AppData\Local\Programs\Python\Python312\Lib\site-packages\sklearn\utils\validation.py:2749: UserWarning: X does not have valid feature names, but LinearRegression was fitted with feature names
  warnings.warn(
[07/Apr/2026 15:33:09] "GET /status/marketplaces/ HTTP/1.1" 200 645
C:\Users\acer\AppData\Local\Programs\Python\Python312\Lib\site-packages\sklearn\utils\validation.py:2749: UserWarning: X does not have valid feature names, but LinearRegression was fitted with feature names
  warnings.warn(
C:\Users\acer\AppData\Local\Programs\Python\Python312\Lib\site-packages\sklearn\utils\validation.py:2749: UserWarning: X does not have valid feature names, but LinearRegression was fitted with feature names
  warnings.warn(
[07/Apr/2026 15:33:12] "GET /status/marketplaces/ HTTP/1.1" 200 645
C:\Users\acer\AppData\Local\Programs\Python\Python312\Lib\site-packages\sklearn\utils\validation.py:2749: UserWarning: X does not have valid feature names, but LinearRegression was fitted with feature names
  warnings.warn(
C:\Users\acer\AppData\Local\Programs\Python\Python312\Lib\site-packages\sklearn\utils\validation.py:2749: UserWarning: X does not have valid feature names, but LinearRegression was fitted with feature names
  warnings.warn(
[07/Apr/2026 15:33:15] "GET /status/marketplaces/ HTTP/1.1" 200 645
C:\Users\acer\AppData\Local\Programs\Python\Python312\Lib\site-packages\sklearn\utils\validation.py:2749: UserWarning: X does not have valid feature names, but LinearRegression was fitted with feature names
  warnings.warn(
C:\Users\acer\AppData\Local\Programs\Python\Python312\Lib\site-packages\sklearn\utils\validation.py:2749: UserWarning: X does not have valid feature names, but LinearRegression was fitted with feature names
  warnings.warn(
[07/Apr/2026 15:33:18] "GET /status/marketplaces/ HTTP/1.1" 200 645
C:\Users\acer\AppData\Local\Programs\Python\Python312\Lib\site-packages\sklearn\utils\validation.py:2749: UserWarning: X does not have valid feature names, but LinearRegression was fitted with feature names
  warnings.warn(
C:\Users\acer\AppData\Local\Programs\Python\Python312\Lib\site-packages\sklearn\utils\validation.py:2749: UserWarning: X does not have valid feature names, but LinearRegression was fitted with feature names
  warnings.warn(
[07/Apr/2026 15:33:21] "GET /status/marketplaces/ HTTP/1.1" 200 645
C:\Users\acer\AppData\Local\Programs\Python\Python312\Lib\site-packages\sklearn\utils\validation.py:2749: UserWarning: X does not have valid feature names, but LinearRegression was fitted with feature names
  warnings.warn(
C:\Users\acer\AppData\Local\Programs\Python\Python312\Lib\site-packages\sklearn\utils\validation.py:2749: UserWarning: X does not have valid feature names, but LinearRegression was fitted with feature names
  warnings.warn(
[07/Apr/2026 15:33:24] "GET /status/marketplaces/ HTTP/1.1" 200 645
C:\Users\acer\AppData\Local\Programs\Python\Python312\Lib\site-packages\sklearn\utils\validation.py:2749: UserWarning: X does not have valid feature names, but LinearRegression was fitted with feature names
  warnings.warn(
C:\Users\acer\AppData\Local\Programs\Python\Python312\Lib\site-packages\sklearn\utils\validation.py:2749: UserWarning: X does not have valid feature names, but LinearRegression was fitted with feature names
  warnings.warn(
[07/Apr/2026 15:33:27] "GET /status/marketplaces/ HTTP/1.1" 200 645
C:\Users\acer\AppData\Local\Programs\Python\Python312\Lib\site-packages\sklearn\utils\validation.py:2749: UserWarning: X does not have valid feature names, but LinearRegression was fitted with feature names
  warnings.warn(
C:\Users\acer\AppData\Local\Programs\Python\Python312\Lib\site-packages\sklearn\utils\validation.py:2749: UserWarning: X does not have valid feature names, but LinearRegression was fitted with feature names
  warnings.warn(
[07/Apr/2026 15:33:30] "GET /status/marketplaces/ HTTP/1.1" 200 645
C:\Users\acer\AppData\Local\Programs\Python\Python312\Lib\site-packages\sklearn\utils\validation.py:2749: UserWarning: X does not have valid feature names, but LinearRegression was fitted with feature names
  warnings.warn(
C:\Users\acer\AppData\Local\Programs\Python\Python312\Lib\site-packages\sklearn\utils\validation.py:2749: UserWarning: X does not have valid feature names, but LinearRegression was fitted with feature names
  warnings.warn(
[07/Apr/2026 15:33:33] "GET /status/marketplaces/ HTTP/1.1" 200 645
C:\Users\acer\AppData\Local\Programs\Python\Python312\Lib\site-packages\sklearn\utils\validation.py:2749: UserWarning: X does not have valid feature names, but LinearRegression was fitted with feature names
  warnings.warn(
C:\Users\acer\AppData\Local\Programs\Python\Python312\Lib\site-packages\sklearn\utils\validation.py:2749: UserWarning: X does not have valid feature names, but LinearRegression was fitted with feature names
  warnings.warn(
[07/Apr/2026 15:33:36] "GET /status/marketplaces/ HTTP/1.1" 200 645
C:\Users\acer\AppData\Local\Programs\Python\Python312\Lib\site-packages\sklearn\utils\validation.py:2749: UserWarning: X does not have valid feature names, but LinearRegression was fitted with feature names
  warnings.warn(
C:\Users\acer\AppData\Local\Programs\Python\Python312\Lib\site-packages\sklearn\utils\validation.py:2749: UserWarning: X does not have valid feature names, but LinearRegression was fitted with feature names
  warnings.warn(
[07/Apr/2026 15:33:39] "GET /status/marketplaces/ HTTP/1.1" 200 645
C:\Users\acer\AppData\Local\Programs\Python\Python312\Lib\site-packages\sklearn\utils\validation.py:2749: UserWarning: X does not have valid feature names, but LinearRegression was fitted with feature names
  warnings.warn(
C:\Users\acer\AppData\Local\Programs\Python\Python312\Lib\site-packages\sklearn\utils\validation.py:2749: UserWarning: X does not have valid feature names, but LinearRegression was fitted with feature names
  warnings.warn(
[07/Apr/2026 15:33:42] "GET /status/marketplaces/ HTTP/1.1" 200 645
C:\Users\acer\AppData\Local\Programs\Python\Python312\Lib\site-packages\sklearn\utils\validation.py:2749: UserWarning: X does not have valid feature names, but LinearRegression was fitted with feature names
  warnings.warn(
C:\Users\acer\AppData\Local\Programs\Python\Python312\Lib\site-packages\sklearn\utils\validation.py:2749: UserWarning: X does not have valid feature names, but LinearRegression was fitted with feature names
  warnings.warn(
[07/Apr/2026 15:33:45] "GET /status/marketplaces/ HTTP/1.1" 200 645
C:\Users\acer\AppData\Local\Programs\Python\Python312\Lib\site-packages\sklearn\utils\validation.py:2749: UserWarning: X does not have valid feature names, but LinearRegression was fitted with feature names
  warnings.warn(
C:\Users\acer\AppData\Local\Programs\Python\Python312\Lib\site-packages\sklearn\utils\validation.py:2749: UserWarning: X does not have valid feature names, but LinearRegression was fitted with feature names
  warnings.warn(
[07/Apr/2026 15:33:48] "GET /status/marketplaces/ HTTP/1.1" 200 645
C:\Users\acer\AppData\Local\Programs\Python\Python312\Lib\site-packages\sklearn\utils\validation.py:2749: UserWarning: X does not have valid feature names, but LinearRegression was fitted with feature names
  warnings.warn(
C:\Users\acer\AppData\Local\Programs\Python\Python312\Lib\site-packages\sklearn\utils\validation.py:2749: UserWarning: X does not have valid feature names, but LinearRegression was fitted with feature names
  warnings.warn(
[07/Apr/2026 15:33:51] "GET /status/marketplaces/ HTTP/1.1" 200 645
C:\Users\acer\AppData\Local\Programs\Python\Python312\Lib\site-packages\sklearn\utils\validation.py:2749: UserWarning: X does not have valid feature names, but LinearRegression was fitted with feature names
  warnings.warn(
C:\Users\acer\AppData\Local\Programs\Python\Python312\Lib\site-packages\sklearn\utils\validation.py:2749: UserWarning: X does not have valid feature names, but LinearRegression was fitted with feature names
  warnings.warn(
[07/Apr/2026 15:33:54] "GET /status/marketplaces/ HTTP/1.1" 200 645
C:\Users\acer\AppData\Local\Programs\Python\Python312\Lib\site-packages\sklearn\utils\validation.py:2749: UserWarning: X does not have valid feature names, but LinearRegression was fitted with feature names
  warnings.warn(
C:\Users\acer\AppData\Local\Programs\Python\Python312\Lib\site-packages\sklearn\utils\validation.py:2749: UserWarning: X does not have valid feature names, but LinearRegression was fitted with feature names
  warnings.warn(
[07/Apr/2026 15:33:57] "GET /status/marketplaces/ HTTP/1.1" 200 645
C:\Users\acer\AppData\Local\Programs\Python\Python312\Lib\site-packages\sklearn\utils\validation.py:2749: UserWarning: X does not have valid feature names, but LinearRegression was fitted with feature names
  warnings.warn(
C:\Users\acer\AppData\Local\Programs\Python\Python312\Lib\site-packages\sklearn\utils\validation.py:2749: UserWarning: X does not have valid feature names, but LinearRegression was fitted with feature names
  warnings.warn(
[07/Apr/2026 15:34:00] "GET /status/marketplaces/ HTTP/1.1" 200 645
C:\Users\acer\AppData\Local\Programs\Python\Python312\Lib\site-packages\sklearn\utils\validation.py:2749: UserWarning: X does not have valid feature names, but LinearRegression was fitted with feature names
  warnings.warn(
C:\Users\acer\AppData\Local\Programs\Python\Python312\Lib\site-packages\sklearn\utils\validation.py:2749: UserWarning: X does not have valid feature names, but LinearRegression was fitted with feature names
  warnings.warn(
[07/Apr/2026 15:34:03] "GET /status/marketplaces/ HTTP/1.1" 200 645
C:\Users\acer\AppData\Local\Programs\Python\Python312\Lib\site-packages\sklearn\utils\validation.py:2749: UserWarning: X does not have valid feature names, but LinearRegression was fitted with feature names
  warnings.warn(
C:\Users\acer\AppData\Local\Programs\Python\Python312\Lib\site-packages\sklearn\utils\validation.py:2749: UserWarning: X does not have valid feature names, but LinearRegression was fitted with feature names
  warnings.warn(
[07/Apr/2026 15:34:06] "GET /status/marketplaces/ HTTP/1.1" 200 645
C:\Users\acer\AppData\Local\Programs\Python\Python312\Lib\site-packages\sklearn\utils\validation.py:2749: UserWarning: X does not have valid feature names, but LinearRegression was fitted with feature names
  warnings.warn(
C:\Users\acer\AppData\Local\Programs\Python\Python312\Lib\site-packages\sklearn\utils\validation.py:2749: UserWarning: X does not have valid feature names, but LinearRegression was fitted with feature names
  warnings.warn(
[07/Apr/2026 15:34:09] "GET /status/marketplaces/ HTTP/1.1" 200 645
C:\Users\acer\AppData\Local\Programs\Python\Python312\Lib\site-packages\sklearn\utils\validation.py:2749: UserWarning: X does not have valid feature names, but LinearRegression was fitted with feature names
  warnings.warn(
C:\Users\acer\AppData\Local\Programs\Python\Python312\Lib\site-packages\sklearn\utils\validation.py:2749: UserWarning: X does not have valid feature names, but LinearRegression was fitted with feature names
  warnings.warn(
[07/Apr/2026 15:34:12] "GET /status/marketplaces/ HTTP/1.1" 200 645
C:\Users\acer\AppData\Local\Programs\Python\Python312\Lib\site-packages\sklearn\utils\validation.py:2749: UserWarning: X does not have valid feature names, but LinearRegression was fitted with feature names
  warnings.warn(
C:\Users\acer\AppData\Local\Programs\Python\Python312\Lib\site-packages\sklearn\utils\validation.py:2749: UserWarning: X does not have valid feature names, but LinearRegression was fitted with feature names
  warnings.warn(
[07/Apr/2026 15:34:15] "GET /status/marketplaces/ HTTP/1.1" 200 645
C:\Users\acer\AppData\Local\Programs\Python\Python312\Lib\site-packages\sklearn\utils\validation.py:2749: UserWarning: X does not have valid feature names, but LinearRegression was fitted with feature names
  warnings.warn(
C:\Users\acer\AppData\Local\Programs\Python\Python312\Lib\site-packages\sklearn\utils\validation.py:2749: UserWarning: X does not have valid feature names, but LinearRegression was fitted with feature names
  warnings.warn(
[07/Apr/2026 15:34:18] "GET /status/marketplaces/ HTTP/1.1" 200 645
C:\Users\acer\AppData\Local\Programs\Python\Python312\Lib\site-packages\sklearn\utils\validation.py:2749: UserWarning: X does not have valid feature names, but LinearRegression was fitted with feature names
  warnings.warn(
C:\Users\acer\AppData\Local\Programs\Python\Python312\Lib\site-packages\sklearn\utils\validation.py:2749: UserWarning: X does not have valid feature names, but LinearRegression was fitted with feature names
  warnings.warn(
[07/Apr/2026 15:34:21] "GET /status/marketplaces/ HTTP/1.1" 200 645
C:\Users\acer\AppData\Local\Programs\Python\Python312\Lib\site-packages\sklearn\utils\validation.py:2749: UserWarning: X does not have valid feature names, but LinearRegression was fitted with feature names
  warnings.warn(
C:\Users\acer\AppData\Local\Programs\Python\Python312\Lib\site-packages\sklearn\utils\validation.py:2749: UserWarning: X does not have valid feature names, but LinearRegression was fitted with feature names
  warnings.warn(
[07/Apr/2026 15:34:24] "GET /status/marketplaces/ HTTP/1.1" 200 645
C:\Users\acer\AppData\Local\Programs\Python\Python312\Lib\site-packages\sklearn\utils\validation.py:2749: UserWarning: X does not have valid feature names, but LinearRegression was fitted with feature names
  warnings.warn(
C:\Users\acer\AppData\Local\Programs\Python\Python312\Lib\site-packages\sklearn\utils\validation.py:2749: UserWarning: X does not have valid feature names, but LinearRegression was fitted with feature names
  warnings.warn(
[07/Apr/2026 15:34:27] "GET /status/marketplaces/ HTTP/1.1" 200 645
C:\Users\acer\AppData\Local\Programs\Python\Python312\Lib\site-packages\sklearn\utils\validation.py:2749: UserWarning: X does not have valid feature names, but LinearRegression was fitted with feature names
  warnings.warn(
C:\Users\acer\AppData\Local\Programs\Python\Python312\Lib\site-packages\sklearn\utils\validation.py:2749: UserWarning: X does not have valid feature names, but LinearRegression was fitted with feature names
  warnings.warn(
[07/Apr/2026 15:34:30] "GET /status/marketplaces/ HTTP/1.1" 200 645
C:\Users\acer\AppData\Local\Programs\Python\Python312\Lib\site-packages\sklearn\utils\validation.py:2749: UserWarning: X does not have valid feature names, but LinearRegression was fitted with feature names
  warnings.warn(
C:\Users\acer\AppData\Local\Programs\Python\Python312\Lib\site-packages\sklearn\utils\validation.py:2749: UserWarning: X does not have valid feature names, but LinearRegression was fitted with feature names
  warnings.warn(
[07/Apr/2026 15:34:33] "GET /status/marketplaces/ HTTP/1.1" 200 645
C:\Users\acer\AppData\Local\Programs\Python\Python312\Lib\site-packages\sklearn\utils\validation.py:2749: UserWarning: X does not have valid feature names, but LinearRegression was fitted with feature names
  warnings.warn(
C:\Users\acer\AppData\Local\Programs\Python\Python312\Lib\site-packages\sklearn\utils\validation.py:2749: UserWarning: X does not have valid feature names, but LinearRegression was fitted with feature names
  warnings.warn(
[07/Apr/2026 15:34:36] "GET /status/marketplaces/ HTTP/1.1" 200 645
C:\Users\acer\AppData\Local\Programs\Python\Python312\Lib\site-packages\sklearn\utils\validation.py:2749: UserWarning: X does not have valid feature names, but LinearRegression was fitted with feature names
  warnings.warn(
C:\Users\acer\AppData\Local\Programs\Python\Python312\Lib\site-packages\sklearn\utils\validation.py:2749: UserWarning: X does not have valid feature names, but LinearRegression was fitted with feature names
  warnings.warn(
[07/Apr/2026 15:34:39] "GET /status/marketplaces/ HTTP/1.1" 200 645
C:\Users\acer\AppData\Local\Programs\Python\Python312\Lib\site-packages\sklearn\utils\validation.py:2749: UserWarning: X does not have valid feature names, but LinearRegression was fitted with feature names
  warnings.warn(
C:\Users\acer\AppData\Local\Programs\Python\Python312\Lib\site-packages\sklearn\utils\validation.py:2749: UserWarning: X does not have valid feature names, but LinearRegression was fitted with feature names
  warnings.warn(
[07/Apr/2026 15:34:42] "GET /status/marketplaces/ HTTP/1.1" 200 645
C:\Users\acer\AppData\Local\Programs\Python\Python312\Lib\site-packages\sklearn\utils\validation.py:2749: UserWarning: X does not have valid feature names, but LinearRegression was fitted with feature names
  warnings.warn(
C:\Users\acer\AppData\Local\Programs\Python\Python312\Lib\site-packages\sklearn\utils\validation.py:2749: UserWarning: X does not have valid feature names, but LinearRegression was fitted with feature names
  warnings.warn(
[07/Apr/2026 15:34:45] "GET /status/marketplaces/ HTTP/1.1" 200 645
C:\Users\acer\AppData\Local\Programs\Python\Python312\Lib\site-packages\sklearn\utils\validation.py:2749: UserWarning: X does not have valid feature names, but LinearRegression was fitted with feature names
  warnings.warn(
C:\Users\acer\AppData\Local\Programs\Python\Python312\Lib\site-packages\sklearn\utils\validation.py:2749: UserWarning: X does not have valid feature names, but LinearRegression was fitted with feature names
  warnings.warn(
[07/Apr/2026 15:34:48] "GET /status/marketplaces/ HTTP/1.1" 200 645
C:\Users\acer\AppData\Local\Programs\Python\Python312\Lib\site-packages\sklearn\utils\validation.py:2749: UserWarning: X does not have valid feature names, but LinearRegression was fitted with feature names
  warnings.warn(
C:\Users\acer\AppData\Local\Programs\Python\Python312\Lib\site-packages\sklearn\utils\validation.py:2749: UserWarning: X does not have valid feature names, but LinearRegression was fitted with feature names
  warnings.warn(
[07/Apr/2026 15:34:51] "GET /status/marketplaces/ HTTP/1.1" 200 645
C:\Users\acer\AppData\Local\Programs\Python\Python312\Lib\site-packages\sklearn\utils\validation.py:2749: UserWarning: X does not have valid feature names, but LinearRegression was fitted with feature names
  warnings.warn(
C:\Users\acer\AppData\Local\Programs\Python\Python312\Lib\site-packages\sklearn\utils\validation.py:2749: UserWarning: X does not have valid feature names, but LinearRegression was fitted with feature names
  warnings.warn(
[07/Apr/2026 15:34:54] "GET /status/marketplaces/ HTTP/1.1" 200 645
C:\Users\acer\AppData\Local\Programs\Python\Python312\Lib\site-packages\sklearn\utils\validation.py:2749: UserWarning: X does not have valid feature names, but LinearRegression was fitted with feature names
  warnings.warn(
C:\Users\acer\AppData\Local\Programs\Python\Python312\Lib\site-packages\sklearn\utils\validation.py:2749: UserWarning: X does not have valid feature names, but LinearRegression was fitted with feature names
  warnings.warn(
[07/Apr/2026 15:34:57] "GET /status/marketplaces/ HTTP/1.1" 200 645
C:\Users\acer\AppData\Local\Programs\Python\Python312\Lib\site-packages\sklearn\utils\validation.py:2749: UserWarning: X does not have valid feature names, but LinearRegression was fitted with feature names
  warnings.warn(
C:\Users\acer\AppData\Local\Programs\Python\Python312\Lib\site-packages\sklearn\utils\validation.py:2749: UserWarning: X does not have valid feature names, but LinearRegression was fitted with feature names
  warnings.warn(
[07/Apr/2026 15:35:00] "GET /status/marketplaces/ HTTP/1.1" 200 645
C:\Users\acer\AppData\Local\Programs\Python\Python312\Lib\site-packages\sklearn\utils\validation.py:2749: UserWarning: X does not have valid feature names, but LinearRegression was fitted with feature names
  warnings.warn(
C:\Users\acer\AppData\Local\Programs\Python\Python312\Lib\site-packages\sklearn\utils\validation.py:2749: UserWarning: X does not have valid feature names, but LinearRegression was fitted with feature names
  warnings.warn(
[07/Apr/2026 15:35:03] "GET /status/marketplaces/ HTTP/1.1" 200 645
C:\Users\acer\AppData\Local\Programs\Python\Python312\Lib\site-packages\sklearn\utils\validation.py:2749: UserWarning: X does not have valid feature names, but LinearRegression was fitted with feature names
  warnings.warn(
C:\Users\acer\AppData\Local\Programs\Python\Python312\Lib\site-packages\sklearn\utils\validation.py:2749: UserWarning: X does not have valid feature names, but LinearRegression was fitted with feature names
  warnings.warn(
[07/Apr/2026 15:35:06] "GET /status/marketplaces/ HTTP/1.1" 200 645
C:\Users\acer\AppData\Local\Programs\Python\Python312\Lib\site-packages\sklearn\utils\validation.py:2749: UserWarning: X does not have valid feature names, but LinearRegression was fitted with feature names
  warnings.warn(
C:\Users\acer\AppData\Local\Programs\Python\Python312\Lib\site-packages\sklearn\utils\validation.py:2749: UserWarning: X does not have valid feature names, but LinearRegression was fitted with feature names
  warnings.warn(
[07/Apr/2026 15:35:09] "GET /status/marketplaces/ HTTP/1.1" 200 645
C:\Users\acer\AppData\Local\Programs\Python\Python312\Lib\site-packages\sklearn\utils\validation.py:2749: UserWarning: X does not have valid feature names, but LinearRegression was fitted with feature names
  warnings.warn(
C:\Users\acer\AppData\Local\Programs\Python\Python312\Lib\site-packages\sklearn\utils\validation.py:2749: UserWarning: X does not have valid feature names, but LinearRegression was fitted with feature names
  warnings.warn(
[07/Apr/2026 15:35:12] "GET /status/marketplaces/ HTTP/1.1" 200 645
C:\Users\acer\AppData\Local\Programs\Python\Python312\Lib\site-packages\sklearn\utils\validation.py:2749: UserWarning: X does not have valid feature names, but LinearRegression was fitted with feature names
  warnings.warn(
C:\Users\acer\AppData\Local\Programs\Python\Python312\Lib\site-packages\sklearn\utils\validation.py:2749: UserWarning: X does not have valid feature names, but LinearRegression was fitted with feature names
  warnings.warn(
[07/Apr/2026 15:35:15] "GET /status/marketplaces/ HTTP/1.1" 200 645
C:\Users\acer\AppData\Local\Programs\Python\Python312\Lib\site-packages\sklearn\utils\validation.py:2749: UserWarning: X does not have valid feature names, but LinearRegression was fitted with feature names
  warnings.warn(
C:\Users\acer\AppData\Local\Programs\Python\Python312\Lib\site-packages\sklearn\utils\validation.py:2749: UserWarning: X does not have valid feature names, but LinearRegression was fitted with feature names
  warnings.warn(
[07/Apr/2026 15:35:18] "GET /status/marketplaces/ HTTP/1.1" 200 645
C:\Users\acer\AppData\Local\Programs\Python\Python312\Lib\site-packages\sklearn\utils\validation.py:2749: UserWarning: X does not have valid feature names, but LinearRegression was fitted with feature names
  warnings.warn(
C:\Users\acer\AppData\Local\Programs\Python\Python312\Lib\site-packages\sklearn\utils\validation.py:2749: UserWarning: X does not have valid feature names, but LinearRegression was fitted with feature names
  warnings.warn(
[07/Apr/2026 15:35:21] "GET /status/marketplaces/ HTTP/1.1" 200 645
C:\Users\acer\AppData\Local\Programs\Python\Python312\Lib\site-packages\sklearn\utils\validation.py:2749: UserWarning: X does not have valid feature names, but LinearRegression was fitted with feature names
  warnings.warn(
C:\Users\acer\AppData\Local\Programs\Python\Python312\Lib\site-packages\sklearn\utils\validation.py:2749: UserWarning: X does not have valid feature names, but LinearRegression was fitted with feature names
  warnings.warn(
[07/Apr/2026 15:35:24] "GET /status/marketplaces/ HTTP/1.1" 200 645
C:\Users\acer\AppData\Local\Programs\Python\Python312\Lib\site-packages\sklearn\utils\validation.py:2749: UserWarning: X does not have valid feature names, but LinearRegression was fitted with feature names
  warnings.warn(
C:\Users\acer\AppData\Local\Programs\Python\Python312\Lib\site-packages\sklearn\utils\validation.py:2749: UserWarning: X does not have valid feature names, but LinearRegression was fitted with feature names
  warnings.warn(
[07/Apr/2026 15:35:27] "GET /status/marketplaces/ HTTP/1.1" 200 645
C:\Users\acer\AppData\Local\Programs\Python\Python312\Lib\site-packages\sklearn\utils\validation.py:2749: UserWarning: X does not have valid feature names, but LinearRegression was fitted with feature names
  warnings.warn(
C:\Users\acer\AppData\Local\Programs\Python\Python312\Lib\site-packages\sklearn\utils\validation.py:2749: UserWarning: X does not have valid feature names, but LinearRegression was fitted with feature names
  warnings.warn(
[07/Apr/2026 15:35:30] "GET /status/marketplaces/ HTTP/1.1" 200 645
C:\Users\acer\AppData\Local\Programs\Python\Python312\Lib\site-packages\sklearn\utils\validation.py:2749: UserWarning: X does not have valid feature names, but LinearRegression was fitted with feature names
  warnings.warn(
C:\Users\acer\AppData\Local\Programs\Python\Python312\Lib\site-packages\sklearn\utils\validation.py:2749: UserWarning: X does not have valid feature names, but LinearRegression was fitted with feature names
  warnings.warn(
[07/Apr/2026 15:35:33] "GET /status/marketplaces/ HTTP/1.1" 200 645
C:\Users\acer\AppData\Local\Programs\Python\Python312\Lib\site-packages\sklearn\utils\validation.py:2749: UserWarning: X does not have valid feature names, but LinearRegression was fitted with feature names
  warnings.warn(
C:\Users\acer\AppData\Local\Programs\Python\Python312\Lib\site-packages\sklearn\utils\validation.py:2749: UserWarning: X does not have valid feature names, but LinearRegression was fitted with feature names
  warnings.warn(
[07/Apr/2026 15:35:36] "GET /status/marketplaces/ HTTP/1.1" 200 645
C:\Users\acer\AppData\Local\Programs\Python\Python312\Lib\site-packages\sklearn\utils\validation.py:2749: UserWarning: X does not have valid feature names, but LinearRegression was fitted with feature names
  warnings.warn(
C:\Users\acer\AppData\Local\Programs\Python\Python312\Lib\site-packages\sklearn\utils\validation.py:2749: UserWarning: X does not have valid feature names, but LinearRegression was fitted with feature names
  warnings.warn(
[07/Apr/2026 15:35:39] "GET /status/marketplaces/ HTTP/1.1" 200 645
C:\Users\acer\AppData\Local\Programs\Python\Python312\Lib\site-packages\sklearn\utils\validation.py:2749: UserWarning: X does not have valid feature names, but LinearRegression was fitted with feature names
  warnings.warn(
C:\Users\acer\AppData\Local\Programs\Python\Python312\Lib\site-packages\sklearn\utils\validation.py:2749: UserWarning: X does not have valid feature names, but LinearRegression was fitted with feature names
  warnings.warn(
[07/Apr/2026 15:35:42] "GET /status/marketplaces/ HTTP/1.1" 200 645
C:\Users\acer\AppData\Local\Programs\Python\Python312\Lib\site-packages\sklearn\utils\validation.py:2749: UserWarning: X does not have valid feature names, but LinearRegression was fitted with feature names
  warnings.warn(
C:\Users\acer\AppData\Local\Programs\Python\Python312\Lib\site-packages\sklearn\utils\validation.py:2749: UserWarning: X does not have valid feature names, but LinearRegression was fitted with feature names
  warnings.warn(
[07/Apr/2026 15:35:45] "GET /status/marketplaces/ HTTP/1.1" 200 645
C:\Users\acer\AppData\Local\Programs\Python\Python312\Lib\site-packages\sklearn\utils\validation.py:2749: UserWarning: X does not have valid feature names, but LinearRegression was fitted with feature names
  warnings.warn(
C:\Users\acer\AppData\Local\Programs\Python\Python312\Lib\site-packages\sklearn\utils\validation.py:2749: UserWarning: X does not have valid feature names, but LinearRegression was fitted with feature names
  warnings.warn(
[07/Apr/2026 15:35:48] "GET /status/marketplaces/ HTTP/1.1" 200 645
C:\Users\acer\AppData\Local\Programs\Python\Python312\Lib\site-packages\sklearn\utils\validation.py:2749: UserWarning: X does not have valid feature names, but LinearRegression was fitted with feature names
  warnings.warn(
C:\Users\acer\AppData\Local\Programs\Python\Python312\Lib\site-packages\sklearn\utils\validation.py:2749: UserWarning: X does not have valid feature names, but LinearRegression was fitted with feature names
  warnings.warn(
[07/Apr/2026 15:35:51] "GET /status/marketplaces/ HTTP/1.1" 200 645
C:\Users\acer\AppData\Local\Programs\Python\Python312\Lib\site-packages\sklearn\utils\validation.py:2749: UserWarning: X does not have valid feature names, but LinearRegression was fitted with feature names
  warnings.warn(
C:\Users\acer\AppData\Local\Programs\Python\Python312\Lib\site-packages\sklearn\utils\validation.py:2749: UserWarning: X does not have valid feature names, but LinearRegression was fitted with feature names
  warnings.warn(
[07/Apr/2026 15:35:54] "GET /status/marketplaces/ HTTP/1.1" 200 645
C:\Users\acer\AppData\Local\Programs\Python\Python312\Lib\site-packages\sklearn\utils\validation.py:2749: UserWarning: X does not have valid feature names, but LinearRegression was fitted with feature names
  warnings.warn(
C:\Users\acer\AppData\Local\Programs\Python\Python312\Lib\site-packages\sklearn\utils\validation.py:2749: UserWarning: X does not have valid feature names, but LinearRegression was fitted with feature names
  warnings.warn(
[07/Apr/2026 15:35:57] "GET /status/marketplaces/ HTTP/1.1" 200 645
C:\Users\acer\AppData\Local\Programs\Python\Python312\Lib\site-packages\sklearn\utils\validation.py:2749: UserWarning: X does not have valid feature names, but LinearRegression was fitted with feature names
  warnings.warn(
C:\Users\acer\AppData\Local\Programs\Python\Python312\Lib\site-packages\sklearn\utils\validation.py:2749: UserWarning: X does not have valid feature names, but LinearRegression was fitted with feature names
  warnings.warn(
[07/Apr/2026 15:36:00] "GET /status/marketplaces/ HTTP/1.1" 200 645
C:\Users\acer\AppData\Local\Programs\Python\Python312\Lib\site-packages\sklearn\utils\validation.py:2749: UserWarning: X does not have valid feature names, but LinearRegression was fitted with feature names
  warnings.warn(
C:\Users\acer\AppData\Local\Programs\Python\Python312\Lib\site-packages\sklearn\utils\validation.py:2749: UserWarning: X does not have valid feature names, but LinearRegression was fitted with feature names
  warnings.warn(
[07/Apr/2026 15:36:03] "GET /status/marketplaces/ HTTP/1.1" 200 645
C:\Users\acer\AppData\Local\Programs\Python\Python312\Lib\site-packages\sklearn\utils\validation.py:2749: UserWarning: X does not have valid feature names, but LinearRegression was fitted with feature names
  warnings.warn(
C:\Users\acer\AppData\Local\Programs\Python\Python312\Lib\site-packages\sklearn\utils\validation.py:2749: UserWarning: X does not have valid feature names, but LinearRegression was fitted with feature names
  warnings.warn(
[07/Apr/2026 15:36:06] "GET /status/marketplaces/ HTTP/1.1" 200 645
C:\Users\acer\AppData\Local\Programs\Python\Python312\Lib\site-packages\sklearn\utils\validation.py:2749: UserWarning: X does not have valid feature names, but LinearRegression was fitted with feature names
  warnings.warn(
C:\Users\acer\AppData\Local\Programs\Python\Python312\Lib\site-packages\sklearn\utils\validation.py:2749: UserWarning: X does not have valid feature names, but LinearRegression was fitted with feature names
  warnings.warn(
[07/Apr/2026 15:36:09] "GET /status/marketplaces/ HTTP/1.1" 200 645
C:\Users\acer\AppData\Local\Programs\Python\Python312\Lib\site-packages\sklearn\utils\validation.py:2749: UserWarning: X does not have valid feature names, but LinearRegression was fitted with feature names
  warnings.warn(
C:\Users\acer\AppData\Local\Programs\Python\Python312\Lib\site-packages\sklearn\utils\validation.py:2749: UserWarning: X does not have valid feature names, but LinearRegression was fitted with feature names
  warnings.warn(
[07/Apr/2026 15:36:12] "GET /status/marketplaces/ HTTP/1.1" 200 645
C:\Users\acer\AppData\Local\Programs\Python\Python312\Lib\site-packages\sklearn\utils\validation.py:2749: UserWarning: X does not have valid feature names, but LinearRegression was fitted with feature names
  warnings.warn(
C:\Users\acer\AppData\Local\Programs\Python\Python312\Lib\site-packages\sklearn\utils\validation.py:2749: UserWarning: X does not have valid feature names, but LinearRegression was fitted with feature names
  warnings.warn(
[07/Apr/2026 15:36:15] "GET /status/marketplaces/ HTTP/1.1" 200 645
C:\Users\acer\AppData\Local\Programs\Python\Python312\Lib\site-packages\sklearn\utils\validation.py:2749: UserWarning: X does not have valid feature names, but LinearRegression was fitted with feature names
  warnings.warn(
C:\Users\acer\AppData\Local\Programs\Python\Python312\Lib\site-packages\sklearn\utils\validation.py:2749: UserWarning: X does not have valid feature names, but LinearRegression was fitted with feature names
  warnings.warn(
[07/Apr/2026 15:36:18] "GET /status/marketplaces/ HTTP/1.1" 200 645
C:\Users\acer\AppData\Local\Programs\Python\Python312\Lib\site-packages\sklearn\utils\validation.py:2749: UserWarning: X does not have valid feature names, but LinearRegression was fitted with feature names
  warnings.warn(
C:\Users\acer\AppData\Local\Programs\Python\Python312\Lib\site-packages\sklearn\utils\validation.py:2749: UserWarning: X does not have valid feature names, but LinearRegression was fitted with feature names
  warnings.warn(
[07/Apr/2026 15:36:21] "GET /status/marketplaces/ HTTP/1.1" 200 645
C:\Users\acer\AppData\Local\Programs\Python\Python312\Lib\site-packages\sklearn\utils\validation.py:2749: UserWarning: X does not have valid feature names, but LinearRegression was fitted with feature names
  warnings.warn(
C:\Users\acer\AppData\Local\Programs\Python\Python312\Lib\site-packages\sklearn\utils\validation.py:2749: UserWarning: X does not have valid feature names, but LinearRegression was fitted with feature names
  warnings.warn(
[07/Apr/2026 15:36:24] "GET /status/marketplaces/ HTTP/1.1" 200 645
C:\Users\acer\AppData\Local\Programs\Python\Python312\Lib\site-packages\sklearn\utils\validation.py:2749: UserWarning: X does not have valid feature names, but LinearRegression was fitted with feature names
  warnings.warn(
C:\Users\acer\AppData\Local\Programs\Python\Python312\Lib\site-packages\sklearn\utils\validation.py:2749: UserWarning: X does not have valid feature names, but LinearRegression was fitted with feature names
  warnings.warn(
[07/Apr/2026 15:36:27] "GET /status/marketplaces/ HTTP/1.1" 200 645
C:\Users\acer\AppData\Local\Programs\Python\Python312\Lib\site-packages\sklearn\utils\validation.py:2749: UserWarning: X does not have valid feature names, but LinearRegression was fitted with feature names
  warnings.warn(
C:\Users\acer\AppData\Local\Programs\Python\Python312\Lib\site-packages\sklearn\utils\validation.py:2749: UserWarning: X does not have valid feature names, but LinearRegression was fitted with feature names
  warnings.warn(
[07/Apr/2026 15:36:30] "GET /status/marketplaces/ HTTP/1.1" 200 645
C:\Users\acer\AppData\Local\Programs\Python\Python312\Lib\site-packages\sklearn\utils\validation.py:2749: UserWarning: X does not have valid feature names, but LinearRegression was fitted with feature names
  warnings.warn(
C:\Users\acer\AppData\Local\Programs\Python\Python312\Lib\site-packages\sklearn\utils\validation.py:2749: UserWarning: X does not have valid feature names, but LinearRegression was fitted with feature names
  warnings.warn(
[07/Apr/2026 15:36:33] "GET /status/marketplaces/ HTTP/1.1" 200 645
C:\Users\acer\AppData\Local\Programs\Python\Python312\Lib\site-packages\sklearn\utils\validation.py:2749: UserWarning: X does not have valid feature names, but LinearRegression was fitted with feature names
  warnings.warn(
C:\Users\acer\AppData\Local\Programs\Python\Python312\Lib\site-packages\sklearn\utils\validation.py:2749: UserWarning: X does not have valid feature names, but LinearRegression was fitted with feature names
  warnings.warn(
[07/Apr/2026 15:36:36] "GET /status/marketplaces/ HTTP/1.1" 200 645
C:\Users\acer\AppData\Local\Programs\Python\Python312\Lib\site-packages\sklearn\utils\validation.py:2749: UserWarning: X does not have valid feature names, but LinearRegression was fitted with feature names
  warnings.warn(
C:\Users\acer\AppData\Local\Programs\Python\Python312\Lib\site-packages\sklearn\utils\validation.py:2749: UserWarning: X does not have valid feature names, but LinearRegression was fitted with feature names
  warnings.warn(
[07/Apr/2026 15:36:39] "GET /status/marketplaces/ HTTP/1.1" 200 645
C:\Users\acer\AppData\Local\Programs\Python\Python312\Lib\site-packages\sklearn\utils\validation.py:2749: UserWarning: X does not have valid feature names, but LinearRegression was fitted with feature names
  warnings.warn(
C:\Users\acer\AppData\Local\Programs\Python\Python312\Lib\site-packages\sklearn\utils\validation.py:2749: UserWarning: X does not have valid feature names, but LinearRegression was fitted with feature names
  warnings.warn(
[07/Apr/2026 15:36:42] "GET /status/marketplaces/ HTTP/1.1" 200 645
C:\Users\acer\AppData\Local\Programs\Python\Python312\Lib\site-packages\sklearn\utils\validation.py:2749: UserWarning: X does not have valid feature names, but LinearRegression was fitted with feature names
  warnings.warn(
C:\Users\acer\AppData\Local\Programs\Python\Python312\Lib\site-packages\sklearn\utils\validation.py:2749: UserWarning: X does not have valid feature names, but LinearRegression was fitted with feature names
  warnings.warn(
[07/Apr/2026 15:36:45] "GET /status/marketplaces/ HTTP/1.1" 200 645
C:\Users\acer\AppData\Local\Programs\Python\Python312\Lib\site-packages\sklearn\utils\validation.py:2749: UserWarning: X does not have valid feature names, but LinearRegression was fitted with feature names
  warnings.warn(
C:\Users\acer\AppData\Local\Programs\Python\Python312\Lib\site-packages\sklearn\utils\validation.py:2749: UserWarning: X does not have valid feature names, but LinearRegression was fitted with feature names
  warnings.warn(
[07/Apr/2026 15:36:48] "GET /status/marketplaces/ HTTP/1.1" 200 645
C:\Users\acer\AppData\Local\Programs\Python\Python312\Lib\site-packages\sklearn\utils\validation.py:2749: UserWarning: X does not have valid feature names, but LinearRegression was fitted with feature names
  warnings.warn(
C:\Users\acer\AppData\Local\Programs\Python\Python312\Lib\site-packages\sklearn\utils\validation.py:2749: UserWarning: X does not have valid feature names, but LinearRegression was fitted with feature names
  warnings.warn(
[07/Apr/2026 15:36:51] "GET /status/marketplaces/ HTTP/1.1" 200 645
C:\Users\acer\AppData\Local\Programs\Python\Python312\Lib\site-packages\sklearn\utils\validation.py:2749: UserWarning: X does not have valid feature names, but LinearRegression was fitted with feature names
  warnings.warn(
C:\Users\acer\AppData\Local\Programs\Python\Python312\Lib\site-packages\sklearn\utils\validation.py:2749: UserWarning: X does not have valid feature names, but LinearRegression was fitted with feature names
  warnings.warn(
[07/Apr/2026 15:36:54] "GET /status/marketplaces/ HTTP/1.1" 200 645
C:\Users\acer\AppData\Local\Programs\Python\Python312\Lib\site-packages\sklearn\utils\validation.py:2749: UserWarning: X does not have valid feature names, but LinearRegression was fitted with feature names
  warnings.warn(
C:\Users\acer\AppData\Local\Programs\Python\Python312\Lib\site-packages\sklearn\utils\validation.py:2749: UserWarning: X does not have valid feature names, but LinearRegression was fitted with feature names
  warnings.warn(
[07/Apr/2026 15:36:57] "GET /status/marketplaces/ HTTP/1.1" 200 645
C:\Users\acer\AppData\Local\Programs\Python\Python312\Lib\site-packages\sklearn\utils\validation.py:2749: UserWarning: X does not have valid feature names, but LinearRegression was fitted with feature names
  warnings.warn(
C:\Users\acer\AppData\Local\Programs\Python\Python312\Lib\site-packages\sklearn\utils\validation.py:2749: UserWarning: X does not have valid feature names, but LinearRegression was fitted with feature names
  warnings.warn(
[07/Apr/2026 15:37:00] "GET /status/marketplaces/ HTTP/1.1" 200 645
C:\Users\acer\AppData\Local\Programs\Python\Python312\Lib\site-packages\sklearn\utils\validation.py:2749: UserWarning: X does not have valid feature names, but LinearRegression was fitted with feature names
  warnings.warn(
C:\Users\acer\AppData\Local\Programs\Python\Python312\Lib\site-packages\sklearn\utils\validation.py:2749: UserWarning: X does not have valid feature names, but LinearRegression was fitted with feature names
  warnings.warn(
[07/Apr/2026 15:37:03] "GET /status/marketplaces/ HTTP/1.1" 200 645
C:\Users\acer\AppData\Local\Programs\Python\Python312\Lib\site-packages\sklearn\utils\validation.py:2749: UserWarning: X does not have valid feature names, but LinearRegression was fitted with feature names
  warnings.warn(
C:\Users\acer\AppData\Local\Programs\Python\Python312\Lib\site-packages\sklearn\utils\validation.py:2749: UserWarning: X does not have valid feature names, but LinearRegression was fitted with feature names
  warnings.warn(
[07/Apr/2026 15:37:06] "GET /status/marketplaces/ HTTP/1.1" 200 645
C:\Users\acer\AppData\Local\Programs\Python\Python312\Lib\site-packages\sklearn\utils\validation.py:2749: UserWarning: X does not have valid feature names, but LinearRegression was fitted with feature names
  warnings.warn(
C:\Users\acer\AppData\Local\Programs\Python\Python312\Lib\site-packages\sklearn\utils\validation.py:2749: UserWarning: X does not have valid feature names, but LinearRegression was fitted with feature names
  warnings.warn(
[07/Apr/2026 15:37:09] "GET /status/marketplaces/ HTTP/1.1" 200 645
C:\Users\acer\AppData\Local\Programs\Python\Python312\Lib\site-packages\sklearn\utils\validation.py:2749: UserWarning: X does not have valid feature names, but LinearRegression was fitted with feature names
  warnings.warn(
C:\Users\acer\AppData\Local\Programs\Python\Python312\Lib\site-packages\sklearn\utils\validation.py:2749: UserWarning: X does not have valid feature names, but LinearRegression was fitted with feature names
  warnings.warn(
[07/Apr/2026 15:37:12] "GET /status/marketplaces/ HTTP/1.1" 200 645
C:\Users\acer\AppData\Local\Programs\Python\Python312\Lib\site-packages\sklearn\utils\validation.py:2749: UserWarning: X does not have valid feature names, but LinearRegression was fitted with feature names
  warnings.warn(
C:\Users\acer\AppData\Local\Programs\Python\Python312\Lib\site-packages\sklearn\utils\validation.py:2749: UserWarning: X does not have valid feature names, but LinearRegression was fitted with feature names
  warnings.warn(
[07/Apr/2026 15:37:15] "GET /status/marketplaces/ HTTP/1.1" 200 645
C:\Users\acer\AppData\Local\Programs\Python\Python312\Lib\site-packages\sklearn\utils\validation.py:2749: UserWarning: X does not have valid feature names, but LinearRegression was fitted with feature names
  warnings.warn(
C:\Users\acer\AppData\Local\Programs\Python\Python312\Lib\site-packages\sklearn\utils\validation.py:2749: UserWarning: X does not have valid feature names, but LinearRegression was fitted with feature names
  warnings.warn(
[07/Apr/2026 15:37:18] "GET /status/marketplaces/ HTTP/1.1" 200 645
C:\Users\acer\AppData\Local\Programs\Python\Python312\Lib\site-packages\sklearn\utils\validation.py:2749: UserWarning: X does not have valid feature names, but LinearRegression was fitted with feature names
  warnings.warn(
C:\Users\acer\AppData\Local\Programs\Python\Python312\Lib\site-packages\sklearn\utils\validation.py:2749: UserWarning: X does not have valid feature names, but LinearRegression was fitted with feature names
  warnings.warn(
[07/Apr/2026 15:37:21] "GET /status/marketplaces/ HTTP/1.1" 200 645
C:\Users\acer\AppData\Local\Programs\Python\Python312\Lib\site-packages\sklearn\utils\validation.py:2749: UserWarning: X does not have valid feature names, but LinearRegression was fitted with feature names
  warnings.warn(
C:\Users\acer\AppData\Local\Programs\Python\Python312\Lib\site-packages\sklearn\utils\validation.py:2749: UserWarning: X does not have valid feature names, but LinearRegression was fitted with feature names
  warnings.warn(
[07/Apr/2026 15:37:24] "GET /status/marketplaces/ HTTP/1.1" 200 645
C:\Users\acer\AppData\Local\Programs\Python\Python312\Lib\site-packages\sklearn\utils\validation.py:2749: UserWarning: X does not have valid feature names, but LinearRegression was fitted with feature names
  warnings.warn(
C:\Users\acer\AppData\Local\Programs\Python\Python312\Lib\site-packages\sklearn\utils\validation.py:2749: UserWarning: X does not have valid feature names, but LinearRegression was fitted with feature names
  warnings.warn(
[07/Apr/2026 15:37:27] "GET /status/marketplaces/ HTTP/1.1" 200 645
C:\Users\acer\AppData\Local\Programs\Python\Python312\Lib\site-packages\sklearn\utils\validation.py:2749: UserWarning: X does not have valid feature names, but LinearRegression was fitted with feature names
  warnings.warn(
C:\Users\acer\AppData\Local\Programs\Python\Python312\Lib\site-packages\sklearn\utils\validation.py:2749: UserWarning: X does not have valid feature names, but LinearRegression was fitted with feature names
  warnings.warn(
[07/Apr/2026 15:37:30] "GET /status/marketplaces/ HTTP/1.1" 200 645
C:\Users\acer\AppData\Local\Programs\Python\Python312\Lib\site-packages\sklearn\utils\validation.py:2749: UserWarning: X does not have valid feature names, but LinearRegression was fitted with feature names
  warnings.warn(
C:\Users\acer\AppData\Local\Programs\Python\Python312\Lib\site-packages\sklearn\utils\validation.py:2749: UserWarning: X does not have valid feature names, but LinearRegression was fitted with feature names
  warnings.warn(
[07/Apr/2026 15:37:33] "GET /status/marketplaces/ HTTP/1.1" 200 645
C:\Users\acer\AppData\Local\Programs\Python\Python312\Lib\site-packages\sklearn\utils\validation.py:2749: UserWarning: X does not have valid feature names, but LinearRegression was fitted with feature names
  warnings.warn(
C:\Users\acer\AppData\Local\Programs\Python\Python312\Lib\site-packages\sklearn\utils\validation.py:2749: UserWarning: X does not have valid feature names, but LinearRegression was fitted with feature names
  warnings.warn(
[07/Apr/2026 15:37:36] "GET /status/marketplaces/ HTTP/1.1" 200 645
C:\Users\acer\AppData\Local\Programs\Python\Python312\Lib\site-packages\sklearn\utils\validation.py:2749: UserWarning: X does not have valid feature names, but LinearRegression was fitted with feature names
  warnings.warn(
C:\Users\acer\AppData\Local\Programs\Python\Python312\Lib\site-packages\sklearn\utils\validation.py:2749: UserWarning: X does not have valid feature names, but LinearRegression was fitted with feature names
  warnings.warn(
[07/Apr/2026 15:37:39] "GET /status/marketplaces/ HTTP/1.1" 200 645
C:\Users\acer\AppData\Local\Programs\Python\Python312\Lib\site-packages\sklearn\utils\validation.py:2749: UserWarning: X does not have valid feature names, but LinearRegression was fitted with feature names
  warnings.warn(
C:\Users\acer\AppData\Local\Programs\Python\Python312\Lib\site-packages\sklearn\utils\validation.py:2749: UserWarning: X does not have valid feature names, but LinearRegression was fitted with feature names
  warnings.warn(
[07/Apr/2026 15:37:43] "GET /status/marketplaces/ HTTP/1.1" 200 645
C:\Users\acer\AppData\Local\Programs\Python\Python312\Lib\site-packages\sklearn\utils\validation.py:2749: UserWarning: X does not have valid feature names, but LinearRegression was fitted with feature names
  warnings.warn(
C:\Users\acer\AppData\Local\Programs\Python\Python312\Lib\site-packages\sklearn\utils\validation.py:2749: UserWarning: X does not have valid feature names, but LinearRegression was fitted with feature names
  warnings.warn(
[07/Apr/2026 15:37:45] "GET /status/marketplaces/ HTTP/1.1" 200 645
C:\Users\acer\AppData\Local\Programs\Python\Python312\Lib\site-packages\sklearn\utils\validation.py:2749: UserWarning: X does not have valid feature names, but LinearRegression was fitted with feature names
  warnings.warn(
C:\Users\acer\AppData\Local\Programs\Python\Python312\Lib\site-packages\sklearn\utils\validation.py:2749: UserWarning: X does not have valid feature names, but LinearRegression was fitted with feature names
  warnings.warn(
[07/Apr/2026 15:38:39] "GET /status/marketplaces/ HTTP/1.1" 200 645
C:\Users\acer\AppData\Local\Programs\Python\Python312\Lib\site-packages\sklearn\utils\validation.py:2749: UserWarning: X does not have valid feature names, but LinearRegression was fitted with feature names
  warnings.warn(
C:\Users\acer\AppData\Local\Programs\Python\Python312\Lib\site-packages\sklearn\utils\validation.py:2749: UserWarning: X does not have valid feature names, but LinearRegression was fitted with feature names
  warnings.warn(
[07/Apr/2026 15:38:42] "GET /status/marketplaces/ HTTP/1.1" 200 645
C:\Users\acer\AppData\Local\Programs\Python\Python312\Lib\site-packages\sklearn\utils\validation.py:2749: UserWarning: X does not have valid feature names, but LinearRegression was fitted with feature names
  warnings.warn(
C:\Users\acer\AppData\Local\Programs\Python\Python312\Lib\site-packages\sklearn\utils\validation.py:2749: UserWarning: X does not have valid feature names, but LinearRegression was fitted with feature names
  warnings.warn(
[07/Apr/2026 15:38:45] "GET /status/marketplaces/ HTTP/1.1" 200 645
C:\Users\acer\AppData\Local\Programs\Python\Python312\Lib\site-packages\sklearn\utils\validation.py:2749: UserWarning: X does not have valid feature names, but LinearRegression was fitted with feature names
  warnings.warn(
C:\Users\acer\AppData\Local\Programs\Python\Python312\Lib\site-packages\sklearn\utils\validation.py:2749: UserWarning: X does not have valid feature names, but LinearRegression was fitted with feature names
  warnings.warn(
[07/Apr/2026 15:38:48] "GET /status/marketplaces/ HTTP/1.1" 200 645
C:\Users\acer\AppData\Local\Programs\Python\Python312\Lib\site-packages\sklearn\utils\validation.py:2749: UserWarning: X does not have valid feature names, but LinearRegression was fitted with feature names
  warnings.warn(
C:\Users\acer\AppData\Local\Programs\Python\Python312\Lib\site-packages\sklearn\utils\validation.py:2749: UserWarning: X does not have valid feature names, but LinearRegression was fitted with feature names
  warnings.warn(
[07/Apr/2026 15:38:51] "GET /status/marketplaces/ HTTP/1.1" 200 645
C:\Users\acer\AppData\Local\Programs\Python\Python312\Lib\site-packages\sklearn\utils\validation.py:2749: UserWarning: X does not have valid feature names, but LinearRegression was fitted with feature names
  warnings.warn(
C:\Users\acer\AppData\Local\Programs\Python\Python312\Lib\site-packages\sklearn\utils\validation.py:2749: UserWarning: X does not have valid feature names, but LinearRegression was fitted with feature names
  warnings.warn(
[07/Apr/2026 15:38:54] "GET /status/marketplaces/ HTTP/1.1" 200 645
C:\Users\acer\AppData\Local\Programs\Python\Python312\Lib\site-packages\sklearn\utils\validation.py:2749: UserWarning: X does not have valid feature names, but LinearRegression was fitted with feature names
  warnings.warn(
C:\Users\acer\AppData\Local\Programs\Python\Python312\Lib\site-packages\sklearn\utils\validation.py:2749: UserWarning: X does not have valid feature names, but LinearRegression was fitted with feature names
  warnings.warn(
[07/Apr/2026 15:38:57] "GET /status/marketplaces/ HTTP/1.1" 200 645
C:\Users\acer\AppData\Local\Programs\Python\Python312\Lib\site-packages\sklearn\utils\validation.py:2749: UserWarning: X does not have valid feature names, but LinearRegression was fitted with feature names
  warnings.warn(
C:\Users\acer\AppData\Local\Programs\Python\Python312\Lib\site-packages\sklearn\utils\validation.py:2749: UserWarning: X does not have valid feature names, but LinearRegression was fitted with feature names
  warnings.warn(
[07/Apr/2026 15:39:00] "GET /status/marketplaces/ HTTP/1.1" 200 645
C:\Users\acer\AppData\Local\Programs\Python\Python312\Lib\site-packages\sklearn\utils\validation.py:2749: UserWarning: X does not have valid feature names, but LinearRegression was fitted with feature names
  warnings.warn(
C:\Users\acer\AppData\Local\Programs\Python\Python312\Lib\site-packages\sklearn\utils\validation.py:2749: UserWarning: X does not have valid feature names, but LinearRegression was fitted with feature names
  warnings.warn(
[07/Apr/2026 15:39:03] "GET /status/marketplaces/ HTTP/1.1" 200 645
C:\Users\acer\AppData\Local\Programs\Python\Python312\Lib\site-packages\sklearn\utils\validation.py:2749: UserWarning: X does not have valid feature names, but LinearRegression was fitted with feature names
  warnings.warn(
C:\Users\acer\AppData\Local\Programs\Python\Python312\Lib\site-packages\sklearn\utils\validation.py:2749: UserWarning: X does not have valid feature names, but LinearRegression was fitted with feature names
  warnings.warn(
[07/Apr/2026 15:39:06] "GET /status/marketplaces/ HTTP/1.1" 200 645
C:\Users\acer\AppData\Local\Programs\Python\Python312\Lib\site-packages\sklearn\utils\validation.py:2749: UserWarning: X does not have valid feature names, but LinearRegression was fitted with feature names
  warnings.warn(
C:\Users\acer\AppData\Local\Programs\Python\Python312\Lib\site-packages\sklearn\utils\validation.py:2749: UserWarning: X does not have valid feature names, but LinearRegression was fitted with feature names
  warnings.warn(
[07/Apr/2026 15:39:09] "GET /status/marketplaces/ HTTP/1.1" 200 645
C:\Users\acer\AppData\Local\Programs\Python\Python312\Lib\site-packages\sklearn\utils\validation.py:2749: UserWarning: X does not have valid feature names, but LinearRegression was fitted with feature names
  warnings.warn(
C:\Users\acer\AppData\Local\Programs\Python\Python312\Lib\site-packages\sklearn\utils\validation.py:2749: UserWarning: X does not have valid feature names, but LinearRegression was fitted with feature names
  warnings.warn(
[07/Apr/2026 15:39:12] "GET /status/marketplaces/ HTTP/1.1" 200 645
C:\Users\acer\AppData\Local\Programs\Python\Python312\Lib\site-packages\sklearn\utils\validation.py:2749: UserWarning: X does not have valid feature names, but LinearRegression was fitted with feature names
  warnings.warn(
C:\Users\acer\AppData\Local\Programs\Python\Python312\Lib\site-packages\sklearn\utils\validation.py:2749: UserWarning: X does not have valid feature names, but LinearRegression was fitted with feature names
  warnings.warn(
[07/Apr/2026 15:39:15] "GET /status/marketplaces/ HTTP/1.1" 200 645
C:\Users\acer\AppData\Local\Programs\Python\Python312\Lib\site-packages\sklearn\utils\validation.py:2749: UserWarning: X does not have valid feature names, but LinearRegression was fitted with feature names
  warnings.warn(
C:\Users\acer\AppData\Local\Programs\Python\Python312\Lib\site-packages\sklearn\utils\validation.py:2749: UserWarning: X does not have valid feature names, but LinearRegression was fitted with feature names
  warnings.warn(
[07/Apr/2026 15:39:18] "GET /status/marketplaces/ HTTP/1.1" 200 645
C:\Users\acer\AppData\Local\Programs\Python\Python312\Lib\site-packages\sklearn\utils\validation.py:2749: UserWarning: X does not have valid feature names, but LinearRegression was fitted with feature names
  warnings.warn(
C:\Users\acer\AppData\Local\Programs\Python\Python312\Lib\site-packages\sklearn\utils\validation.py:2749: UserWarning: X does not have valid feature names, but LinearRegression was fitted with feature names
  warnings.warn(
[07/Apr/2026 15:39:21] "GET /status/marketplaces/ HTTP/1.1" 200 645
C:\Users\acer\AppData\Local\Programs\Python\Python312\Lib\site-packages\sklearn\utils\validation.py:2749: UserWarning: X does not have valid feature names, but LinearRegression was fitted with feature names
  warnings.warn(
C:\Users\acer\AppData\Local\Programs\Python\Python312\Lib\site-packages\sklearn\utils\validation.py:2749: UserWarning: X does not have valid feature names, but LinearRegression was fitted with feature names
  warnings.warn(
[07/Apr/2026 15:39:24] "GET /status/marketplaces/ HTTP/1.1" 200 645
C:\Users\acer\AppData\Local\Programs\Python\Python312\Lib\site-packages\sklearn\utils\validation.py:2749: UserWarning: X does not have valid feature names, but LinearRegression was fitted with feature names
  warnings.warn(
C:\Users\acer\AppData\Local\Programs\Python\Python312\Lib\site-packages\sklearn\utils\validation.py:2749: UserWarning: X does not have valid feature names, but LinearRegression was fitted with feature names
  warnings.warn(
[07/Apr/2026 15:39:27] "GET /status/marketplaces/ HTTP/1.1" 200 645
C:\Users\acer\AppData\Local\Programs\Python\Python312\Lib\site-packages\sklearn\utils\validation.py:2749: UserWarning: X does not have valid feature names, but LinearRegression was fitted with feature names
  warnings.warn(
C:\Users\acer\AppData\Local\Programs\Python\Python312\Lib\site-packages\sklearn\utils\validation.py:2749: UserWarning: X does not have valid feature names, but LinearRegression was fitted with feature names
  warnings.warn(
[07/Apr/2026 15:39:30] "GET /status/marketplaces/ HTTP/1.1" 200 645
C:\Users\acer\AppData\Local\Programs\Python\Python312\Lib\site-packages\sklearn\utils\validation.py:2749: UserWarning: X does not have valid feature names, but LinearRegression was fitted with feature names
  warnings.warn(
C:\Users\acer\AppData\Local\Programs\Python\Python312\Lib\site-packages\sklearn\utils\validation.py:2749: UserWarning: X does not have valid feature names, but LinearRegression was fitted with feature names
  warnings.warn(
[07/Apr/2026 15:39:33] "GET /status/marketplaces/ HTTP/1.1" 200 645
C:\Users\acer\AppData\Local\Programs\Python\Python312\Lib\site-packages\sklearn\utils\validation.py:2749: UserWarning: X does not have valid feature names, but LinearRegression was fitted with feature names
  warnings.warn(
C:\Users\acer\AppData\Local\Programs\Python\Python312\Lib\site-packages\sklearn\utils\validation.py:2749: UserWarning: X does not have valid feature names, but LinearRegression was fitted with feature names
  warnings.warn(
[07/Apr/2026 15:39:36] "GET /status/marketplaces/ HTTP/1.1" 200 645
C:\Users\acer\AppData\Local\Programs\Python\Python312\Lib\site-packages\sklearn\utils\validation.py:2749: UserWarning: X does not have valid feature names, but LinearRegression was fitted with feature names
  warnings.warn(
C:\Users\acer\AppData\Local\Programs\Python\Python312\Lib\site-packages\sklearn\utils\validation.py:2749: UserWarning: X does not have valid feature names, but LinearRegression was fitted with feature names
  warnings.warn(
[07/Apr/2026 15:39:39] "GET /status/marketplaces/ HTTP/1.1" 200 645
C:\Users\acer\AppData\Local\Programs\Python\Python312\Lib\site-packages\sklearn\utils\validation.py:2749: UserWarning: X does not have valid feature names, but LinearRegression was fitted with feature names
  warnings.warn(
C:\Users\acer\AppData\Local\Programs\Python\Python312\Lib\site-packages\sklearn\utils\validation.py:2749: UserWarning: X does not have valid feature names, but LinearRegression was fitted with feature names
  warnings.warn(
[07/Apr/2026 15:39:42] "GET /status/marketplaces/ HTTP/1.1" 200 645
C:\Users\acer\AppData\Local\Programs\Python\Python312\Lib\site-packages\sklearn\utils\validation.py:2749: UserWarning: X does not have valid feature names, but LinearRegression was fitted with feature names
  warnings.warn(
C:\Users\acer\AppData\Local\Programs\Python\Python312\Lib\site-packages\sklearn\utils\validation.py:2749: UserWarning: X does not have valid feature names, but LinearRegression was fitted with feature names
  warnings.warn(
[07/Apr/2026 15:39:45] "GET /status/marketplaces/ HTTP/1.1" 200 645
C:\Users\acer\AppData\Local\Programs\Python\Python312\Lib\site-packages\sklearn\utils\validation.py:2749: UserWarning: X does not have valid feature names, but LinearRegression was fitted with feature names
  warnings.warn(
C:\Users\acer\AppData\Local\Programs\Python\Python312\Lib\site-packages\sklearn\utils\validation.py:2749: UserWarning: X does not have valid feature names, but LinearRegression was fitted with feature names
  warnings.warn(
[07/Apr/2026 15:39:48] "GET /status/marketplaces/ HTTP/1.1" 200 645
C:\Users\acer\AppData\Local\Programs\Python\Python312\Lib\site-packages\sklearn\utils\validation.py:2749: UserWarning: X does not have valid feature names, but LinearRegression was fitted with feature names
  warnings.warn(
C:\Users\acer\AppData\Local\Programs\Python\Python312\Lib\site-packages\sklearn\utils\validation.py:2749: UserWarning: X does not have valid feature names, but LinearRegression was fitted with feature names
  warnings.warn(
[07/Apr/2026 15:39:51] "GET /status/marketplaces/ HTTP/1.1" 200 645
C:\Users\acer\AppData\Local\Programs\Python\Python312\Lib\site-packages\sklearn\utils\validation.py:2749: UserWarning: X does not have valid feature names, but LinearRegression was fitted with feature names
  warnings.warn(
C:\Users\acer\AppData\Local\Programs\Python\Python312\Lib\site-packages\sklearn\utils\validation.py:2749: UserWarning: X does not have valid feature names, but LinearRegression was fitted with feature names
  warnings.warn(
[07/Apr/2026 15:39:54] "GET /status/marketplaces/ HTTP/1.1" 200 645
C:\Users\acer\AppData\Local\Programs\Python\Python312\Lib\site-packages\sklearn\utils\validation.py:2749: UserWarning: X does not have valid feature names, but LinearRegression was fitted with feature names
  warnings.warn(
C:\Users\acer\AppData\Local\Programs\Python\Python312\Lib\site-packages\sklearn\utils\validation.py:2749: UserWarning: X does not have valid feature names, but LinearRegression was fitted with feature names
  warnings.warn(
[07/Apr/2026 15:39:57] "GET /status/marketplaces/ HTTP/1.1" 200 645
C:\Users\acer\AppData\Local\Programs\Python\Python312\Lib\site-packages\sklearn\utils\validation.py:2749: UserWarning: X does not have valid feature names, but LinearRegression was fitted with feature names
  warnings.warn(
C:\Users\acer\AppData\Local\Programs\Python\Python312\Lib\site-packages\sklearn\utils\validation.py:2749: UserWarning: X does not have valid feature names, but LinearRegression was fitted with feature names
  warnings.warn(
[07/Apr/2026 15:40:00] "GET /status/marketplaces/ HTTP/1.1" 200 645
C:\Users\acer\AppData\Local\Programs\Python\Python312\Lib\site-packages\sklearn\utils\validation.py:2749: UserWarning: X does not have valid feature names, but LinearRegression was fitted with feature names
  warnings.warn(
C:\Users\acer\AppData\Local\Programs\Python\Python312\Lib\site-packages\sklearn\utils\validation.py:2749: UserWarning: X does not have valid feature names, but LinearRegression was fitted with feature names
  warnings.warn(
[07/Apr/2026 15:40:03] "GET /status/marketplaces/ HTTP/1.1" 200 645
C:\Users\acer\AppData\Local\Programs\Python\Python312\Lib\site-packages\sklearn\utils\validation.py:2749: UserWarning: X does not have valid feature names, but LinearRegression was fitted with feature names
  warnings.warn(
C:\Users\acer\AppData\Local\Programs\Python\Python312\Lib\site-packages\sklearn\utils\validation.py:2749: UserWarning: X does not have valid feature names, but LinearRegression was fitted with feature names
  warnings.warn(
[07/Apr/2026 15:40:06] "GET /status/marketplaces/ HTTP/1.1" 200 645
C:\Users\acer\AppData\Local\Programs\Python\Python312\Lib\site-packages\sklearn\utils\validation.py:2749: UserWarning: X does not have valid feature names, but LinearRegression was fitted with feature names
  warnings.warn(
C:\Users\acer\AppData\Local\Programs\Python\Python312\Lib\site-packages\sklearn\utils\validation.py:2749: UserWarning: X does not have valid feature names, but LinearRegression was fitted with feature names
  warnings.warn(
[07/Apr/2026 15:40:09] "GET /status/marketplaces/ HTTP/1.1" 200 645
C:\Users\acer\AppData\Local\Programs\Python\Python312\Lib\site-packages\sklearn\utils\validation.py:2749: UserWarning: X does not have valid feature names, but LinearRegression was fitted with feature names
  warnings.warn(
C:\Users\acer\AppData\Local\Programs\Python\Python312\Lib\site-packages\sklearn\utils\validation.py:2749: UserWarning: X does not have valid feature names, but LinearRegression was fitted with feature names
  warnings.warn(
[07/Apr/2026 15:40:12] "GET /status/marketplaces/ HTTP/1.1" 200 645
C:\Users\acer\AppData\Local\Programs\Python\Python312\Lib\site-packages\sklearn\utils\validation.py:2749: UserWarning: X does not have valid feature names, but LinearRegression was fitted with feature names
  warnings.warn(
C:\Users\acer\AppData\Local\Programs\Python\Python312\Lib\site-packages\sklearn\utils\validation.py:2749: UserWarning: X does not have valid feature names, but LinearRegression was fitted with feature names
  warnings.warn(
[07/Apr/2026 15:40:15] "GET /status/marketplaces/ HTTP/1.1" 200 645
C:\Users\acer\AppData\Local\Programs\Python\Python312\Lib\site-packages\sklearn\utils\validation.py:2749: UserWarning: X does not have valid feature names, but LinearRegression was fitted with feature names
  warnings.warn(
C:\Users\acer\AppData\Local\Programs\Python\Python312\Lib\site-packages\sklearn\utils\validation.py:2749: UserWarning: X does not have valid feature names, but LinearRegression was fitted with feature names
  warnings.warn(
[07/Apr/2026 15:40:18] "GET /status/marketplaces/ HTTP/1.1" 200 645
C:\Users\acer\AppData\Local\Programs\Python\Python312\Lib\site-packages\sklearn\utils\validation.py:2749: UserWarning: X does not have valid feature names, but LinearRegression was fitted with feature names
  warnings.warn(
C:\Users\acer\AppData\Local\Programs\Python\Python312\Lib\site-packages\sklearn\utils\validation.py:2749: UserWarning: X does not have valid feature names, but LinearRegression was fitted with feature names
  warnings.warn(
[07/Apr/2026 15:40:21] "GET /status/marketplaces/ HTTP/1.1" 200 645
C:\Users\acer\AppData\Local\Programs\Python\Python312\Lib\site-packages\sklearn\utils\validation.py:2749: UserWarning: X does not have valid feature names, but LinearRegression was fitted with feature names
  warnings.warn(
C:\Users\acer\AppData\Local\Programs\Python\Python312\Lib\site-packages\sklearn\utils\validation.py:2749: UserWarning: X does not have valid feature names, but LinearRegression was fitted with feature names
  warnings.warn(
[07/Apr/2026 15:40:24] "GET /status/marketplaces/ HTTP/1.1" 200 645
C:\Users\acer\AppData\Local\Programs\Python\Python312\Lib\site-packages\sklearn\utils\validation.py:2749: UserWarning: X does not have valid feature names, but LinearRegression was fitted with feature names
  warnings.warn(
C:\Users\acer\AppData\Local\Programs\Python\Python312\Lib\site-packages\sklearn\utils\validation.py:2749: UserWarning: X does not have valid feature names, but LinearRegression was fitted with feature names
  warnings.warn(
[07/Apr/2026 15:40:27] "GET /status/marketplaces/ HTTP/1.1" 200 645
C:\Users\acer\AppData\Local\Programs\Python\Python312\Lib\site-packages\sklearn\utils\validation.py:2749: UserWarning: X does not have valid feature names, but LinearRegression was fitted with feature names
  warnings.warn(
C:\Users\acer\AppData\Local\Programs\Python\Python312\Lib\site-packages\sklearn\utils\validation.py:2749: UserWarning: X does not have valid feature names, but LinearRegression was fitted with feature names
  warnings.warn(
[07/Apr/2026 15:40:30] "GET /status/marketplaces/ HTTP/1.1" 200 645
C:\Users\acer\AppData\Local\Programs\Python\Python312\Lib\site-packages\sklearn\utils\validation.py:2749: UserWarning: X does not have valid feature names, but LinearRegression was fitted with feature names
  warnings.warn(
C:\Users\acer\AppData\Local\Programs\Python\Python312\Lib\site-packages\sklearn\utils\validation.py:2749: UserWarning: X does not have valid feature names, but LinearRegression was fitted with feature names
  warnings.warn(
[07/Apr/2026 15:40:33] "GET /status/marketplaces/ HTTP/1.1" 200 645
C:\Users\acer\AppData\Local\Programs\Python\Python312\Lib\site-packages\sklearn\utils\validation.py:2749: UserWarning: X does not have valid feature names, but LinearRegression was fitted with feature names
  warnings.warn(
C:\Users\acer\AppData\Local\Programs\Python\Python312\Lib\site-packages\sklearn\utils\validation.py:2749: UserWarning: X does not have valid feature names, but LinearRegression was fitted with feature names
  warnings.warn(
[07/Apr/2026 15:40:36] "GET /status/marketplaces/ HTTP/1.1" 200 645
C:\Users\acer\AppData\Local\Programs\Python\Python312\Lib\site-packages\sklearn\utils\validation.py:2749: UserWarning: X does not have valid feature names, but LinearRegression was fitted with feature names
  warnings.warn(
C:\Users\acer\AppData\Local\Programs\Python\Python312\Lib\site-packages\sklearn\utils\validation.py:2749: UserWarning: X does not have valid feature names, but LinearRegression was fitted with feature names
  warnings.warn(
[07/Apr/2026 15:40:39] "GET /status/marketplaces/ HTTP/1.1" 200 645
C:\Users\acer\AppData\Local\Programs\Python\Python312\Lib\site-packages\sklearn\utils\validation.py:2749: UserWarning: X does not have valid feature names, but LinearRegression was fitted with feature names
  warnings.warn(
C:\Users\acer\AppData\Local\Programs\Python\Python312\Lib\site-packages\sklearn\utils\validation.py:2749: UserWarning: X does not have valid feature names, but LinearRegression was fitted with feature names
  warnings.warn(
[07/Apr/2026 15:40:42] "GET /status/marketplaces/ HTTP/1.1" 200 645
C:\Users\acer\AppData\Local\Programs\Python\Python312\Lib\site-packages\sklearn\utils\validation.py:2749: UserWarning: X does not have valid feature names, but LinearRegression was fitted with feature names
  warnings.warn(
C:\Users\acer\AppData\Local\Programs\Python\Python312\Lib\site-packages\sklearn\utils\validation.py:2749: UserWarning: X does not have valid feature names, but LinearRegression was fitted with feature names
  warnings.warn(
[07/Apr/2026 15:40:45] "GET /status/marketplaces/ HTTP/1.1" 200 645
C:\Users\acer\AppData\Local\Programs\Python\Python312\Lib\site-packages\sklearn\utils\validation.py:2749: UserWarning: X does not have valid feature names, but LinearRegression was fitted with feature names
  warnings.warn(
C:\Users\acer\AppData\Local\Programs\Python\Python312\Lib\site-packages\sklearn\utils\validation.py:2749: UserWarning: X does not have valid feature names, but LinearRegression was fitted with feature names
  warnings.warn(
[07/Apr/2026 15:40:48] "GET /status/marketplaces/ HTTP/1.1" 200 645
C:\Users\acer\AppData\Local\Programs\Python\Python312\Lib\site-packages\sklearn\utils\validation.py:2749: UserWarning: X does not have valid feature names, but LinearRegression was fitted with feature names
  warnings.warn(
C:\Users\acer\AppData\Local\Programs\Python\Python312\Lib\site-packages\sklearn\utils\validation.py:2749: UserWarning: X does not have valid feature names, but LinearRegression was fitted with feature names
  warnings.warn(
[07/Apr/2026 15:40:51] "GET /status/marketplaces/ HTTP/1.1" 200 645
C:\Users\acer\AppData\Local\Programs\Python\Python312\Lib\site-packages\sklearn\utils\validation.py:2749: UserWarning: X does not have valid feature names, but LinearRegression was fitted with feature names
  warnings.warn(
C:\Users\acer\AppData\Local\Programs\Python\Python312\Lib\site-packages\sklearn\utils\validation.py:2749: UserWarning: X does not have valid feature names, but LinearRegression was fitted with feature names
  warnings.warn(
[07/Apr/2026 15:40:54] "GET /status/marketplaces/ HTTP/1.1" 200 645
C:\Users\acer\AppData\Local\Programs\Python\Python312\Lib\site-packages\sklearn\utils\validation.py:2749: UserWarning: X does not have valid feature names, but LinearRegression was fitted with feature names
  warnings.warn(
C:\Users\acer\AppData\Local\Programs\Python\Python312\Lib\site-packages\sklearn\utils\validation.py:2749: UserWarning: X does not have valid feature names, but LinearRegression was fitted with feature names
  warnings.warn(
[07/Apr/2026 15:40:57] "GET /status/marketplaces/ HTTP/1.1" 200 645
C:\Users\acer\AppData\Local\Programs\Python\Python312\Lib\site-packages\sklearn\utils\validation.py:2749: UserWarning: X does not have valid feature names, but LinearRegression was fitted with feature names
  warnings.warn(
C:\Users\acer\AppData\Local\Programs\Python\Python312\Lib\site-packages\sklearn\utils\validation.py:2749: UserWarning: X does not have valid feature names, but LinearRegression was fitted with feature names
  warnings.warn(
[07/Apr/2026 15:41:00] "GET /status/marketplaces/ HTTP/1.1" 200 645
C:\Users\acer\AppData\Local\Programs\Python\Python312\Lib\site-packages\sklearn\utils\validation.py:2749: UserWarning: X does not have valid feature names, but LinearRegression was fitted with feature names
  warnings.warn(
C:\Users\acer\AppData\Local\Programs\Python\Python312\Lib\site-packages\sklearn\utils\validation.py:2749: UserWarning: X does not have valid feature names, but LinearRegression was fitted with feature names
  warnings.warn(
[07/Apr/2026 15:41:03] "GET /status/marketplaces/ HTTP/1.1" 200 645
C:\Users\acer\AppData\Local\Programs\Python\Python312\Lib\site-packages\sklearn\utils\validation.py:2749: UserWarning: X does not have valid feature names, but LinearRegression was fitted with feature names
  warnings.warn(
C:\Users\acer\AppData\Local\Programs\Python\Python312\Lib\site-packages\sklearn\utils\validation.py:2749: UserWarning: X does not have valid feature names, but LinearRegression was fitted with feature names
  warnings.warn(
[07/Apr/2026 15:41:06] "GET /status/marketplaces/ HTTP/1.1" 200 645
C:\Users\acer\AppData\Local\Programs\Python\Python312\Lib\site-packages\sklearn\utils\validation.py:2749: UserWarning: X does not have valid feature names, but LinearRegression was fitted with feature names
  warnings.warn(
C:\Users\acer\AppData\Local\Programs\Python\Python312\Lib\site-packages\sklearn\utils\validation.py:2749: UserWarning: X does not have valid feature names, but LinearRegression was fitted with feature names
  warnings.warn(
[07/Apr/2026 15:41:09] "GET /status/marketplaces/ HTTP/1.1" 200 645
C:\Users\acer\AppData\Local\Programs\Python\Python312\Lib\site-packages\sklearn\utils\validation.py:2749: UserWarning: X does not have valid feature names, but LinearRegression was fitted with feature names
  warnings.warn(
C:\Users\acer\AppData\Local\Programs\Python\Python312\Lib\site-packages\sklearn\utils\validation.py:2749: UserWarning: X does not have valid feature names, but LinearRegression was fitted with feature names
  warnings.warn(
[07/Apr/2026 15:41:12] "GET /status/marketplaces/ HTTP/1.1" 200 645
C:\Users\acer\AppData\Local\Programs\Python\Python312\Lib\site-packages\sklearn\utils\validation.py:2749: UserWarning: X does not have valid feature names, but LinearRegression was fitted with feature names
  warnings.warn(
C:\Users\acer\AppData\Local\Programs\Python\Python312\Lib\site-packages\sklearn\utils\validation.py:2749: UserWarning: X does not have valid feature names, but LinearRegression was fitted with feature names
  warnings.warn(
[07/Apr/2026 15:41:15] "GET /status/marketplaces/ HTTP/1.1" 200 645
C:\Users\acer\AppData\Local\Programs\Python\Python312\Lib\site-packages\sklearn\utils\validation.py:2749: UserWarning: X does not have valid feature names, but LinearRegression was fitted with feature names
  warnings.warn(
C:\Users\acer\AppData\Local\Programs\Python\Python312\Lib\site-packages\sklearn\utils\validation.py:2749: UserWarning: X does not have valid feature names, but LinearRegression was fitted with feature names
  warnings.warn(
[07/Apr/2026 15:41:18] "GET /status/marketplaces/ HTTP/1.1" 200 645
C:\Users\acer\AppData\Local\Programs\Python\Python312\Lib\site-packages\sklearn\utils\validation.py:2749: UserWarning: X does not have valid feature names, but LinearRegression was fitted with feature names
  warnings.warn(
C:\Users\acer\AppData\Local\Programs\Python\Python312\Lib\site-packages\sklearn\utils\validation.py:2749: UserWarning: X does not have valid feature names, but LinearRegression was fitted with feature names
  warnings.warn(
[07/Apr/2026 15:41:21] "GET /status/marketplaces/ HTTP/1.1" 200 645
C:\Users\acer\AppData\Local\Programs\Python\Python312\Lib\site-packages\sklearn\utils\validation.py:2749: UserWarning: X does not have valid feature names, but LinearRegression was fitted with feature names
  warnings.warn(
C:\Users\acer\AppData\Local\Programs\Python\Python312\Lib\site-packages\sklearn\utils\validation.py:2749: UserWarning: X does not have valid feature names, but LinearRegression was fitted with feature names
  warnings.warn(
[07/Apr/2026 15:41:24] "GET /status/marketplaces/ HTTP/1.1" 200 645
C:\Users\acer\AppData\Local\Programs\Python\Python312\Lib\site-packages\sklearn\utils\validation.py:2749: UserWarning: X does not have valid feature names, but LinearRegression was fitted with feature names
  warnings.warn(
C:\Users\acer\AppData\Local\Programs\Python\Python312\Lib\site-packages\sklearn\utils\validation.py:2749: UserWarning: X does not have valid feature names, but LinearRegression was fitted with feature names
  warnings.warn(
[07/Apr/2026 15:41:27] "GET /status/marketplaces/ HTTP/1.1" 200 645
